"HealthTopic","Population","Indicator","Unit","Time","RegionCode","RegionName","NumValue","TxtValue"
"West Nile virus infection","All cases","Age standardised rate","N/100000","2008","AT","Austria",0.000000000,""
"West Nile virus infection","All cases","Age standardised rate","N/100000","2008","BE","Belgium",0.000000000,""
"West Nile virus infection","All cases","Age standardised rate","N/100000","2008","BG","Bulgaria",0.000000000,""
"West Nile virus infection","All cases","Age standardised rate","N/100000","2008","CY","Cyprus",0.000000000,""
"West Nile virus infection","All cases","Age standardised rate","N/100000","2008","CZ","Czechia",0.000000000,""
"West Nile virus infection","All cases","Age standardised rate","N/100000","2008","EE","Estonia",0.000000000,""
"West Nile virus infection","All cases","Age standardised rate","N/100000","2008","EL","Greece",0.000000000,""
"West Nile virus infection","All cases","Age standardised rate","N/100000","2008","ES","Spain",0.000000000,""
"West Nile virus infection","All cases","Age standardised rate","N/100000","2008","EU27_21","EU (without UK)",0.006921000,""
"West Nile virus infection","All cases","Age standardised rate","N/100000","2008","EU27_UK_21","EU (with UK until 2019)",0.005850000,""
"West Nile virus infection","All cases","Age standardised rate","N/100000","2008","EUEEA30_21","EU/EEA (without UK)",0.006825000,""
"West Nile virus infection","All cases","Age standardised rate","N/100000","2008","EUEEAUK_21","EU/EEA (with UK until 2019)",0.005782000,""
"West Nile virus infection","All cases","Age standardised rate","N/100000","2008","FI","Finland",0.000000000,""
"West Nile virus infection","All cases","Age standardised rate","N/100000","2008","FR","France",0.000000000,""
"West Nile virus infection","All cases","Age standardised rate","N/100000","2008","HU","Hungary",0.186440210,""
"West Nile virus infection","All cases","Age standardised rate","N/100000","2008","IE","Ireland",0.000000000,""
"West Nile virus infection","All cases","Age standardised rate","N/100000","2008","IT","Italy",0.004426250,""
"West Nile virus infection","All cases","Age standardised rate","N/100000","2008","LT","Lithuania",0.000000000,""
"West Nile virus infection","All cases","Age standardised rate","N/100000","2008","LU","Luxembourg",0.000000000,""
"West Nile virus infection","All cases","Age standardised rate","N/100000","2008","LV","Latvia",0.000000000,""
"West Nile virus infection","All cases","Age standardised rate","N/100000","2008","MT","Malta",0.000000000,""
"West Nile virus infection","All cases","Age standardised rate","N/100000","2008","NL","Netherlands",0.000000000,""
"West Nile virus infection","All cases","Age standardised rate","N/100000","2008","NO","Norway",0.000000000,""
"West Nile virus infection","All cases","Age standardised rate","N/100000","2008","PL","Poland",0.000000000,""
"West Nile virus infection","All cases","Age standardised rate","N/100000","2008","RO","Romania",0.009456780,""
"West Nile virus infection","All cases","Age standardised rate","N/100000","2008","SE","Sweden",0.000000000,""
"West Nile virus infection","All cases","Age standardised rate","N/100000","2008","SI","Slovenia",0.000000000,""
"West Nile virus infection","All cases","Age standardised rate","N/100000","2008","SK","Slovakia",0.000000000,""
"West Nile virus infection","All cases","Age standardised rate","N/100000","2008","UK","United Kingdom",0.000000000,""
"West Nile virus infection","All cases","Age standardised rate","N/100000","2009","AT","Austria",0.024210190,""
"West Nile virus infection","All cases","Age standardised rate","N/100000","2009","BE","Belgium",0.000000000,""
"West Nile virus infection","All cases","Age standardised rate","N/100000","2009","CY","Cyprus",0.000000000,""
"West Nile virus infection","All cases","Age standardised rate","N/100000","2009","CZ","Czechia",0.000000000,""
"West Nile virus infection","All cases","Age standardised rate","N/100000","2009","EE","Estonia",0.000000000,""
"West Nile virus infection","All cases","Age standardised rate","N/100000","2009","EL","Greece",0.000000000,""
"West Nile virus infection","All cases","Age standardised rate","N/100000","2009","ES","Spain",0.000000000,""
"West Nile virus infection","All cases","Age standardised rate","N/100000","2009","EU27_21","EU (without UK)",0.008289000,""
"West Nile virus infection","All cases","Age standardised rate","N/100000","2009","EU27_UK_21","EU (with UK until 2019)",0.006979000,""
"West Nile virus infection","All cases","Age standardised rate","N/100000","2009","EUEEA30_21","EU/EEA (without UK)",0.008170000,""
"West Nile virus infection","All cases","Age standardised rate","N/100000","2009","EUEEAUK_21","EU/EEA (with UK until 2019)",0.006895000,""
"West Nile virus infection","All cases","Age standardised rate","N/100000","2009","FI","Finland",0.000000000,""
"West Nile virus infection","All cases","Age standardised rate","N/100000","2009","FR","France",0.001558700,""
"West Nile virus infection","All cases","Age standardised rate","N/100000","2009","HU","Hungary",0.071356390,""
"West Nile virus infection","All cases","Age standardised rate","N/100000","2009","IE","Ireland",0.000000000,""
"West Nile virus infection","All cases","Age standardised rate","N/100000","2009","IT","Italy",0.025693660,""
"West Nile virus infection","All cases","Age standardised rate","N/100000","2009","LT","Lithuania",0.000000000,""
"West Nile virus infection","All cases","Age standardised rate","N/100000","2009","LU","Luxembourg",0.000000000,""
"West Nile virus infection","All cases","Age standardised rate","N/100000","2009","LV","Latvia",0.000000000,""
"West Nile virus infection","All cases","Age standardised rate","N/100000","2009","MT","Malta",0.000000000,""
"West Nile virus infection","All cases","Age standardised rate","N/100000","2009","NL","Netherlands",0.000000000,""
"West Nile virus infection","All cases","Age standardised rate","N/100000","2009","NO","Norway",0.000000000,""
"West Nile virus infection","All cases","Age standardised rate","N/100000","2009","PL","Poland",0.000000000,""
"West Nile virus infection","All cases","Age standardised rate","N/100000","2009","RO","Romania",0.009589780,""
"West Nile virus infection","All cases","Age standardised rate","N/100000","2009","SE","Sweden",0.000000000,""
"West Nile virus infection","All cases","Age standardised rate","N/100000","2009","SI","Slovenia",0.000000000,""
"West Nile virus infection","All cases","Age standardised rate","N/100000","2009","SK","Slovakia",0.000000000,""
"West Nile virus infection","All cases","Age standardised rate","N/100000","2009","UK","United Kingdom",0.000000000,""
"West Nile virus infection","All cases","Age standardised rate","N/100000","2010","AT","Austria",0.011229790,""
"West Nile virus infection","All cases","Age standardised rate","N/100000","2010","BE","Belgium",0.000000000,""
"West Nile virus infection","All cases","Age standardised rate","N/100000","2010","CY","Cyprus",0.000000000,""
"West Nile virus infection","All cases","Age standardised rate","N/100000","2010","CZ","Czechia",0.000000000,""
"West Nile virus infection","All cases","Age standardised rate","N/100000","2010","DK","Denmark",0.000000000,""
"West Nile virus infection","All cases","Age standardised rate","N/100000","2010","EE","Estonia",0.000000000,""
"West Nile virus infection","All cases","Age standardised rate","N/100000","2010","EL","Greece",2.150409790,""
"West Nile virus infection","All cases","Age standardised rate","N/100000","2010","ES","Spain",0.004298410,""
"West Nile virus infection","All cases","Age standardised rate","N/100000","2010","EU27_21","EU (without UK)",0.098466000,""
"West Nile virus infection","All cases","Age standardised rate","N/100000","2010","EU27_UK_21","EU (with UK until 2019)",0.083062000,""
"West Nile virus infection","All cases","Age standardised rate","N/100000","2010","EUEEA30_21","EU/EEA (without UK)",0.097067000,""
"West Nile virus infection","All cases","Age standardised rate","N/100000","2010","EUEEAUK_21","EU/EEA (with UK until 2019)",0.082064000,""
"West Nile virus infection","All cases","Age standardised rate","N/100000","2010","FI","Finland",0.000000000,""
"West Nile virus infection","All cases","Age standardised rate","N/100000","2010","FR","France",0.005031790,""
"West Nile virus infection","All cases","Age standardised rate","N/100000","2010","HU","Hungary",0.186769610,""
"West Nile virus infection","All cases","Age standardised rate","N/100000","2010","IE","Ireland",0.000000000,""
"West Nile virus infection","All cases","Age standardised rate","N/100000","2010","IL","Israel",-,""
"West Nile virus infection","All cases","Age standardised rate","N/100000","2010","IT","Italy",0.016520920,""
"West Nile virus infection","All cases","Age standardised rate","N/100000","2010","LT","Lithuania",0.000000000,""
"West Nile virus infection","All cases","Age standardised rate","N/100000","2010","LU","Luxembourg",0.000000000,""
"West Nile virus infection","All cases","Age standardised rate","N/100000","2010","LV","Latvia",0.000000000,""
"West Nile virus infection","All cases","Age standardised rate","N/100000","2010","MT","Malta",0.000000000,""
"West Nile virus infection","All cases","Age standardised rate","N/100000","2010","NL","Netherlands",0.006540820,""
"West Nile virus infection","All cases","Age standardised rate","N/100000","2010","NO","Norway",0.000000000,""
"West Nile virus infection","All cases","Age standardised rate","N/100000","2010","PL","Poland",0.000000000,""
"West Nile virus infection","All cases","Age standardised rate","N/100000","2010","RO","Romania",0.280582720,""
"West Nile virus infection","All cases","Age standardised rate","N/100000","2010","RU","Russia",-,""
"West Nile virus infection","All cases","Age standardised rate","N/100000","2010","SE","Sweden",0.000000000,""
"West Nile virus infection","All cases","Age standardised rate","N/100000","2010","SI","Slovenia",0.000000000,""
"West Nile virus infection","All cases","Age standardised rate","N/100000","2010","SK","Slovakia",0.000000000,""
"West Nile virus infection","All cases","Age standardised rate","N/100000","2010","TR","Türkiye",0.095131120,""
"West Nile virus infection","All cases","Age standardised rate","N/100000","2010","UK","United Kingdom",0.000000000,""
"West Nile virus infection","All cases","Age standardised rate","N/100000","2011","AL","Albania",-,""
"West Nile virus infection","All cases","Age standardised rate","N/100000","2011","AT","Austria",0.000000000,""
"West Nile virus infection","All cases","Age standardised rate","N/100000","2011","BE","Belgium",0.000000000,""
"West Nile virus infection","All cases","Age standardised rate","N/100000","2011","CY","Cyprus",0.000000000,""
"West Nile virus infection","All cases","Age standardised rate","N/100000","2011","CZ","Czechia",0.000000000,""
"West Nile virus infection","All cases","Age standardised rate","N/100000","2011","DK","Denmark",0.000000000,""
"West Nile virus infection","All cases","Age standardised rate","N/100000","2011","EE","Estonia",0.000000000,""
"West Nile virus infection","All cases","Age standardised rate","N/100000","2011","EL","Greece",0.831273840,""
"West Nile virus infection","All cases","Age standardised rate","N/100000","2011","ES","Spain",0.000000000,""
"West Nile virus infection","All cases","Age standardised rate","N/100000","2011","EU27_21","EU (without UK)",0.040786000,""
"West Nile virus infection","All cases","Age standardised rate","N/100000","2011","EU27_UK_21","EU (with UK until 2019)",0.034377000,""
"West Nile virus infection","All cases","Age standardised rate","N/100000","2011","EUEEA30_21","EU/EEA (without UK)",0.040200000,""
"West Nile virus infection","All cases","Age standardised rate","N/100000","2011","EUEEAUK_21","EU/EEA (with UK until 2019)",0.033960000,""
"West Nile virus infection","All cases","Age standardised rate","N/100000","2011","FI","Finland",0.000000000,""
"West Nile virus infection","All cases","Age standardised rate","N/100000","2011","FR","France",0.001521230,""
"West Nile virus infection","All cases","Age standardised rate","N/100000","2011","HU","Hungary",0.039152000,""
"West Nile virus infection","All cases","Age standardised rate","N/100000","2011","IE","Ireland",0.021649900,""
"West Nile virus infection","All cases","Age standardised rate","N/100000","2011","IL","Israel",-,""
"West Nile virus infection","All cases","Age standardised rate","N/100000","2011","IT","Italy",0.045866190,""
"West Nile virus infection","All cases","Age standardised rate","N/100000","2011","LT","Lithuania",0.000000000,""
"West Nile virus infection","All cases","Age standardised rate","N/100000","2011","LU","Luxembourg",0.000000000,""
"West Nile virus infection","All cases","Age standardised rate","N/100000","2011","LV","Latvia",0.000000000,""
"West Nile virus infection","All cases","Age standardised rate","N/100000","2011","MK","North Macedonia",-,""
"West Nile virus infection","All cases","Age standardised rate","N/100000","2011","MT","Malta",0.000000000,""
"West Nile virus infection","All cases","Age standardised rate","N/100000","2011","NL","Netherlands",0.005371910,""
"West Nile virus infection","All cases","Age standardised rate","N/100000","2011","NO","Norway",0.000000000,""
"West Nile virus infection","All cases","Age standardised rate","N/100000","2011","PL","Poland",0.000000000,""
"West Nile virus infection","All cases","Age standardised rate","N/100000","2011","RO","Romania",0.055159810,""
"West Nile virus infection","All cases","Age standardised rate","N/100000","2011","RU","Russia",-,""
"West Nile virus infection","All cases","Age standardised rate","N/100000","2011","SE","Sweden",0.000000000,""
"West Nile virus infection","All cases","Age standardised rate","N/100000","2011","SI","Slovenia",0.000000000,""
"West Nile virus infection","All cases","Age standardised rate","N/100000","2011","SK","Slovakia",0.000000000,""
"West Nile virus infection","All cases","Age standardised rate","N/100000","2011","TN","Tunisia",-,""
"West Nile virus infection","All cases","Age standardised rate","N/100000","2011","TR","Türkiye",0.008197370,""
"West Nile virus infection","All cases","Age standardised rate","N/100000","2011","UA","Ukraine",-,""
"West Nile virus infection","All cases","Age standardised rate","N/100000","2011","UK","United Kingdom",0.000000000,""
"West Nile virus infection","All cases","Age standardised rate","N/100000","2012","AL","Albania",0.000000000,""
"West Nile virus infection","All cases","Age standardised rate","N/100000","2012","AT","Austria",0.034388610,""
"West Nile virus infection","All cases","Age standardised rate","N/100000","2012","BE","Belgium",0.017038650,""
"West Nile virus infection","All cases","Age standardised rate","N/100000","2012","BG","Bulgaria",0.067619130,""
"West Nile virus infection","All cases","Age standardised rate","N/100000","2012","CY","Cyprus",0.000000000,""
"West Nile virus infection","All cases","Age standardised rate","N/100000","2012","CZ","Czechia",0.000000000,""
"West Nile virus infection","All cases","Age standardised rate","N/100000","2012","DK","Denmark",0.000000000,""
"West Nile virus infection","All cases","Age standardised rate","N/100000","2012","DZ","Algeria",-,""
"West Nile virus infection","All cases","Age standardised rate","N/100000","2012","EE","Estonia",0.000000000,""
"West Nile virus infection","All cases","Age standardised rate","N/100000","2012","EL","Greece",1.336837000,""
"West Nile virus infection","All cases","Age standardised rate","N/100000","2012","ES","Spain",0.000000000,""
"West Nile virus infection","All cases","Age standardised rate","N/100000","2012","EU27_21","EU (without UK)",0.074841000,""
"West Nile virus infection","All cases","Age standardised rate","N/100000","2012","EU27_UK_21","EU (with UK until 2019)",0.063360000,""
"West Nile virus infection","All cases","Age standardised rate","N/100000","2012","EUEEA30_21","EU/EEA (without UK)",0.073791000,""
"West Nile virus infection","All cases","Age standardised rate","N/100000","2012","EUEEAUK_21","EU/EEA (with UK until 2019)",0.062606000,""
"West Nile virus infection","All cases","Age standardised rate","N/100000","2012","FI","Finland",0.000000000,""
"West Nile virus infection","All cases","Age standardised rate","N/100000","2012","FR","France",0.004421340,""
"West Nile virus infection","All cases","Age standardised rate","N/100000","2012","HR","Croatia",0.127974160,""
"West Nile virus infection","All cases","Age standardised rate","N/100000","2012","HU","Hungary",0.166206260,""
"West Nile virus infection","All cases","Age standardised rate","N/100000","2012","IE","Ireland",0.000000000,""
"West Nile virus infection","All cases","Age standardised rate","N/100000","2012","IL","Israel",-,""
"West Nile virus infection","All cases","Age standardised rate","N/100000","2012","IT","Italy",0.105618350,""
"West Nile virus infection","All cases","Age standardised rate","N/100000","2012","LT","Lithuania",0.000000000,""
"West Nile virus infection","All cases","Age standardised rate","N/100000","2012","LU","Luxembourg",0.000000000,""
"West Nile virus infection","All cases","Age standardised rate","N/100000","2012","LV","Latvia",0.000000000,""
"West Nile virus infection","All cases","Age standardised rate","N/100000","2012","ME","Montenegro",0.148029390,""
"West Nile virus infection","All cases","Age standardised rate","N/100000","2012","MK","North Macedonia",-,""
"West Nile virus infection","All cases","Age standardised rate","N/100000","2012","MT","Malta",0.000000000,""
"West Nile virus infection","All cases","Age standardised rate","N/100000","2012","NL","Netherlands",0.000000000,""
"West Nile virus infection","All cases","Age standardised rate","N/100000","2012","NO","Norway",0.000000000,""
"West Nile virus infection","All cases","Age standardised rate","N/100000","2012","PL","Poland",0.000000000,""
"West Nile virus infection","All cases","Age standardised rate","N/100000","2012","PS","Palestine",-,""
"West Nile virus infection","All cases","Age standardised rate","N/100000","2012","RO","Romania",0.074469790,""
"West Nile virus infection","All cases","Age standardised rate","N/100000","2012","RS","Serbia",-,""
"West Nile virus infection","All cases","Age standardised rate","N/100000","2012","RU","Russia",-,""
"West Nile virus infection","All cases","Age standardised rate","N/100000","2012","SE","Sweden",0.010412830,""
"West Nile virus infection","All cases","Age standardised rate","N/100000","2012","SI","Slovenia",0.000000000,""
"West Nile virus infection","All cases","Age standardised rate","N/100000","2012","SK","Slovakia",0.000000000,""
"West Nile virus infection","All cases","Age standardised rate","N/100000","2012","TN","Tunisia",-,""
"West Nile virus infection","All cases","Age standardised rate","N/100000","2012","UA","Ukraine",-,""
"West Nile virus infection","All cases","Age standardised rate","N/100000","2012","UK","United Kingdom",0.000000000,""
"West Nile virus infection","All cases","Age standardised rate","N/100000","2012","XK","Kosovo",-,""
"West Nile virus infection","All cases","Age standardised rate","N/100000","2013","AL","Albania",0.000000000,""
"West Nile virus infection","All cases","Age standardised rate","N/100000","2013","AT","Austria",0.000000000,""
"West Nile virus infection","All cases","Age standardised rate","N/100000","2013","BA","Bosnia and Herzegovina",-,""
"West Nile virus infection","All cases","Age standardised rate","N/100000","2013","BE","Belgium",0.000000000,""
"West Nile virus infection","All cases","Age standardised rate","N/100000","2013","BG","Bulgaria",0.000000000,""
"West Nile virus infection","All cases","Age standardised rate","N/100000","2013","CY","Cyprus",0.000000000,""
"West Nile virus infection","All cases","Age standardised rate","N/100000","2013","CZ","Czechia",0.009129670,""
"West Nile virus infection","All cases","Age standardised rate","N/100000","2013","DK","Denmark",0.000000000,""
"West Nile virus infection","All cases","Age standardised rate","N/100000","2013","EE","Estonia",0.000000000,""
"West Nile virus infection","All cases","Age standardised rate","N/100000","2013","EL","Greece",0.698443850,""
"West Nile virus infection","All cases","Age standardised rate","N/100000","2013","ES","Spain",0.000000000,""
"West Nile virus infection","All cases","Age standardised rate","N/100000","2013","EU27_21","EU (without UK)",0.084189000,""
"West Nile virus infection","All cases","Age standardised rate","N/100000","2013","EU27_UK_21","EU (with UK until 2019)",0.071213000,""
"West Nile virus infection","All cases","Age standardised rate","N/100000","2013","EUEEA30_21","EU/EEA (without UK)",0.082993000,""
"West Nile virus infection","All cases","Age standardised rate","N/100000","2013","EUEEAUK_21","EU/EEA (with UK until 2019)",0.070355000,""
"West Nile virus infection","All cases","Age standardised rate","N/100000","2013","FI","Finland",0.000000000,""
"West Nile virus infection","All cases","Age standardised rate","N/100000","2013","FR","France",0.001435710,""
"West Nile virus infection","All cases","Age standardised rate","N/100000","2013","HR","Croatia",0.442258450,""
"West Nile virus infection","All cases","Age standardised rate","N/100000","2013","HU","Hungary",0.359037250,""
"West Nile virus infection","All cases","Age standardised rate","N/100000","2013","IE","Ireland",0.029332690,""
"West Nile virus infection","All cases","Age standardised rate","N/100000","2013","IL","Israel",-,""
"West Nile virus infection","All cases","Age standardised rate","N/100000","2013","IT","Italy",0.224063200,""
"West Nile virus infection","All cases","Age standardised rate","N/100000","2013","LT","Lithuania",0.000000000,""
"West Nile virus infection","All cases","Age standardised rate","N/100000","2013","LU","Luxembourg",0.000000000,""
"West Nile virus infection","All cases","Age standardised rate","N/100000","2013","LV","Latvia",0.000000000,""
"West Nile virus infection","All cases","Age standardised rate","N/100000","2013","ME","Montenegro",0.655292030,""
"West Nile virus infection","All cases","Age standardised rate","N/100000","2013","MK","North Macedonia",-,""
"West Nile virus infection","All cases","Age standardised rate","N/100000","2013","MT","Malta",0.000000000,""
"West Nile virus infection","All cases","Age standardised rate","N/100000","2013","NL","Netherlands",0.000000000,""
"West Nile virus infection","All cases","Age standardised rate","N/100000","2013","NO","Norway",0.000000000,""
"West Nile virus infection","All cases","Age standardised rate","N/100000","2013","PL","Poland",0.000000000,""
"West Nile virus infection","All cases","Age standardised rate","N/100000","2013","RO","Romania",0.119634250,""
"West Nile virus infection","All cases","Age standardised rate","N/100000","2013","RS","Serbia",-,""
"West Nile virus infection","All cases","Age standardised rate","N/100000","2013","RU","Russia",-,""
"West Nile virus infection","All cases","Age standardised rate","N/100000","2013","SE","Sweden",0.009049910,""
"West Nile virus infection","All cases","Age standardised rate","N/100000","2013","SI","Slovenia",0.046985780,""
"West Nile virus infection","All cases","Age standardised rate","N/100000","2013","SK","Slovakia",0.000000000,""
"West Nile virus infection","All cases","Age standardised rate","N/100000","2013","TN","Tunisia",-,""
"West Nile virus infection","All cases","Age standardised rate","N/100000","2013","UA","Ukraine",-,""
"West Nile virus infection","All cases","Age standardised rate","N/100000","2013","UK","United Kingdom",0.000000000,""
"West Nile virus infection","All cases","Age standardised rate","N/100000","2013","XK","Kosovo",-,""
"West Nile virus infection","All cases","Age standardised rate","N/100000","2014","AL","Albania",0.000000000,""
"West Nile virus infection","All cases","Age standardised rate","N/100000","2014","AT","Austria",0.023331370,""
"West Nile virus infection","All cases","Age standardised rate","N/100000","2014","BA","Bosnia and Herzegovina",-,""
"West Nile virus infection","All cases","Age standardised rate","N/100000","2014","BE","Belgium",0.000000000,""
"West Nile virus infection","All cases","Age standardised rate","N/100000","2014","BG","Bulgaria",0.000000000,""
"West Nile virus infection","All cases","Age standardised rate","N/100000","2014","CY","Cyprus",0.000000000,""
"West Nile virus infection","All cases","Age standardised rate","N/100000","2014","CZ","Czechia",0.000000000,""
"West Nile virus infection","All cases","Age standardised rate","N/100000","2014","DK","Denmark",0.000000000,""
"West Nile virus infection","All cases","Age standardised rate","N/100000","2014","EE","Estonia",0.000000000,""
"West Nile virus infection","All cases","Age standardised rate","N/100000","2014","EL","Greece",0.115723520,""
"West Nile virus infection","All cases","Age standardised rate","N/100000","2014","ES","Spain",0.000000000,""
"West Nile virus infection","All cases","Age standardised rate","N/100000","2014","EU27_21","EU (without UK)",0.019643000,""
"West Nile virus infection","All cases","Age standardised rate","N/100000","2014","EU27_UK_21","EU (with UK until 2019)",0.017055000,""
"West Nile virus infection","All cases","Age standardised rate","N/100000","2014","EUEEA30_21","EU/EEA (without UK)",0.019361000,""
"West Nile virus infection","All cases","Age standardised rate","N/100000","2014","EUEEAUK_21","EU/EEA (with UK until 2019)",0.016848000,""
"West Nile virus infection","All cases","Age standardised rate","N/100000","2014","FI","Finland",0.000000000,""
"West Nile virus infection","All cases","Age standardised rate","N/100000","2014","FR","France",0.000000000,""
"West Nile virus infection","All cases","Age standardised rate","N/100000","2014","HR","Croatia",0.020870000,""
"West Nile virus infection","All cases","Age standardised rate","N/100000","2014","HU","Hungary",0.098422730,""
"West Nile virus infection","All cases","Age standardised rate","N/100000","2014","IE","Ireland",0.000000000,""
"West Nile virus infection","All cases","Age standardised rate","N/100000","2014","IL","Israel",-,""
"West Nile virus infection","All cases","Age standardised rate","N/100000","2014","IT","Italy",0.032748030,""
"West Nile virus infection","All cases","Age standardised rate","N/100000","2014","LT","Lithuania",0.000000000,""
"West Nile virus infection","All cases","Age standardised rate","N/100000","2014","LU","Luxembourg",0.000000000,""
"West Nile virus infection","All cases","Age standardised rate","N/100000","2014","LV","Latvia",0.000000000,""
"West Nile virus infection","All cases","Age standardised rate","N/100000","2014","ME","Montenegro",0.000000000,""
"West Nile virus infection","All cases","Age standardised rate","N/100000","2014","MK","North Macedonia",0.000000000,""
"West Nile virus infection","All cases","Age standardised rate","N/100000","2014","MT","Malta",0.000000000,""
"West Nile virus infection","All cases","Age standardised rate","N/100000","2014","NL","Netherlands",0.000000000,""
"West Nile virus infection","All cases","Age standardised rate","N/100000","2014","NO","Norway",0.000000000,""
"West Nile virus infection","All cases","Age standardised rate","N/100000","2014","PL","Poland",0.000000000,""
"West Nile virus infection","All cases","Age standardised rate","N/100000","2014","RO","Romania",0.120278870,""
"West Nile virus infection","All cases","Age standardised rate","N/100000","2014","RS","Serbia",0.991338220,""
"West Nile virus infection","All cases","Age standardised rate","N/100000","2014","RU","Russia",-,""
"West Nile virus infection","All cases","Age standardised rate","N/100000","2014","SE","Sweden",0.000000000,""
"West Nile virus infection","All cases","Age standardised rate","N/100000","2014","SI","Slovenia",0.000000000,""
"West Nile virus infection","All cases","Age standardised rate","N/100000","2014","SK","Slovakia",0.000000000,""
"West Nile virus infection","All cases","Age standardised rate","N/100000","2014","UK","United Kingdom",0.002936430,""
"West Nile virus infection","All cases","Age standardised rate","N/100000","2014","XK","Kosovo",-,""
"West Nile virus infection","All cases","Age standardised rate","N/100000","2015","AL","Albania",0.000000000,""
"West Nile virus infection","All cases","Age standardised rate","N/100000","2015","AT","Austria",0.074438940,""
"West Nile virus infection","All cases","Age standardised rate","N/100000","2015","BE","Belgium",0.000000000,""
"West Nile virus infection","All cases","Age standardised rate","N/100000","2015","BG","Bulgaria",0.028523340,""
"West Nile virus infection","All cases","Age standardised rate","N/100000","2015","CY","Cyprus",0.000000000,""
"West Nile virus infection","All cases","Age standardised rate","N/100000","2015","CZ","Czechia",0.000000000,""
"West Nile virus infection","All cases","Age standardised rate","N/100000","2015","DK","Denmark",0.000000000,""
"West Nile virus infection","All cases","Age standardised rate","N/100000","2015","EE","Estonia",0.000000000,""
"West Nile virus infection","All cases","Age standardised rate","N/100000","2015","EL","Greece",0.000000000,""
"West Nile virus infection","All cases","Age standardised rate","N/100000","2015","ES","Spain",0.000000000,""
"West Nile virus infection","All cases","Age standardised rate","N/100000","2015","EU27_21","EU (without UK)",0.032337000,""
"West Nile virus infection","All cases","Age standardised rate","N/100000","2015","EU27_UK_21","EU (with UK until 2019)",0.027421000,""
"West Nile virus infection","All cases","Age standardised rate","N/100000","2015","EUEEA30_21","EU/EEA (without UK)",0.031882000,""
"West Nile virus infection","All cases","Age standardised rate","N/100000","2015","EUEEAUK_21","EU/EEA (with UK until 2019)",0.027093000,""
"West Nile virus infection","All cases","Age standardised rate","N/100000","2015","FI","Finland",0.000000000,""
"West Nile virus infection","All cases","Age standardised rate","N/100000","2015","FR","France",0.001456530,""
"West Nile virus infection","All cases","Age standardised rate","N/100000","2015","HR","Croatia",0.020876670,""
"West Nile virus infection","All cases","Age standardised rate","N/100000","2015","HU","Hungary",0.214712780,""
"West Nile virus infection","All cases","Age standardised rate","N/100000","2015","IE","Ireland",0.000000000,""
"West Nile virus infection","All cases","Age standardised rate","N/100000","2015","IL","Israel",-,""
"West Nile virus infection","All cases","Age standardised rate","N/100000","2015","IT","Italy",0.087731100,""
"West Nile virus infection","All cases","Age standardised rate","N/100000","2015","LT","Lithuania",0.000000000,""
"West Nile virus infection","All cases","Age standardised rate","N/100000","2015","LU","Luxembourg",0.000000000,""
"West Nile virus infection","All cases","Age standardised rate","N/100000","2015","LV","Latvia",0.000000000,""
"West Nile virus infection","All cases","Age standardised rate","N/100000","2015","ME","Montenegro",0.000000000,""
"West Nile virus infection","All cases","Age standardised rate","N/100000","2015","MK","North Macedonia",0.000000000,""
"West Nile virus infection","All cases","Age standardised rate","N/100000","2015","MT","Malta",0.000000000,""
"West Nile virus infection","All cases","Age standardised rate","N/100000","2015","NL","Netherlands",0.000000000,""
"West Nile virus infection","All cases","Age standardised rate","N/100000","2015","NO","Norway",0.000000000,""
"West Nile virus infection","All cases","Age standardised rate","N/100000","2015","PL","Poland",0.000000000,""
"West Nile virus infection","All cases","Age standardised rate","N/100000","2015","PT","Portugal",0.007784570,""
"West Nile virus infection","All cases","Age standardised rate","N/100000","2015","RO","Romania",0.160816610,""
"West Nile virus infection","All cases","Age standardised rate","N/100000","2015","RS","Serbia",0.352918470,""
"West Nile virus infection","All cases","Age standardised rate","N/100000","2015","RU","Russia",-,""
"West Nile virus infection","All cases","Age standardised rate","N/100000","2015","SE","Sweden",0.000000000,""
"West Nile virus infection","All cases","Age standardised rate","N/100000","2015","SI","Slovenia",0.000000000,""
"West Nile virus infection","All cases","Age standardised rate","N/100000","2015","SK","Slovakia",0.000000000,""
"West Nile virus infection","All cases","Age standardised rate","N/100000","2015","UK","United Kingdom",0.000000000,""
"West Nile virus infection","All cases","Age standardised rate","N/100000","2015","XK","Kosovo",-,""
"West Nile virus infection","All cases","Age standardised rate","N/100000","2016","AL","Albania",0.000000000,""
"West Nile virus infection","All cases","Age standardised rate","N/100000","2016","AT","Austria",0.055738950,""
"West Nile virus infection","All cases","Age standardised rate","N/100000","2016","BE","Belgium",0.000000000,""
"West Nile virus infection","All cases","Age standardised rate","N/100000","2016","BG","Bulgaria",0.024133880,""
"West Nile virus infection","All cases","Age standardised rate","N/100000","2016","CY","Cyprus",0.127988260,""
"West Nile virus infection","All cases","Age standardised rate","N/100000","2016","CZ","Czechia",0.000000000,""
"West Nile virus infection","All cases","Age standardised rate","N/100000","2016","DK","Denmark",0.000000000,""
"West Nile virus infection","All cases","Age standardised rate","N/100000","2016","EE","Estonia",0.000000000,""
"West Nile virus infection","All cases","Age standardised rate","N/100000","2016","EG","Egypt",0.001609380,""
"West Nile virus infection","All cases","Age standardised rate","N/100000","2016","EL","Greece",0.000000000,""
"West Nile virus infection","All cases","Age standardised rate","N/100000","2016","ES","Spain",0.008089390,""
"West Nile virus infection","All cases","Age standardised rate","N/100000","2016","EU27_21","EU (without UK)",0.061582000,""
"West Nile virus infection","All cases","Age standardised rate","N/100000","2016","EU27_UK_21","EU (with UK until 2019)",0.052157000,""
"West Nile virus infection","All cases","Age standardised rate","N/100000","2016","EUEEA30_21","EU/EEA (without UK)",0.060707000,""
"West Nile virus infection","All cases","Age standardised rate","N/100000","2016","EUEEAUK_21","EU/EEA (with UK until 2019)",0.051528000,""
"West Nile virus infection","All cases","Age standardised rate","N/100000","2016","FI","Finland",0.000000000,""
"West Nile virus infection","All cases","Age standardised rate","N/100000","2016","FR","France",0.004227840,""
"West Nile virus infection","All cases","Age standardised rate","N/100000","2016","HR","Croatia",0.042009970,""
"West Nile virus infection","All cases","Age standardised rate","N/100000","2016","HU","Hungary",0.459155070,""
"West Nile virus infection","All cases","Age standardised rate","N/100000","2016","IE","Ireland",0.000000000,""
"West Nile virus infection","All cases","Age standardised rate","N/100000","2016","IL","Israel",-,""
"West Nile virus infection","All cases","Age standardised rate","N/100000","2016","IT","Italy",0.118547910,""
"West Nile virus infection","All cases","Age standardised rate","N/100000","2016","LT","Lithuania",0.000000000,""
"West Nile virus infection","All cases","Age standardised rate","N/100000","2016","LU","Luxembourg",0.000000000,""
"West Nile virus infection","All cases","Age standardised rate","N/100000","2016","LV","Latvia",0.000000000,""
"West Nile virus infection","All cases","Age standardised rate","N/100000","2016","ME","Montenegro",0.000000000,""
"West Nile virus infection","All cases","Age standardised rate","N/100000","2016","MK","North Macedonia",0.000000000,""
"West Nile virus infection","All cases","Age standardised rate","N/100000","2016","MT","Malta",0.000000000,""
"West Nile virus infection","All cases","Age standardised rate","N/100000","2016","NL","Netherlands",0.005256300,""
"West Nile virus infection","All cases","Age standardised rate","N/100000","2016","NO","Norway",0.000000000,""
"West Nile virus infection","All cases","Age standardised rate","N/100000","2016","PL","Poland",0.000000000,""
"West Nile virus infection","All cases","Age standardised rate","N/100000","2016","PT","Portugal",0.000000000,""
"West Nile virus infection","All cases","Age standardised rate","N/100000","2016","RO","Romania",0.454261170,""
"West Nile virus infection","All cases","Age standardised rate","N/100000","2016","RS","Serbia",0.558328720,""
"West Nile virus infection","All cases","Age standardised rate","N/100000","2016","RU","Russia",-,""
"West Nile virus infection","All cases","Age standardised rate","N/100000","2016","SE","Sweden",0.000000000,""
"West Nile virus infection","All cases","Age standardised rate","N/100000","2016","SI","Slovenia",0.000000000,""
"West Nile virus infection","All cases","Age standardised rate","N/100000","2016","SK","Slovakia",0.000000000,""
"West Nile virus infection","All cases","Age standardised rate","N/100000","2016","TR","Türkiye",0.002559840,""
"West Nile virus infection","All cases","Age standardised rate","N/100000","2016","UK","United Kingdom",0.000000000,""
"West Nile virus infection","All cases","Age standardised rate","N/100000","2016","XK","Kosovo",0.000000000,""
"West Nile virus infection","All cases","Age standardised rate","N/100000","2017","AL","Albania",0.000000000,""
"West Nile virus infection","All cases","Age standardised rate","N/100000","2017","AT","Austria",0.072514570,""
"West Nile virus infection","All cases","Age standardised rate","N/100000","2017","BE","Belgium",0.017822780,""
"West Nile virus infection","All cases","Age standardised rate","N/100000","2017","BG","Bulgaria",0.012930930,""
"West Nile virus infection","All cases","Age standardised rate","N/100000","2017","CY","Cyprus",0.000000000,""
"West Nile virus infection","All cases","Age standardised rate","N/100000","2017","CZ","Czechia",0.000000000,""
"West Nile virus infection","All cases","Age standardised rate","N/100000","2017","DK","Denmark",0.000000000,""
"West Nile virus infection","All cases","Age standardised rate","N/100000","2017","EE","Estonia",0.000000000,""
"West Nile virus infection","All cases","Age standardised rate","N/100000","2017","EL","Greece",0.400558310,""
"West Nile virus infection","All cases","Age standardised rate","N/100000","2017","ES","Spain",0.000000000,""
"West Nile virus infection","All cases","Age standardised rate","N/100000","2017","EU27_21","EU (without UK)",0.052214000,""
"West Nile virus infection","All cases","Age standardised rate","N/100000","2017","EU27_UK_21","EU (with UK until 2019)",0.044395000,""
"West Nile virus infection","All cases","Age standardised rate","N/100000","2017","EUEEA30_21","EU/EEA (without UK)",0.051420000,""
"West Nile virus infection","All cases","Age standardised rate","N/100000","2017","EUEEAUK_21","EU/EEA (with UK until 2019)",0.043822000,""
"West Nile virus infection","All cases","Age standardised rate","N/100000","2017","FI","Finland",0.000000000,""
"West Nile virus infection","All cases","Age standardised rate","N/100000","2017","FR","France",0.002735890,""
"West Nile virus infection","All cases","Age standardised rate","N/100000","2017","HR","Croatia",0.103168610,""
"West Nile virus infection","All cases","Age standardised rate","N/100000","2017","HU","Hungary",0.222208570,""
"West Nile virus infection","All cases","Age standardised rate","N/100000","2017","IE","Ireland",0.000000000,""
"West Nile virus infection","All cases","Age standardised rate","N/100000","2017","IL","Israel",-,""
"West Nile virus infection","All cases","Age standardised rate","N/100000","2017","IS","Iceland",0.000000000,""
"West Nile virus infection","All cases","Age standardised rate","N/100000","2017","IT","Italy",0.075505860,""
"West Nile virus infection","All cases","Age standardised rate","N/100000","2017","LT","Lithuania",0.000000000,""
"West Nile virus infection","All cases","Age standardised rate","N/100000","2017","LU","Luxembourg",0.000000000,""
"West Nile virus infection","All cases","Age standardised rate","N/100000","2017","LV","Latvia",0.000000000,""
"West Nile virus infection","All cases","Age standardised rate","N/100000","2017","ME","Montenegro",0.000000000,""
"West Nile virus infection","All cases","Age standardised rate","N/100000","2017","MK","North Macedonia",0.000000000,""
"West Nile virus infection","All cases","Age standardised rate","N/100000","2017","MT","Malta",0.000000000,""
"West Nile virus infection","All cases","Age standardised rate","N/100000","2017","NL","Netherlands",0.000000000,""
"West Nile virus infection","All cases","Age standardised rate","N/100000","2017","NO","Norway",0.000000000,""
"West Nile virus infection","All cases","Age standardised rate","N/100000","2017","PL","Poland",0.000000000,""
"West Nile virus infection","All cases","Age standardised rate","N/100000","2017","PT","Portugal",0.000000000,""
"West Nile virus infection","All cases","Age standardised rate","N/100000","2017","RO","Romania",0.319626900,""
"West Nile virus infection","All cases","Age standardised rate","N/100000","2017","RS","Serbia",0.628868130,""
"West Nile virus infection","All cases","Age standardised rate","N/100000","2017","SE","Sweden",0.000000000,""
"West Nile virus infection","All cases","Age standardised rate","N/100000","2017","SI","Slovenia",0.042188760,""
"West Nile virus infection","All cases","Age standardised rate","N/100000","2017","SK","Slovakia",0.000000000,""
"West Nile virus infection","All cases","Age standardised rate","N/100000","2017","TR","Türkiye",0.008481780,""
"West Nile virus infection","All cases","Age standardised rate","N/100000","2017","UK","United Kingdom",0.001390200,""
"West Nile virus infection","All cases","Age standardised rate","N/100000","2017","XK","Kosovo",0.106350420,""
"West Nile virus infection","All cases","Age standardised rate","N/100000","2018","AL","Albania",0.042515960,""
"West Nile virus infection","All cases","Age standardised rate","N/100000","2018","AT","Austria",0.283718930,""
"West Nile virus infection","All cases","Age standardised rate","N/100000","2018","BE","Belgium",0.015531190,""
"West Nile virus infection","All cases","Age standardised rate","N/100000","2018","BG","Bulgaria",0.174723330,""
"West Nile virus infection","All cases","Age standardised rate","N/100000","2018","CY","Cyprus",0.114422720,""
"West Nile virus infection","All cases","Age standardised rate","N/100000","2018","CZ","Czechia",0.059840780,""
"West Nile virus infection","All cases","Age standardised rate","N/100000","2018","DE","Germany",0.012585830,""
"West Nile virus infection","All cases","Age standardised rate","N/100000","2018","DK","Denmark",0.000000000,""
"West Nile virus infection","All cases","Age standardised rate","N/100000","2018","EE","Estonia",0.000000000,""
"West Nile virus infection","All cases","Age standardised rate","N/100000","2018","EL","Greece",2.463550630,""
"West Nile virus infection","All cases","Age standardised rate","N/100000","2018","ES","Spain",0.001898630,""
"West Nile virus infection","All cases","Age standardised rate","N/100000","2018","EU27_21","EU (without UK)",0.319816000,""
"West Nile virus infection","All cases","Age standardised rate","N/100000","2018","EU27_UK_21","EU (with UK until 2019)",0.278975000,""
"West Nile virus infection","All cases","Age standardised rate","N/100000","2018","EUEEA30_21","EU/EEA (without UK)",0.315814000,""
"West Nile virus infection","All cases","Age standardised rate","N/100000","2018","EUEEAUK_21","EU/EEA (with UK until 2019)",0.275931000,""
"West Nile virus infection","All cases","Age standardised rate","N/100000","2018","FI","Finland",0.000000000,""
"West Nile virus infection","All cases","Age standardised rate","N/100000","2018","FR","France",0.044713200,""
"West Nile virus infection","All cases","Age standardised rate","N/100000","2018","HR","Croatia",1.376991410,""
"West Nile virus infection","All cases","Age standardised rate","N/100000","2018","HU","Hungary",2.164148940,""
"West Nile virus infection","All cases","Age standardised rate","N/100000","2018","IE","Ireland",0.000000000,""
"West Nile virus infection","All cases","Age standardised rate","N/100000","2018","IL","Israel",-,""
"West Nile virus infection","All cases","Age standardised rate","N/100000","2018","IS","Iceland",0.000000000,""
"West Nile virus infection","All cases","Age standardised rate","N/100000","2018","IT","Italy",0.884851030,""
"West Nile virus infection","All cases","Age standardised rate","N/100000","2018","LT","Lithuania",0.000000000,""
"West Nile virus infection","All cases","Age standardised rate","N/100000","2018","LU","Luxembourg",0.000000000,""
"West Nile virus infection","All cases","Age standardised rate","N/100000","2018","LV","Latvia",0.000000000,""
"West Nile virus infection","All cases","Age standardised rate","N/100000","2018","ME","Montenegro",0.000000000,""
"West Nile virus infection","All cases","Age standardised rate","N/100000","2018","MK","North Macedonia",0.000000000,""
"West Nile virus infection","All cases","Age standardised rate","N/100000","2018","MT","Malta",0.000000000,""
"West Nile virus infection","All cases","Age standardised rate","N/100000","2018","NL","Netherlands",0.010311980,""
"West Nile virus infection","All cases","Age standardised rate","N/100000","2018","NO","Norway",0.000000000,""
"West Nile virus infection","All cases","Age standardised rate","N/100000","2018","PL","Poland",0.000000000,""
"West Nile virus infection","All cases","Age standardised rate","N/100000","2018","PT","Portugal",0.000000000,""
"West Nile virus infection","All cases","Age standardised rate","N/100000","2018","RO","Romania",1.325260450,""
"West Nile virus infection","All cases","Age standardised rate","N/100000","2018","RS","Serbia",5.231972410,""
"West Nile virus infection","All cases","Age standardised rate","N/100000","2018","SE","Sweden",0.104392870,""
"West Nile virus infection","All cases","Age standardised rate","N/100000","2018","SI","Slovenia",0.208270790,""
"West Nile virus infection","All cases","Age standardised rate","N/100000","2018","SK","Slovakia",0.017128740,""
"West Nile virus infection","All cases","Age standardised rate","N/100000","2018","TR","Türkiye",0.039100200,""
"West Nile virus infection","All cases","Age standardised rate","N/100000","2018","UK","United Kingdom",0.004558170,""
"West Nile virus infection","All cases","Age standardised rate","N/100000","2018","XK","Kosovo",1.336745100,""
"West Nile virus infection","All cases","Age standardised rate","N/100000","2019","AL","Albania",0.000000000,""
"West Nile virus infection","All cases","Age standardised rate","N/100000","2019","AT","Austria",0.044396250,""
"West Nile virus infection","All cases","Age standardised rate","N/100000","2019","BE","Belgium",0.008171550,""
"West Nile virus infection","All cases","Age standardised rate","N/100000","2019","BG","Bulgaria",0.097452900,""
"West Nile virus infection","All cases","Age standardised rate","N/100000","2019","CY","Cyprus",2.745882250,""
"West Nile virus infection","All cases","Age standardised rate","N/100000","2019","CZ","Czechia",0.018079500,""
"West Nile virus infection","All cases","Age standardised rate","N/100000","2019","DE","Germany",0.013944800,""
"West Nile virus infection","All cases","Age standardised rate","N/100000","2019","DK","Denmark",0.000000000,""
"West Nile virus infection","All cases","Age standardised rate","N/100000","2019","EE","Estonia",0.000000000,""
"West Nile virus infection","All cases","Age standardised rate","N/100000","2019","EL","Greece",1.758737440,""
"West Nile virus infection","All cases","Age standardised rate","N/100000","2019","ES","Spain",0.000000000,""
"West Nile virus infection","All cases","Age standardised rate","N/100000","2019","EU27_21","EU (without UK)",0.086959000,""
"West Nile virus infection","All cases","Age standardised rate","N/100000","2019","EU27_UK_21","EU (with UK until 2019)",0.075876000,""
"West Nile virus infection","All cases","Age standardised rate","N/100000","2019","EUEEA30_21","EU/EEA (without UK)",0.085865000,""
"West Nile virus infection","All cases","Age standardised rate","N/100000","2019","EUEEAUK_21","EU/EEA (with UK until 2019)",0.075044000,""
"West Nile virus infection","All cases","Age standardised rate","N/100000","2019","FI","Finland",0.000000000,""
"West Nile virus infection","All cases","Age standardised rate","N/100000","2019","FR","France",0.005709860,""
"West Nile virus infection","All cases","Age standardised rate","N/100000","2019","HR","Croatia",0.000000000,""
"West Nile virus infection","All cases","Age standardised rate","N/100000","2019","HU","Hungary",0.360800620,""
"West Nile virus infection","All cases","Age standardised rate","N/100000","2019","IE","Ireland",0.000000000,""
"West Nile virus infection","All cases","Age standardised rate","N/100000","2019","IL","Israel",-,""
"West Nile virus infection","All cases","Age standardised rate","N/100000","2019","IS","Iceland",0.000000000,""
"West Nile virus infection","All cases","Age standardised rate","N/100000","2019","IT","Italy",0.078579790,""
"West Nile virus infection","All cases","Age standardised rate","N/100000","2019","LT","Lithuania",0.000000000,""
"West Nile virus infection","All cases","Age standardised rate","N/100000","2019","LU","Luxembourg",0.000000000,""
"West Nile virus infection","All cases","Age standardised rate","N/100000","2019","LV","Latvia",0.000000000,""
"West Nile virus infection","All cases","Age standardised rate","N/100000","2019","ME","Montenegro",0.000000000,""
"West Nile virus infection","All cases","Age standardised rate","N/100000","2019","MK","North Macedonia",0.317534560,""
"West Nile virus infection","All cases","Age standardised rate","N/100000","2019","MT","Malta",0.000000000,""
"West Nile virus infection","All cases","Age standardised rate","N/100000","2019","NL","Netherlands",0.000000000,""
"West Nile virus infection","All cases","Age standardised rate","N/100000","2019","NO","Norway",0.000000000,""
"West Nile virus infection","All cases","Age standardised rate","N/100000","2019","PL","Poland",0.000000000,""
"West Nile virus infection","All cases","Age standardised rate","N/100000","2019","PT","Portugal",0.000000000,""
"West Nile virus infection","All cases","Age standardised rate","N/100000","2019","RO","Romania",0.321037790,""
"West Nile virus infection","All cases","Age standardised rate","N/100000","2019","RS","Serbia",0.347758860,""
"West Nile virus infection","All cases","Age standardised rate","N/100000","2019","SE","Sweden",0.009104050,""
"West Nile virus infection","All cases","Age standardised rate","N/100000","2019","SI","Slovenia",0.000000000,""
"West Nile virus infection","All cases","Age standardised rate","N/100000","2019","SK","Slovakia",0.017268220,""
"West Nile virus infection","All cases","Age standardised rate","N/100000","2019","TR","Türkiye",0.015068790,""
"West Nile virus infection","All cases","Age standardised rate","N/100000","2019","UK","United Kingdom",0.001682020,""
"West Nile virus infection","All cases","Age standardised rate","N/100000","2019","XK","Kosovo",0.000000000,""
"West Nile virus infection","All cases","Age standardised rate","N/100000","2020","AL","Albania",0.000000000,""
"West Nile virus infection","All cases","Age standardised rate","N/100000","2020","AT","Austria",0.000000000,""
"West Nile virus infection","All cases","Age standardised rate","N/100000","2020","BE","Belgium",0.000000000,""
"West Nile virus infection","All cases","Age standardised rate","N/100000","2020","BG","Bulgaria",0.011000360,""
"West Nile virus infection","All cases","Age standardised rate","N/100000","2020","CY","Cyprus",0.000000000,""
"West Nile virus infection","All cases","Age standardised rate","N/100000","2020","CZ","Czechia",0.000000000,""
"West Nile virus infection","All cases","Age standardised rate","N/100000","2020","DE","Germany",0.027078620,""
"West Nile virus infection","All cases","Age standardised rate","N/100000","2020","DK","Denmark",0.000000000,""
"West Nile virus infection","All cases","Age standardised rate","N/100000","2020","EE","Estonia",0.000000000,""
"West Nile virus infection","All cases","Age standardised rate","N/100000","2020","EL","Greece",1.094099370,""
"West Nile virus infection","All cases","Age standardised rate","N/100000","2020","ES","Spain",0.149405360,""
"West Nile virus infection","All cases","Age standardised rate","N/100000","2020","EU27_21","EU (without UK)",0.063973000,""
"West Nile virus infection","All cases","Age standardised rate","N/100000","2020","EU27_UK_21","EU (with UK until 2019)",0.063973000,""
"West Nile virus infection","All cases","Age standardised rate","N/100000","2020","EUEEA30_21","EU/EEA (without UK)",0.063163000,""
"West Nile virus infection","All cases","Age standardised rate","N/100000","2020","EUEEAUK_21","EU/EEA (with UK until 2019)",0.063163000,""
"West Nile virus infection","All cases","Age standardised rate","N/100000","2020","FI","Finland",0.000000000,""
"West Nile virus infection","All cases","Age standardised rate","N/100000","2020","FR","France",0.000000000,""
"West Nile virus infection","All cases","Age standardised rate","N/100000","2020","HR","Croatia",0.000000000,""
"West Nile virus infection","All cases","Age standardised rate","N/100000","2020","HU","Hungary",0.029841840,""
"West Nile virus infection","All cases","Age standardised rate","N/100000","2020","IE","Ireland",0.000000000,""
"West Nile virus infection","All cases","Age standardised rate","N/100000","2020","IL","Israel",-,""
"West Nile virus infection","All cases","Age standardised rate","N/100000","2020","IS","Iceland",0.000000000,""
"West Nile virus infection","All cases","Age standardised rate","N/100000","2020","IT","Italy",0.096885690,""
"West Nile virus infection","All cases","Age standardised rate","N/100000","2020","LT","Lithuania",0.000000000,""
"West Nile virus infection","All cases","Age standardised rate","N/100000","2020","LU","Luxembourg",0.000000000,""
"West Nile virus infection","All cases","Age standardised rate","N/100000","2020","LV","Latvia",0.000000000,""
"West Nile virus infection","All cases","Age standardised rate","N/100000","2020","MK","North Macedonia",0.000000000,""
"West Nile virus infection","All cases","Age standardised rate","N/100000","2020","MT","Malta",0.000000000,""
"West Nile virus infection","All cases","Age standardised rate","N/100000","2020","NL","Netherlands",0.046164180,""
"West Nile virus infection","All cases","Age standardised rate","N/100000","2020","NO","Norway",0.000000000,""
"West Nile virus infection","All cases","Age standardised rate","N/100000","2020","PL","Poland",0.000000000,""
"West Nile virus infection","All cases","Age standardised rate","N/100000","2020","PT","Portugal",0.000000000,""
"West Nile virus infection","All cases","Age standardised rate","N/100000","2020","RO","Romania",0.031341090,""
"West Nile virus infection","All cases","Age standardised rate","N/100000","2020","SE","Sweden",0.000000000,""
"West Nile virus infection","All cases","Age standardised rate","N/100000","2020","SI","Slovenia",0.000000000,""
"West Nile virus infection","All cases","Age standardised rate","N/100000","2020","SK","Slovakia",0.000000000,""
"West Nile virus infection","All cases","Age standardised rate","N/100000","2020","TR","Türkiye",0.000000000,""
"West Nile virus infection","All cases","Age standardised rate","N/100000","2020","XK","Kosovo",0.000000000,""
"West Nile virus infection","All cases","Age standardised rate","N/100000","2021","AL","Albania",0.000000000,""
"West Nile virus infection","All cases","Age standardised rate","N/100000","2021","AT","Austria",0.041217820,""
"West Nile virus infection","All cases","Age standardised rate","N/100000","2021","BA","Bosnia and Herzegovina",0.000000000,""
"West Nile virus infection","All cases","Age standardised rate","N/100000","2021","BE","Belgium",0.000000000,""
"West Nile virus infection","All cases","Age standardised rate","N/100000","2021","BG","Bulgaria",0.000000000,""
"West Nile virus infection","All cases","Age standardised rate","N/100000","2021","CY","Cyprus",0.000000000,""
"West Nile virus infection","All cases","Age standardised rate","N/100000","2021","CZ","Czechia",0.000000000,""
"West Nile virus infection","All cases","Age standardised rate","N/100000","2021","DE","Germany",0.004938710,""
"West Nile virus infection","All cases","Age standardised rate","N/100000","2021","DK","Denmark",0.000000000,""
"West Nile virus infection","All cases","Age standardised rate","N/100000","2021","EE","Estonia",0.000000000,""
"West Nile virus infection","All cases","Age standardised rate","N/100000","2021","EL","Greece",0.455946750,""
"West Nile virus infection","All cases","Age standardised rate","N/100000","2021","ES","Spain",0.011250440,""
"West Nile virus infection","All cases","Age standardised rate","N/100000","2021","EU27_21","EU (without UK)",0.029506000,""
"West Nile virus infection","All cases","Age standardised rate","N/100000","2021","EU27_UK_21","EU (with UK until 2019)",0.029506000,""
"West Nile virus infection","All cases","Age standardised rate","N/100000","2021","EUEEA30_21","EU/EEA (without UK)",0.029127000,""
"West Nile virus infection","All cases","Age standardised rate","N/100000","2021","EUEEAUK_21","EU/EEA (with UK until 2019)",0.029127000,""
"West Nile virus infection","All cases","Age standardised rate","N/100000","2021","FI","Finland",0.000000000,""
"West Nile virus infection","All cases","Age standardised rate","N/100000","2021","FR","France",0.003809570,""
"West Nile virus infection","All cases","Age standardised rate","N/100000","2021","HR","Croatia",0.000000000,""
"West Nile virus infection","All cases","Age standardised rate","N/100000","2021","HU","Hungary",0.070963980,""
"West Nile virus infection","All cases","Age standardised rate","N/100000","2021","IE","Ireland",0.000000000,""
"West Nile virus infection","All cases","Age standardised rate","N/100000","2021","IS","Iceland",0.000000000,""
"West Nile virus infection","All cases","Age standardised rate","N/100000","2021","IT","Italy",0.091218360,""
"West Nile virus infection","All cases","Age standardised rate","N/100000","2021","LI","Liechtenstein",0.000000000,""
"West Nile virus infection","All cases","Age standardised rate","N/100000","2021","LT","Lithuania",0.000000000,""
"West Nile virus infection","All cases","Age standardised rate","N/100000","2021","LU","Luxembourg",0.000000000,""
"West Nile virus infection","All cases","Age standardised rate","N/100000","2021","LV","Latvia",0.000000000,""
"West Nile virus infection","All cases","Age standardised rate","N/100000","2021","ME","Montenegro",0.000000000,""
"West Nile virus infection","All cases","Age standardised rate","N/100000","2021","MK","North Macedonia",0.150663070,""
"West Nile virus infection","All cases","Age standardised rate","N/100000","2021","MT","Malta",0.000000000,""
"West Nile virus infection","All cases","Age standardised rate","N/100000","2021","NL","Netherlands",0.000000000,""
"West Nile virus infection","All cases","Age standardised rate","N/100000","2021","NO","Norway",0.000000000,""
"West Nile virus infection","All cases","Age standardised rate","N/100000","2021","PL","Poland",0.000000000,""
"West Nile virus infection","All cases","Age standardised rate","N/100000","2021","PT","Portugal",0.000000000,""
"West Nile virus infection","All cases","Age standardised rate","N/100000","2021","RO","Romania",0.032736380,""
"West Nile virus infection","All cases","Age standardised rate","N/100000","2021","RS","Serbia",0.229323830,""
"West Nile virus infection","All cases","Age standardised rate","N/100000","2021","SE","Sweden",0.000000000,""
"West Nile virus infection","All cases","Age standardised rate","N/100000","2021","SI","Slovenia",0.000000000,""
"West Nile virus infection","All cases","Age standardised rate","N/100000","2021","SK","Slovakia",0.000000000,""
"West Nile virus infection","All cases","Age standardised rate","N/100000","2021","TR","Türkiye",0.000000000,""
"West Nile virus infection","All cases","Age standardised rate","N/100000","2021","XK","Kosovo",0.000000000,""
"West Nile virus infection","All cases","Age standardised rate","N/100000","2022","AL","Albania",0.000000000,""
"West Nile virus infection","All cases","Age standardised rate","N/100000","2022","AT","Austria",0.083794790,""
"West Nile virus infection","All cases","Age standardised rate","N/100000","2022","BA","Bosnia and Herzegovina",0.000000000,""
"West Nile virus infection","All cases","Age standardised rate","N/100000","2022","BE","Belgium",0.000000000,""
"West Nile virus infection","All cases","Age standardised rate","N/100000","2022","BG","Bulgaria",0.013271200,""
"West Nile virus infection","All cases","Age standardised rate","N/100000","2022","CY","Cyprus",0.000000000,""
"West Nile virus infection","All cases","Age standardised rate","N/100000","2022","CZ","Czechia",0.018073880,""
"West Nile virus infection","All cases","Age standardised rate","N/100000","2022","DE","Germany",0.021556980,""
"West Nile virus infection","All cases","Age standardised rate","N/100000","2022","DK","Denmark",0.013843360,""
"West Nile virus infection","All cases","Age standardised rate","N/100000","2022","EE","Estonia",0.000000000,""
"West Nile virus infection","All cases","Age standardised rate","N/100000","2022","EL","Greece",2.217068290,""
"West Nile virus infection","All cases","Age standardised rate","N/100000","2022","ES","Spain",0.006993430,""
"West Nile virus infection","All cases","Age standardised rate","N/100000","2022","EU27_21","EU (without UK)",0.210524000,""
"West Nile virus infection","All cases","Age standardised rate","N/100000","2022","EU27_UK_21","EU (with UK until 2019)",0.210524000,""
"West Nile virus infection","All cases","Age standardised rate","N/100000","2022","EUEEA30_21","EU/EEA (without UK)",0.207803000,""
"West Nile virus infection","All cases","Age standardised rate","N/100000","2022","EUEEAUK_21","EU/EEA (with UK until 2019)",0.207803000,""
"West Nile virus infection","All cases","Age standardised rate","N/100000","2022","FI","Finland",0.012936150,""
"West Nile virus infection","All cases","Age standardised rate","N/100000","2022","FR","France",0.014454830,""
"West Nile virus infection","All cases","Age standardised rate","N/100000","2022","HR","Croatia",0.219352520,""
"West Nile virus infection","All cases","Age standardised rate","N/100000","2022","HU","Hungary",0.129434870,""
"West Nile virus infection","All cases","Age standardised rate","N/100000","2022","IE","Ireland",0.000000000,""
"West Nile virus infection","All cases","Age standardised rate","N/100000","2022","IS","Iceland",0.000000000,""
"West Nile virus infection","All cases","Age standardised rate","N/100000","2022","IT","Italy",1.005005090,""
"West Nile virus infection","All cases","Age standardised rate","N/100000","2022","LI","Liechtenstein",0.000000000,""
"West Nile virus infection","All cases","Age standardised rate","N/100000","2022","LT","Lithuania",0.000000000,""
"West Nile virus infection","All cases","Age standardised rate","N/100000","2022","LU","Luxembourg",0.000000000,""
"West Nile virus infection","All cases","Age standardised rate","N/100000","2022","LV","Latvia",0.000000000,""
"West Nile virus infection","All cases","Age standardised rate","N/100000","2022","ME","Montenegro",0.000000000,""
"West Nile virus infection","All cases","Age standardised rate","N/100000","2022","MK","North Macedonia",0.102784030,""
"West Nile virus infection","All cases","Age standardised rate","N/100000","2022","MT","Malta",0.165434490,""
"West Nile virus infection","All cases","Age standardised rate","N/100000","2022","NL","Netherlands",0.000000000,""
"West Nile virus infection","All cases","Age standardised rate","N/100000","2022","NO","Norway",0.000000000,""
"West Nile virus infection","All cases","Age standardised rate","N/100000","2022","PL","Poland",0.002317640,""
"West Nile virus infection","All cases","Age standardised rate","N/100000","2022","PT","Portugal",0.000000000,""
"West Nile virus infection","All cases","Age standardised rate","N/100000","2022","RO","Romania",0.247993750,""
"West Nile virus infection","All cases","Age standardised rate","N/100000","2022","RS","Serbia",3.085536410,""
"West Nile virus infection","All cases","Age standardised rate","N/100000","2022","SE","Sweden",0.000000000,""
"West Nile virus infection","All cases","Age standardised rate","N/100000","2022","SI","Slovenia",0.000000000,""
"West Nile virus infection","All cases","Age standardised rate","N/100000","2022","SK","Slovakia",0.017509570,""
"West Nile virus infection","All cases","Age standardised rate","N/100000","2022","TR","Türkiye",0.000000000,""
"West Nile virus infection","All cases","Age standardised rate","N/100000","2022","XK","Kosovo",0.000000000,""
"West Nile virus infection","All cases","Age standardised rate","N/100000","2023","AT","Austria",0.009682820,""
"West Nile virus infection","All cases","Age standardised rate","N/100000","2023","BA","Bosnia and Herzegovina",0.000000000,""
"West Nile virus infection","All cases","Age standardised rate","N/100000","2023","BE","Belgium",0.000000000,""
"West Nile virus infection","All cases","Age standardised rate","N/100000","2023","BG","Bulgaria",0.000000000,""
"West Nile virus infection","All cases","Age standardised rate","N/100000","2023","CY","Cyprus",0.641949990,""
"West Nile virus infection","All cases","Age standardised rate","N/100000","2023","CZ","Czechia",0.000000000,""
"West Nile virus infection","All cases","Age standardised rate","N/100000","2023","DE","Germany",0.020802750,""
"West Nile virus infection","All cases","Age standardised rate","N/100000","2023","DK","Denmark",0.000000000,""
"West Nile virus infection","All cases","Age standardised rate","N/100000","2023","EE","Estonia",0.000000000,""
"West Nile virus infection","All cases","Age standardised rate","N/100000","2023","EL","Greece",1.246913320,""
"West Nile virus infection","All cases","Age standardised rate","N/100000","2023","ES","Spain",0.039720530,""
"West Nile virus infection","All cases","Age standardised rate","N/100000","2023","EU27_21","EU (without UK)",0.141843000,""
"West Nile virus infection","All cases","Age standardised rate","N/100000","2023","EU27_UK_21","EU (with UK until 2019)",0.141843000,""
"West Nile virus infection","All cases","Age standardised rate","N/100000","2023","EUEEA30_21","EU/EEA (without UK)",0.139993000,""
"West Nile virus infection","All cases","Age standardised rate","N/100000","2023","EUEEAUK_21","EU/EEA (with UK until 2019)",0.139993000,""
"West Nile virus infection","All cases","Age standardised rate","N/100000","2023","FI","Finland",0.059120120,""
"West Nile virus infection","All cases","Age standardised rate","N/100000","2023","FR","France",0.068994650,""
"West Nile virus infection","All cases","Age standardised rate","N/100000","2023","HR","Croatia",0.223509200,""
"West Nile virus infection","All cases","Age standardised rate","N/100000","2023","HU","Hungary",0.319288870,""
"West Nile virus infection","All cases","Age standardised rate","N/100000","2023","IE","Ireland",0.020668950,""
"West Nile virus infection","All cases","Age standardised rate","N/100000","2023","IS","Iceland",0.000000000,""
"West Nile virus infection","All cases","Age standardised rate","N/100000","2023","IT","Italy",0.469105660,""
"West Nile virus infection","All cases","Age standardised rate","N/100000","2023","LI","Liechtenstein",0.000000000,""
"West Nile virus infection","All cases","Age standardised rate","N/100000","2023","LT","Lithuania",0.000000000,""
"West Nile virus infection","All cases","Age standardised rate","N/100000","2023","LU","Luxembourg",0.000000000,""
"West Nile virus infection","All cases","Age standardised rate","N/100000","2023","LV","Latvia",0.000000000,""
"West Nile virus infection","All cases","Age standardised rate","N/100000","2023","ME","Montenegro",0.000000000,""
"West Nile virus infection","All cases","Age standardised rate","N/100000","2023","MK","North Macedonia",0.178227360,""
"West Nile virus infection","All cases","Age standardised rate","N/100000","2023","MT","Malta",0.000000000,""
"West Nile virus infection","All cases","Age standardised rate","N/100000","2023","NL","Netherlands",0.000000000,""
"West Nile virus infection","All cases","Age standardised rate","N/100000","2023","NO","Norway",0.000000000,""
"West Nile virus infection","All cases","Age standardised rate","N/100000","2023","PL","Poland",0.000000000,""
"West Nile virus infection","All cases","Age standardised rate","N/100000","2023","PT","Portugal",0.000000000,""
"West Nile virus infection","All cases","Age standardised rate","N/100000","2023","RO","Romania",0.494926740,""
"West Nile virus infection","All cases","Age standardised rate","N/100000","2023","RS","Serbia",1.175036950,""
"West Nile virus infection","All cases","Age standardised rate","N/100000","2023","SE","Sweden",0.000000000,""
"West Nile virus infection","All cases","Age standardised rate","N/100000","2023","SI","Slovenia",0.000000000,""
"West Nile virus infection","All cases","Age standardised rate","N/100000","2023","SK","Slovakia",0.000000000,""
"West Nile virus infection","All cases","Age standardised rate","N/100000","2023","TR","Türkiye",0.000000000,""
"West Nile virus infection","All cases","Age standardised rate","N/100000","2023","XK","Kosovo",0.000000000,""
"West Nile virus infection","All cases","Age standardised rate","N/100000","2024","AL","Albania",3.705085010,""
"West Nile virus infection","All cases","Age standardised rate","N/100000","2024","AT","Austria",0.368065140,""
"West Nile virus infection","All cases","Age standardised rate","N/100000","2024","BE","Belgium",0.007019760,""
"West Nile virus infection","All cases","Age standardised rate","N/100000","2024","BG","Bulgaria",0.301231770,""
"West Nile virus infection","All cases","Age standardised rate","N/100000","2024","CY","Cyprus",0.192809870,""
"West Nile virus infection","All cases","Age standardised rate","N/100000","2024","CZ","Czechia",0.045879650,""
"West Nile virus infection","All cases","Age standardised rate","N/100000","2024","DE","Germany",0.093017920,""
"West Nile virus infection","All cases","Age standardised rate","N/100000","2024","DK","Denmark",0.000000000,""
"West Nile virus infection","All cases","Age standardised rate","N/100000","2024","EE","Estonia",0.000000000,""
"West Nile virus infection","All cases","Age standardised rate","N/100000","2024","EL","Greece",1.711157530,""
"West Nile virus infection","All cases","Age standardised rate","N/100000","2024","ES","Spain",0.295038330,""
"West Nile virus infection","All cases","Age standardised rate","N/100000","2024","EU27_21","EU (without UK)",0.246181000,""
"West Nile virus infection","All cases","Age standardised rate","N/100000","2024","EU27_UK_21","EU (with UK until 2019)",0.246181000,""
"West Nile virus infection","All cases","Age standardised rate","N/100000","2024","EUEEA30_21","EU/EEA (without UK)",0.242950000,""
"West Nile virus infection","All cases","Age standardised rate","N/100000","2024","EUEEAUK_21","EU/EEA (with UK until 2019)",0.242950000,""
"West Nile virus infection","All cases","Age standardised rate","N/100000","2024","FI","Finland",0.000000000,""
"West Nile virus infection","All cases","Age standardised rate","N/100000","2024","FR","France",0.058039370,""
"West Nile virus infection","All cases","Age standardised rate","N/100000","2024","HR","Croatia",0.452715390,""
"West Nile virus infection","All cases","Age standardised rate","N/100000","2024","HU","Hungary",1.025451160,""
"West Nile virus infection","All cases","Age standardised rate","N/100000","2024","IE","Ireland",0.019999550,""
"West Nile virus infection","All cases","Age standardised rate","N/100000","2024","IS","Iceland",0.000000000,""
"West Nile virus infection","All cases","Age standardised rate","N/100000","2024","IT","Italy",0.644892100,""
"West Nile virus infection","All cases","Age standardised rate","N/100000","2024","LI","Liechtenstein",0.000000000,""
"West Nile virus infection","All cases","Age standardised rate","N/100000","2024","LT","Lithuania",0.000000000,""
"West Nile virus infection","All cases","Age standardised rate","N/100000","2024","LU","Luxembourg",0.000000000,""
"West Nile virus infection","All cases","Age standardised rate","N/100000","2024","LV","Latvia",0.000000000,""
"West Nile virus infection","All cases","Age standardised rate","N/100000","2024","ME","Montenegro",0.000000000,""
"West Nile virus infection","All cases","Age standardised rate","N/100000","2024","MK","North Macedonia",0.220327380,""
"West Nile virus infection","All cases","Age standardised rate","N/100000","2024","MT","Malta",0.000000000,""
"West Nile virus infection","All cases","Age standardised rate","N/100000","2024","NL","Netherlands",0.004499530,""
"West Nile virus infection","All cases","Age standardised rate","N/100000","2024","NO","Norway",0.000000000,""
"West Nile virus infection","All cases","Age standardised rate","N/100000","2024","PL","Poland",0.005662560,""
"West Nile virus infection","All cases","Age standardised rate","N/100000","2024","PT","Portugal",0.000000000,""
"West Nile virus infection","All cases","Age standardised rate","N/100000","2024","RO","Romania",0.483383690,""
"West Nile virus infection","All cases","Age standardised rate","N/100000","2024","RS","Serbia",0.925299200,""
"West Nile virus infection","All cases","Age standardised rate","N/100000","2024","SE","Sweden",0.007608130,""
"West Nile virus infection","All cases","Age standardised rate","N/100000","2024","SI","Slovenia",0.240439020,""
"West Nile virus infection","All cases","Age standardised rate","N/100000","2024","SK","Slovakia",0.154848370,""
"West Nile virus infection","All cases","Age standardised rate","N/100000","2024","TR","Türkiye",0.140316920,""
"West Nile virus infection","All cases","Age standardised rate","N/100000","2024","XK","Kosovo",0.516496870,""
"West Nile virus infection","All cases","Notification rate","N/100000","2008","AT","Austria",0.000000000,""
"West Nile virus infection","All cases","Notification rate","N/100000","2008","BE","Belgium",0.000000000,""
"West Nile virus infection","All cases","Notification rate","N/100000","2008","BG","Bulgaria",0.000000000,""
"West Nile virus infection","All cases","Notification rate","N/100000","2008","CY","Cyprus",0.000000000,""
"West Nile virus infection","All cases","Notification rate","N/100000","2008","CZ","Czechia",0.000000000,""
"West Nile virus infection","All cases","Notification rate","N/100000","2008","EE","Estonia",0.000000000,""
"West Nile virus infection","All cases","Notification rate","N/100000","2008","EL","Greece",0.000000000,""
"West Nile virus infection","All cases","Notification rate","N/100000","2008","ES","Spain",0.000000000,""
"West Nile virus infection","All cases","Notification rate","N/100000","2008","EU27_21","EU (without UK)",0.007131000,""
"West Nile virus infection","All cases","Notification rate","N/100000","2008","EU27_UK_21","EU (with UK until 2019)",0.006028000,""
"West Nile virus infection","All cases","Notification rate","N/100000","2008","EUEEA30_21","EU/EEA (without UK)",0.007032000,""
"West Nile virus infection","All cases","Notification rate","N/100000","2008","EUEEAUK_21","EU/EEA (with UK until 2019)",0.005957000,""
"West Nile virus infection","All cases","Notification rate","N/100000","2008","FI","Finland",0.000000000,""
"West Nile virus infection","All cases","Notification rate","N/100000","2008","FR","France",0.000000000,""
"West Nile virus infection","All cases","Notification rate","N/100000","2008","HU","Hungary",0.189141270,""
"West Nile virus infection","All cases","Notification rate","N/100000","2008","IE","Ireland",0.000000000,""
"West Nile virus infection","All cases","Notification rate","N/100000","2008","IT","Italy",0.005084590,""
"West Nile virus infection","All cases","Notification rate","N/100000","2008","LT","Lithuania",0.000000000,""
"West Nile virus infection","All cases","Notification rate","N/100000","2008","LU","Luxembourg",0.000000000,""
"West Nile virus infection","All cases","Notification rate","N/100000","2008","LV","Latvia",0.000000000,""
"West Nile virus infection","All cases","Notification rate","N/100000","2008","MT","Malta",0.000000000,""
"West Nile virus infection","All cases","Notification rate","N/100000","2008","NL","Netherlands",0.000000000,""
"West Nile virus infection","All cases","Notification rate","N/100000","2008","NO","Norway",0.000000000,""
"West Nile virus infection","All cases","Notification rate","N/100000","2008","PL","Poland",0.000000000,""
"West Nile virus infection","All cases","Notification rate","N/100000","2008","RO","Romania",0.009692050,""
"West Nile virus infection","All cases","Notification rate","N/100000","2008","SE","Sweden",0.000000000,""
"West Nile virus infection","All cases","Notification rate","N/100000","2008","SI","Slovenia",0.000000000,""
"West Nile virus infection","All cases","Notification rate","N/100000","2008","SK","Slovakia",0.000000000,""
"West Nile virus infection","All cases","Notification rate","N/100000","2008","UK","United Kingdom",0.000000000,""
"West Nile virus infection","All cases","Notification rate","N/100000","2009","AT","Austria",0.023995190,""
"West Nile virus infection","All cases","Notification rate","N/100000","2009","BE","Belgium",0.000000000,""
"West Nile virus infection","All cases","Notification rate","N/100000","2009","CY","Cyprus",0.000000000,""
"West Nile virus infection","All cases","Notification rate","N/100000","2009","CZ","Czechia",0.000000000,""
"West Nile virus infection","All cases","Notification rate","N/100000","2009","EE","Estonia",0.000000000,""
"West Nile virus infection","All cases","Notification rate","N/100000","2009","EL","Greece",0.000000000,""
"West Nile virus infection","All cases","Notification rate","N/100000","2009","ES","Spain",0.000000000,""
"West Nile virus infection","All cases","Notification rate","N/100000","2009","EU27_21","EU (without UK)",0.009074000,""
"West Nile virus infection","All cases","Notification rate","N/100000","2009","EU27_UK_21","EU (with UK until 2019)",0.007640000,""
"West Nile virus infection","All cases","Notification rate","N/100000","2009","EUEEA30_21","EU/EEA (without UK)",0.008944000,""
"West Nile virus infection","All cases","Notification rate","N/100000","2009","EUEEAUK_21","EU/EEA (with UK until 2019)",0.007548000,""
"West Nile virus infection","All cases","Notification rate","N/100000","2009","FI","Finland",0.000000000,""
"West Nile virus infection","All cases","Notification rate","N/100000","2009","FR","France",0.001553990,""
"West Nile virus infection","All cases","Notification rate","N/100000","2009","HU","Hungary",0.069783840,""
"West Nile virus infection","All cases","Notification rate","N/100000","2009","IE","Ireland",0.000000000,""
"West Nile virus infection","All cases","Notification rate","N/100000","2009","IT","Italy",0.030292520,""
"West Nile virus infection","All cases","Notification rate","N/100000","2009","LT","Lithuania",0.000000000,""
"West Nile virus infection","All cases","Notification rate","N/100000","2009","LU","Luxembourg",0.000000000,""
"West Nile virus infection","All cases","Notification rate","N/100000","2009","LV","Latvia",0.000000000,""
"West Nile virus infection","All cases","Notification rate","N/100000","2009","MT","Malta",0.000000000,""
"West Nile virus infection","All cases","Notification rate","N/100000","2009","NL","Netherlands",0.000000000,""
"West Nile virus infection","All cases","Notification rate","N/100000","2009","NO","Norway",0.000000000,""
"West Nile virus infection","All cases","Notification rate","N/100000","2009","PL","Poland",0.000000000,""
"West Nile virus infection","All cases","Notification rate","N/100000","2009","RO","Romania",0.009784590,""
"West Nile virus infection","All cases","Notification rate","N/100000","2009","SE","Sweden",0.000000000,""
"West Nile virus infection","All cases","Notification rate","N/100000","2009","SI","Slovenia",0.000000000,""
"West Nile virus infection","All cases","Notification rate","N/100000","2009","SK","Slovakia",0.000000000,""
"West Nile virus infection","All cases","Notification rate","N/100000","2009","UK","United Kingdom",0.000000000,""
"West Nile virus infection","All cases","Notification rate","N/100000","2010","AT","Austria",0.011973690,""
"West Nile virus infection","All cases","Notification rate","N/100000","2010","BE","Belgium",0.000000000,""
"West Nile virus infection","All cases","Notification rate","N/100000","2010","CY","Cyprus",0.000000000,""
"West Nile virus infection","All cases","Notification rate","N/100000","2010","CZ","Czechia",0.000000000,""
"West Nile virus infection","All cases","Notification rate","N/100000","2010","DK","Denmark",0.000000000,""
"West Nile virus infection","All cases","Notification rate","N/100000","2010","EE","Estonia",0.000000000,""
"West Nile virus infection","All cases","Notification rate","N/100000","2010","EL","Greece",2.356265760,""
"West Nile virus infection","All cases","Notification rate","N/100000","2010","ES","Spain",0.004302310,""
"West Nile virus infection","All cases","Notification rate","N/100000","2010","EU27_21","EU (without UK)",0.105619000,""
"West Nile virus infection","All cases","Notification rate","N/100000","2010","EU27_UK_21","EU (with UK until 2019)",0.089095000,""
"West Nile virus infection","All cases","Notification rate","N/100000","2010","EUEEA30_21","EU/EEA (without UK)",0.104118000,""
"West Nile virus infection","All cases","Notification rate","N/100000","2010","EUEEAUK_21","EU/EEA (with UK until 2019)",0.088025000,""
"West Nile virus infection","All cases","Notification rate","N/100000","2010","FI","Finland",0.000000000,""
"West Nile virus infection","All cases","Notification rate","N/100000","2010","FR","France",0.004639730,""
"West Nile virus infection","All cases","Notification rate","N/100000","2010","HU","Hungary",0.189728230,""
"West Nile virus infection","All cases","Notification rate","N/100000","2010","IE","Ireland",0.000000000,""
"West Nile virus infection","All cases","Notification rate","N/100000","2010","IL","Israel",1.540206820,""
"West Nile virus infection","All cases","Notification rate","N/100000","2010","IT","Italy",0.018428440,""
"West Nile virus infection","All cases","Notification rate","N/100000","2010","LT","Lithuania",0.000000000,""
"West Nile virus infection","All cases","Notification rate","N/100000","2010","LU","Luxembourg",0.000000000,""
"West Nile virus infection","All cases","Notification rate","N/100000","2010","LV","Latvia",0.000000000,""
"West Nile virus infection","All cases","Notification rate","N/100000","2010","MT","Malta",0.000000000,""
"West Nile virus infection","All cases","Notification rate","N/100000","2010","NL","Netherlands",0.006033180,""
"West Nile virus infection","All cases","Notification rate","N/100000","2010","NO","Norway",0.000000000,""
"West Nile virus infection","All cases","Notification rate","N/100000","2010","PL","Poland",0.000000000,""
"West Nile virus infection","All cases","Notification rate","N/100000","2010","RO","Romania",0.280861740,""
"West Nile virus infection","All cases","Notification rate","N/100000","2010","RU","Russia",0.360580890,""
"West Nile virus infection","All cases","Notification rate","N/100000","2010","SE","Sweden",0.000000000,""
"West Nile virus infection","All cases","Notification rate","N/100000","2010","SI","Slovenia",0.000000000,""
"West Nile virus infection","All cases","Notification rate","N/100000","2010","SK","Slovakia",0.000000000,""
"West Nile virus infection","All cases","Notification rate","N/100000","2010","TR","Türkiye",0.064772800,""
"West Nile virus infection","All cases","Notification rate","N/100000","2010","UK","United Kingdom",0.000000000,""
"West Nile virus infection","All cases","Notification rate","N/100000","2011","AL","Albania",0.584722700,""
"West Nile virus infection","All cases","Notification rate","N/100000","2011","AT","Austria",0.000000000,""
"West Nile virus infection","All cases","Notification rate","N/100000","2011","BE","Belgium",0.000000000,""
"West Nile virus infection","All cases","Notification rate","N/100000","2011","CY","Cyprus",0.000000000,""
"West Nile virus infection","All cases","Notification rate","N/100000","2011","CZ","Czechia",0.000000000,""
"West Nile virus infection","All cases","Notification rate","N/100000","2011","DK","Denmark",0.000000000,""
"West Nile virus infection","All cases","Notification rate","N/100000","2011","EE","Estonia",0.000000000,""
"West Nile virus infection","All cases","Notification rate","N/100000","2011","EL","Greece",0.899006340,""
"West Nile virus infection","All cases","Notification rate","N/100000","2011","ES","Spain",0.000000000,""
"West Nile virus infection","All cases","Notification rate","N/100000","2011","EU27_21","EU (without UK)",0.044369000,""
"West Nile virus infection","All cases","Notification rate","N/100000","2011","EU27_UK_21","EU (with UK until 2019)",0.037397000,""
"West Nile virus infection","All cases","Notification rate","N/100000","2011","EUEEA30_21","EU/EEA (without UK)",0.043732000,""
"West Nile virus infection","All cases","Notification rate","N/100000","2011","EUEEAUK_21","EU/EEA (with UK until 2019)",0.036944000,""
"West Nile virus infection","All cases","Notification rate","N/100000","2011","FI","Finland",0.000000000,""
"West Nile virus infection","All cases","Notification rate","N/100000","2011","FR","France",0.001538960,""
"West Nile virus infection","All cases","Notification rate","N/100000","2011","HU","Hungary",0.040057190,""
"West Nile virus infection","All cases","Notification rate","N/100000","2011","IE","Ireland",0.021877620,""
"West Nile virus infection","All cases","Notification rate","N/100000","2011","IL","Israel",0.522020490,""
"West Nile virus infection","All cases","Notification rate","N/100000","2011","IT","Italy",0.053379150,""
"West Nile virus infection","All cases","Notification rate","N/100000","2011","LT","Lithuania",0.000000000,""
"West Nile virus infection","All cases","Notification rate","N/100000","2011","LU","Luxembourg",0.000000000,""
"West Nile virus infection","All cases","Notification rate","N/100000","2011","LV","Latvia",0.000000000,""
"West Nile virus infection","All cases","Notification rate","N/100000","2011","MK","North Macedonia",0.194431100,""
"West Nile virus infection","All cases","Notification rate","N/100000","2011","MT","Malta",0.000000000,""
"West Nile virus infection","All cases","Notification rate","N/100000","2011","NL","Netherlands",0.006003910,""
"West Nile virus infection","All cases","Notification rate","N/100000","2011","NO","Norway",0.000000000,""
"West Nile virus infection","All cases","Notification rate","N/100000","2011","PL","Poland",0.000000000,""
"West Nile virus infection","All cases","Notification rate","N/100000","2011","RO","Romania",0.054457980,""
"West Nile virus infection","All cases","Notification rate","N/100000","2011","RU","Russia",0.106217760,""
"West Nile virus infection","All cases","Notification rate","N/100000","2011","SE","Sweden",0.000000000,""
"West Nile virus infection","All cases","Notification rate","N/100000","2011","SI","Slovenia",0.000000000,""
"West Nile virus infection","All cases","Notification rate","N/100000","2011","SK","Slovakia",0.000000000,""
"West Nile virus infection","All cases","Notification rate","N/100000","2011","TN","Tunisia",0.027558360,""
"West Nile virus infection","All cases","Notification rate","N/100000","2011","TR","Türkiye",0.006782140,""
"West Nile virus infection","All cases","Notification rate","N/100000","2011","UA","Ukraine",0.017544560,""
"West Nile virus infection","All cases","Notification rate","N/100000","2011","UK","United Kingdom",0.000000000,""
"West Nile virus infection","All cases","Notification rate","N/100000","2012","AL","Albania",0.000000000,""
"West Nile virus infection","All cases","Notification rate","N/100000","2012","AT","Austria",0.035679790,""
"West Nile virus infection","All cases","Notification rate","N/100000","2012","BE","Belgium",0.018057240,""
"West Nile virus infection","All cases","Notification rate","N/100000","2012","BG","Bulgaria",0.054590930,""
"West Nile virus infection","All cases","Notification rate","N/100000","2012","CY","Cyprus",0.000000000,""
"West Nile virus infection","All cases","Notification rate","N/100000","2012","CZ","Czechia",0.000000000,""
"West Nile virus infection","All cases","Notification rate","N/100000","2012","DK","Denmark",0.000000000,""
"West Nile virus infection","All cases","Notification rate","N/100000","2012","DZ","Algeria",0.002656310,""
"West Nile virus infection","All cases","Notification rate","N/100000","2012","EE","Estonia",0.000000000,""
"West Nile virus infection","All cases","Notification rate","N/100000","2012","EL","Greece",1.470269080,""
"West Nile virus infection","All cases","Notification rate","N/100000","2012","ES","Spain",0.000000000,""
"West Nile virus infection","All cases","Notification rate","N/100000","2012","EU27_21","EU (without UK)",0.081907000,""
"West Nile virus infection","All cases","Notification rate","N/100000","2012","EU27_UK_21","EU (with UK until 2019)",0.069342000,""
"West Nile virus infection","All cases","Notification rate","N/100000","2012","EUEEA30_21","EU/EEA (without UK)",0.080758000,""
"West Nile virus infection","All cases","Notification rate","N/100000","2012","EUEEAUK_21","EU/EEA (with UK until 2019)",0.068516000,""
"West Nile virus infection","All cases","Notification rate","N/100000","2012","FI","Finland",0.000000000,""
"West Nile virus infection","All cases","Notification rate","N/100000","2012","FR","France",0.004595800,""
"West Nile virus infection","All cases","Notification rate","N/100000","2012","HR","Croatia",0.140318570,""
"West Nile virus infection","All cases","Notification rate","N/100000","2012","HU","Hungary",0.171165200,""
"West Nile virus infection","All cases","Notification rate","N/100000","2012","IE","Ireland",0.000000000,""
"West Nile virus infection","All cases","Notification rate","N/100000","2012","IL","Israel",1.090996890,""
"West Nile virus infection","All cases","Notification rate","N/100000","2012","IT","Italy",0.121453740,""
"West Nile virus infection","All cases","Notification rate","N/100000","2012","LT","Lithuania",0.000000000,""
"West Nile virus infection","All cases","Notification rate","N/100000","2012","LU","Luxembourg",0.000000000,""
"West Nile virus infection","All cases","Notification rate","N/100000","2012","LV","Latvia",0.000000000,""
"West Nile virus infection","All cases","Notification rate","N/100000","2012","ME","Montenegro",0.161210230,""
"West Nile virus infection","All cases","Notification rate","N/100000","2012","MK","North Macedonia",0.291291260,""
"West Nile virus infection","All cases","Notification rate","N/100000","2012","MT","Malta",0.000000000,""
"West Nile virus infection","All cases","Notification rate","N/100000","2012","NL","Netherlands",0.000000000,""
"West Nile virus infection","All cases","Notification rate","N/100000","2012","NO","Norway",0.000000000,""
"West Nile virus infection","All cases","Notification rate","N/100000","2012","PL","Poland",0.000000000,""
"West Nile virus infection","All cases","Notification rate","N/100000","2012","PS","Palestine",0.047446600,""
"West Nile virus infection","All cases","Notification rate","N/100000","2012","RO","Romania",0.074641730,""
"West Nile virus infection","All cases","Notification rate","N/100000","2012","RS","Serbia",0.956122430,""
"West Nile virus infection","All cases","Notification rate","N/100000","2012","RU","Russia",0.309790670,""
"West Nile virus infection","All cases","Notification rate","N/100000","2012","SE","Sweden",0.010545340,""
"West Nile virus infection","All cases","Notification rate","N/100000","2012","SI","Slovenia",0.000000000,""
"West Nile virus infection","All cases","Notification rate","N/100000","2012","SK","Slovakia",0.000000000,""
"West Nile virus infection","All cases","Notification rate","N/100000","2012","TN","Tunisia",0.572227970,""
"West Nile virus infection","All cases","Notification rate","N/100000","2012","UA","Ukraine",0.026400730,""
"West Nile virus infection","All cases","Notification rate","N/100000","2012","UK","United Kingdom",0.000000000,""
"West Nile virus infection","All cases","Notification rate","N/100000","2012","XK","Kosovo",0.390150370,""
"West Nile virus infection","All cases","Notification rate","N/100000","2013","AL","Albania",0.000000000,""
"West Nile virus infection","All cases","Notification rate","N/100000","2013","AT","Austria",0.000000000,""
"West Nile virus infection","All cases","Notification rate","N/100000","2013","BA","Bosnia and Herzegovina",0.083083730,""
"West Nile virus infection","All cases","Notification rate","N/100000","2013","BE","Belgium",0.000000000,""
"West Nile virus infection","All cases","Notification rate","N/100000","2013","BG","Bulgaria",0.000000000,""
"West Nile virus infection","All cases","Notification rate","N/100000","2013","CY","Cyprus",0.000000000,""
"West Nile virus infection","All cases","Notification rate","N/100000","2013","CZ","Czechia",0.009509200,""
"West Nile virus infection","All cases","Notification rate","N/100000","2013","DK","Denmark",0.000000000,""
"West Nile virus infection","All cases","Notification rate","N/100000","2013","EE","Estonia",0.000000000,""
"West Nile virus infection","All cases","Notification rate","N/100000","2013","EL","Greece",0.781561330,""
"West Nile virus infection","All cases","Notification rate","N/100000","2013","ES","Spain",0.000000000,""
"West Nile virus infection","All cases","Notification rate","N/100000","2013","EU27_21","EU (without UK)",0.094378000,""
"West Nile virus infection","All cases","Notification rate","N/100000","2013","EU27_UK_21","EU (with UK until 2019)",0.079832000,""
"West Nile virus infection","All cases","Notification rate","N/100000","2013","EUEEA30_21","EU/EEA (without UK)",0.093038000,""
"West Nile virus infection","All cases","Notification rate","N/100000","2013","EUEEAUK_21","EU/EEA (with UK until 2019)",0.078871000,""
"West Nile virus infection","All cases","Notification rate","N/100000","2013","FI","Finland",0.000000000,""
"West Nile virus infection","All cases","Notification rate","N/100000","2013","FR","France",0.001524380,""
"West Nile virus infection","All cases","Notification rate","N/100000","2013","HR","Croatia",0.470831620,""
"West Nile virus infection","All cases","Notification rate","N/100000","2013","HU","Hungary",0.363810910,""
"West Nile virus infection","All cases","Notification rate","N/100000","2013","IE","Ireland",0.021693010,""
"West Nile virus infection","All cases","Notification rate","N/100000","2013","IL","Israel",0.812973610,""
"West Nile virus infection","All cases","Notification rate","N/100000","2013","IT","Italy",0.265439850,""
"West Nile virus infection","All cases","Notification rate","N/100000","2013","LT","Lithuania",0.000000000,""
"West Nile virus infection","All cases","Notification rate","N/100000","2013","LU","Luxembourg",0.000000000,""
"West Nile virus infection","All cases","Notification rate","N/100000","2013","LV","Latvia",0.000000000,""
"West Nile virus infection","All cases","Notification rate","N/100000","2013","ME","Montenegro",0.644233380,""
"West Nile virus infection","All cases","Notification rate","N/100000","2013","MK","North Macedonia",0.048489690,""
"West Nile virus infection","All cases","Notification rate","N/100000","2013","MT","Malta",0.000000000,""
"West Nile virus infection","All cases","Notification rate","N/100000","2013","NL","Netherlands",0.000000000,""
"West Nile virus infection","All cases","Notification rate","N/100000","2013","NO","Norway",0.000000000,""
"West Nile virus infection","All cases","Notification rate","N/100000","2013","PL","Poland",0.000000000,""
"West Nile virus infection","All cases","Notification rate","N/100000","2013","RO","Romania",0.119879670,""
"West Nile virus infection","All cases","Notification rate","N/100000","2013","RS","Serbia",4.205246670,""
"West Nile virus infection","All cases","Notification rate","N/100000","2013","RU","Russia",0.122403210,""
"West Nile virus infection","All cases","Notification rate","N/100000","2013","SE","Sweden",0.010464740,""
"West Nile virus infection","All cases","Notification rate","N/100000","2013","SI","Slovenia",0.048571480,""
"West Nile virus infection","All cases","Notification rate","N/100000","2013","SK","Slovakia",0.000000000,""
"West Nile virus infection","All cases","Notification rate","N/100000","2013","TN","Tunisia",0.053853670,""
"West Nile virus infection","All cases","Notification rate","N/100000","2013","UA","Ukraine",0.002203960,""
"West Nile virus infection","All cases","Notification rate","N/100000","2013","UK","United Kingdom",0.000000000,""
"West Nile virus infection","All cases","Notification rate","N/100000","2013","XK","Kosovo",0.167207300,""
"West Nile virus infection","All cases","Notification rate","N/100000","2014","AL","Albania",0.000000000,""
"West Nile virus infection","All cases","Notification rate","N/100000","2014","AT","Austria",0.023507870,""
"West Nile virus infection","All cases","Notification rate","N/100000","2014","BA","Bosnia and Herzegovina",0.364679190,""
"West Nile virus infection","All cases","Notification rate","N/100000","2014","BE","Belgium",0.000000000,""
"West Nile virus infection","All cases","Notification rate","N/100000","2014","BG","Bulgaria",0.000000000,""
"West Nile virus infection","All cases","Notification rate","N/100000","2014","CY","Cyprus",0.000000000,""
"West Nile virus infection","All cases","Notification rate","N/100000","2014","CZ","Czechia",0.000000000,""
"West Nile virus infection","All cases","Notification rate","N/100000","2014","DK","Denmark",0.000000000,""
"West Nile virus infection","All cases","Notification rate","N/100000","2014","EE","Estonia",0.000000000,""
"West Nile virus infection","All cases","Notification rate","N/100000","2014","EL","Greece",0.137277060,""
"West Nile virus infection","All cases","Notification rate","N/100000","2014","ES","Spain",0.000000000,""
"West Nile virus infection","All cases","Notification rate","N/100000","2014","EU27_21","EU (without UK)",0.021648000,""
"West Nile virus infection","All cases","Notification rate","N/100000","2014","EU27_UK_21","EU (with UK until 2019)",0.018776000,""
"West Nile virus infection","All cases","Notification rate","N/100000","2014","EUEEA30_21","EU/EEA (without UK)",0.021338000,""
"West Nile virus infection","All cases","Notification rate","N/100000","2014","EUEEAUK_21","EU/EEA (with UK until 2019)",0.018548000,""
"West Nile virus infection","All cases","Notification rate","N/100000","2014","FI","Finland",0.000000000,""
"West Nile virus infection","All cases","Notification rate","N/100000","2014","FR","France",0.000000000,""
"West Nile virus infection","All cases","Notification rate","N/100000","2014","HR","Croatia",0.023709980,""
"West Nile virus infection","All cases","Notification rate","N/100000","2014","HU","Hungary",0.101520600,""
"West Nile virus infection","All cases","Notification rate","N/100000","2014","IE","Ireland",0.000000000,""
"West Nile virus infection","All cases","Notification rate","N/100000","2014","IL","Israel",0.227930790,""
"West Nile virus infection","All cases","Notification rate","N/100000","2014","IT","Italy",0.039770710,""
"West Nile virus infection","All cases","Notification rate","N/100000","2014","LT","Lithuania",0.000000000,""
"West Nile virus infection","All cases","Notification rate","N/100000","2014","LU","Luxembourg",0.000000000,""
"West Nile virus infection","All cases","Notification rate","N/100000","2014","LV","Latvia",0.000000000,""
"West Nile virus infection","All cases","Notification rate","N/100000","2014","ME","Montenegro",0.000000000,""
"West Nile virus infection","All cases","Notification rate","N/100000","2014","MK","North Macedonia",0.000000000,""
"West Nile virus infection","All cases","Notification rate","N/100000","2014","MT","Malta",0.000000000,""
"West Nile virus infection","All cases","Notification rate","N/100000","2014","NL","Netherlands",0.000000000,""
"West Nile virus infection","All cases","Notification rate","N/100000","2014","NO","Norway",0.000000000,""
"West Nile virus infection","All cases","Notification rate","N/100000","2014","PL","Poland",0.000000000,""
"West Nile virus infection","All cases","Notification rate","N/100000","2014","PS","Palestine",0.022645810,""
"West Nile virus infection","All cases","Notification rate","N/100000","2014","RO","Romania",0.120316960,""
"West Nile virus infection","All cases","Notification rate","N/100000","2014","RS","Serbia",1.077411450,""
"West Nile virus infection","All cases","Notification rate","N/100000","2014","RU","Russia",0.020010260,""
"West Nile virus infection","All cases","Notification rate","N/100000","2014","SE","Sweden",0.000000000,""
"West Nile virus infection","All cases","Notification rate","N/100000","2014","SI","Slovenia",0.000000000,""
"West Nile virus infection","All cases","Notification rate","N/100000","2014","SK","Slovakia",0.000000000,""
"West Nile virus infection","All cases","Notification rate","N/100000","2014","UK","United Kingdom",0.003107940,""
"West Nile virus infection","All cases","Notification rate","N/100000","2014","XK","Kosovo",0.222943070,""
"West Nile virus infection","All cases","Notification rate","N/100000","2015","AL","Albania",0.000000000,""
"West Nile virus infection","All cases","Notification rate","N/100000","2015","AT","Austria",0.081538260,""
"West Nile virus infection","All cases","Notification rate","N/100000","2015","BE","Belgium",0.000000000,""
"West Nile virus infection","All cases","Notification rate","N/100000","2015","BG","Bulgaria",0.028450750,""
"West Nile virus infection","All cases","Notification rate","N/100000","2015","CY","Cyprus",0.000000000,""
"West Nile virus infection","All cases","Notification rate","N/100000","2015","CZ","Czechia",0.000000000,""
"West Nile virus infection","All cases","Notification rate","N/100000","2015","DK","Denmark",0.000000000,""
"West Nile virus infection","All cases","Notification rate","N/100000","2015","EE","Estonia",0.000000000,""
"West Nile virus infection","All cases","Notification rate","N/100000","2015","EL","Greece",0.000000000,""
"West Nile virus infection","All cases","Notification rate","N/100000","2015","ES","Spain",0.000000000,""
"West Nile virus infection","All cases","Notification rate","N/100000","2015","EU27_21","EU (without UK)",0.035385000,""
"West Nile virus infection","All cases","Notification rate","N/100000","2015","EU27_UK_21","EU (with UK until 2019)",0.030006000,""
"West Nile virus infection","All cases","Notification rate","N/100000","2015","EUEEA30_21","EU/EEA (without UK)",0.034887000,""
"West Nile virus infection","All cases","Notification rate","N/100000","2015","EUEEAUK_21","EU/EEA (with UK until 2019)",0.029647000,""
"West Nile virus infection","All cases","Notification rate","N/100000","2015","FI","Finland",0.000000000,""
"West Nile virus infection","All cases","Notification rate","N/100000","2015","FR","France",0.001504700,""
"West Nile virus infection","All cases","Notification rate","N/100000","2015","HR","Croatia",0.023918200,""
"West Nile virus infection","All cases","Notification rate","N/100000","2015","HU","Hungary",0.224127120,""
"West Nile virus infection","All cases","Notification rate","N/100000","2015","IE","Ireland",0.000000000,""
"West Nile virus infection","All cases","Notification rate","N/100000","2015","IL","Israel",1.552242970,""
"West Nile virus infection","All cases","Notification rate","N/100000","2015","IT","Italy",0.102826910,""
"West Nile virus infection","All cases","Notification rate","N/100000","2015","LT","Lithuania",0.000000000,""
"West Nile virus infection","All cases","Notification rate","N/100000","2015","LU","Luxembourg",0.000000000,""
"West Nile virus infection","All cases","Notification rate","N/100000","2015","LV","Latvia",0.000000000,""
"West Nile virus infection","All cases","Notification rate","N/100000","2015","ME","Montenegro",0.000000000,""
"West Nile virus infection","All cases","Notification rate","N/100000","2015","MK","North Macedonia",0.000000000,""
"West Nile virus infection","All cases","Notification rate","N/100000","2015","MT","Malta",0.000000000,""
"West Nile virus infection","All cases","Notification rate","N/100000","2015","NL","Netherlands",0.000000000,""
"West Nile virus infection","All cases","Notification rate","N/100000","2015","NO","Norway",0.000000000,""
"West Nile virus infection","All cases","Notification rate","N/100000","2015","PL","Poland",0.000000000,""
"West Nile virus infection","All cases","Notification rate","N/100000","2015","PS","Palestine",0.022116460,""
"West Nile virus infection","All cases","Notification rate","N/100000","2015","PT","Portugal",0.009619890,""
"West Nile virus infection","All cases","Notification rate","N/100000","2015","RO","Romania",0.161041560,""
"West Nile virus infection","All cases","Notification rate","N/100000","2015","RS","Serbia",0.393568360,""
"West Nile virus infection","All cases","Notification rate","N/100000","2015","RU","Russia",0.026839620,""
"West Nile virus infection","All cases","Notification rate","N/100000","2015","SE","Sweden",0.000000000,""
"West Nile virus infection","All cases","Notification rate","N/100000","2015","SI","Slovenia",0.000000000,""
"West Nile virus infection","All cases","Notification rate","N/100000","2015","SK","Slovakia",0.000000000,""
"West Nile virus infection","All cases","Notification rate","N/100000","2015","UK","United Kingdom",0.000000000,""
"West Nile virus infection","All cases","Notification rate","N/100000","2015","XK","Kosovo",0.055735760,""
"West Nile virus infection","All cases","Notification rate","N/100000","2016","AL","Albania",0.000000000,""
"West Nile virus infection","All cases","Notification rate","N/100000","2016","AT","Austria",0.057468150,""
"West Nile virus infection","All cases","Notification rate","N/100000","2016","BE","Belgium",0.000000000,""
"West Nile virus infection","All cases","Notification rate","N/100000","2016","BG","Bulgaria",0.028823590,""
"West Nile virus infection","All cases","Notification rate","N/100000","2016","CY","Cyprus",0.115772360,""
"West Nile virus infection","All cases","Notification rate","N/100000","2016","CZ","Czechia",0.000000000,""
"West Nile virus infection","All cases","Notification rate","N/100000","2016","DK","Denmark",0.000000000,""
"West Nile virus infection","All cases","Notification rate","N/100000","2016","EE","Estonia",0.000000000,""
"West Nile virus infection","All cases","Notification rate","N/100000","2016","EG","Egypt",0.000983820,""
"West Nile virus infection","All cases","Notification rate","N/100000","2016","EL","Greece",0.000000000,""
"West Nile virus infection","All cases","Notification rate","N/100000","2016","ES","Spain",0.008617180,""
"West Nile virus infection","All cases","Notification rate","N/100000","2016","EU27_21","EU (without UK)",0.066329000,""
"West Nile virus infection","All cases","Notification rate","N/100000","2016","EU27_UK_21","EU (with UK until 2019)",0.056178000,""
"West Nile virus infection","All cases","Notification rate","N/100000","2016","EUEEA30_21","EU/EEA (without UK)",0.065387000,""
"West Nile virus infection","All cases","Notification rate","N/100000","2016","EUEEAUK_21","EU/EEA (with UK until 2019)",0.055501000,""
"West Nile virus infection","All cases","Notification rate","N/100000","2016","FI","Finland",0.000000000,""
"West Nile virus infection","All cases","Notification rate","N/100000","2016","FR","France",0.004501900,""
"West Nile virus infection","All cases","Notification rate","N/100000","2016","HR","Croatia",0.048413070,""
"West Nile virus infection","All cases","Notification rate","N/100000","2016","HU","Hungary",0.490815010,""
"West Nile virus infection","All cases","Notification rate","N/100000","2016","IE","Ireland",0.000000000,""
"West Nile virus infection","All cases","Notification rate","N/100000","2016","IL","Israel",1.023147990,""
"West Nile virus infection","All cases","Notification rate","N/100000","2016","IT","Italy",0.134632650,""
"West Nile virus infection","All cases","Notification rate","N/100000","2016","LT","Lithuania",0.000000000,""
"West Nile virus infection","All cases","Notification rate","N/100000","2016","LU","Luxembourg",0.000000000,""
"West Nile virus infection","All cases","Notification rate","N/100000","2016","LV","Latvia",0.000000000,""
"West Nile virus infection","All cases","Notification rate","N/100000","2016","ME","Montenegro",0.000000000,""
"West Nile virus infection","All cases","Notification rate","N/100000","2016","MK","North Macedonia",0.000000000,""
"West Nile virus infection","All cases","Notification rate","N/100000","2016","MT","Malta",0.000000000,""
"West Nile virus infection","All cases","Notification rate","N/100000","2016","NL","Netherlands",0.005889580,""
"West Nile virus infection","All cases","Notification rate","N/100000","2016","NO","Norway",0.000000000,""
"West Nile virus infection","All cases","Notification rate","N/100000","2016","PL","Poland",0.000000000,""
"West Nile virus infection","All cases","Notification rate","N/100000","2016","PT","Portugal",0.000000000,""
"West Nile virus infection","All cases","Notification rate","N/100000","2016","RO","Romania",0.470633840,""
"West Nile virus infection","All cases","Notification rate","N/100000","2016","RS","Serbia",0.621787540,""
"West Nile virus infection","All cases","Notification rate","N/100000","2016","RU","Russia",0.092606160,""
"West Nile virus infection","All cases","Notification rate","N/100000","2016","SE","Sweden",0.000000000,""
"West Nile virus infection","All cases","Notification rate","N/100000","2016","SI","Slovenia",0.000000000,""
"West Nile virus infection","All cases","Notification rate","N/100000","2016","SK","Slovakia",0.000000000,""
"West Nile virus infection","All cases","Notification rate","N/100000","2016","SY","Syria",0.010420040,""
"West Nile virus infection","All cases","Notification rate","N/100000","2016","TN","Tunisia",0.008674060,""
"West Nile virus infection","All cases","Notification rate","N/100000","2016","TR","Türkiye",0.002539970,""
"West Nile virus infection","All cases","Notification rate","N/100000","2016","UA","Ukraine",0.002347920,""
"West Nile virus infection","All cases","Notification rate","N/100000","2016","UK","United Kingdom",0.000000000,""
"West Nile virus infection","All cases","Notification rate","N/100000","2016","XK","Kosovo",0.000000000,""
"West Nile virus infection","All cases","Notification rate","N/100000","2017","AL","Albania",0.000000000,""
"West Nile virus infection","All cases","Notification rate","N/100000","2017","AT","Austria",0.079791490,""
"West Nile virus infection","All cases","Notification rate","N/100000","2017","BE","Belgium",0.017618460,""
"West Nile virus infection","All cases","Notification rate","N/100000","2017","BG","Bulgaria",0.014599560,""
"West Nile virus infection","All cases","Notification rate","N/100000","2017","CY","Cyprus",0.000000000,""
"West Nile virus infection","All cases","Notification rate","N/100000","2017","CZ","Czechia",0.000000000,""
"West Nile virus infection","All cases","Notification rate","N/100000","2017","DK","Denmark",0.000000000,""
"West Nile virus infection","All cases","Notification rate","N/100000","2017","EE","Estonia",0.000000000,""
"West Nile virus infection","All cases","Notification rate","N/100000","2017","EL","Greece",0.445757240,""
"West Nile virus infection","All cases","Notification rate","N/100000","2017","ES","Spain",0.000000000,""
"West Nile virus infection","All cases","Notification rate","N/100000","2017","EU27_21","EU (without UK)",0.057711000,""
"West Nile virus infection","All cases","Notification rate","N/100000","2017","EU27_UK_21","EU (with UK until 2019)",0.049066000,""
"West Nile virus infection","All cases","Notification rate","N/100000","2017","EUEEA30_21","EU/EEA (without UK)",0.056832000,""
"West Nile virus infection","All cases","Notification rate","N/100000","2017","EUEEAUK_21","EU/EEA (with UK until 2019)",0.048432000,""
"West Nile virus infection","All cases","Notification rate","N/100000","2017","FI","Finland",0.000000000,""
"West Nile virus infection","All cases","Notification rate","N/100000","2017","FR","France",0.002993570,""
"West Nile virus infection","All cases","Notification rate","N/100000","2017","HR","Croatia",0.122586000,""
"West Nile virus infection","All cases","Notification rate","N/100000","2017","HU","Hungary",0.236143090,""
"West Nile virus infection","All cases","Notification rate","N/100000","2017","IE","Ireland",0.000000000,""
"West Nile virus infection","All cases","Notification rate","N/100000","2017","IL","Israel",0.370735960,""
"West Nile virus infection","All cases","Notification rate","N/100000","2017","IS","Iceland",0.000000000,""
"West Nile virus infection","All cases","Notification rate","N/100000","2017","IT","Italy",0.089900010,""
"West Nile virus infection","All cases","Notification rate","N/100000","2017","LT","Lithuania",0.000000000,""
"West Nile virus infection","All cases","Notification rate","N/100000","2017","LU","Luxembourg",0.000000000,""
"West Nile virus infection","All cases","Notification rate","N/100000","2017","LV","Latvia",0.000000000,""
"West Nile virus infection","All cases","Notification rate","N/100000","2017","ME","Montenegro",0.000000000,""
"West Nile virus infection","All cases","Notification rate","N/100000","2017","MK","North Macedonia",0.000000000,""
"West Nile virus infection","All cases","Notification rate","N/100000","2017","MT","Malta",0.000000000,""
"West Nile virus infection","All cases","Notification rate","N/100000","2017","NL","Netherlands",0.000000000,""
"West Nile virus infection","All cases","Notification rate","N/100000","2017","NO","Norway",0.000000000,""
"West Nile virus infection","All cases","Notification rate","N/100000","2017","PL","Poland",0.000000000,""
"West Nile virus infection","All cases","Notification rate","N/100000","2017","PT","Portugal",0.000000000,""
"West Nile virus infection","All cases","Notification rate","N/100000","2017","RO","Romania",0.335981320,""
"West Nile virus infection","All cases","Notification rate","N/100000","2017","RS","Serbia",0.695995830,""
"West Nile virus infection","All cases","Notification rate","N/100000","2017","SE","Sweden",0.000000000,""
"West Nile virus infection","All cases","Notification rate","N/100000","2017","SI","Slovenia",0.048405170,""
"West Nile virus infection","All cases","Notification rate","N/100000","2017","SK","Slovakia",0.000000000,""
"West Nile virus infection","All cases","Notification rate","N/100000","2017","TR","Türkiye",0.008770290,""
"West Nile virus infection","All cases","Notification rate","N/100000","2017","UK","United Kingdom",0.001518730,""
"West Nile virus infection","All cases","Notification rate","N/100000","2017","XK","Kosovo",0.112137100,""
"West Nile virus infection","All cases","Notification rate","N/100000","2018","AL","Albania",0.034839270,""
"West Nile virus infection","All cases","Notification rate","N/100000","2018","AT","Austria",0.306043780,""
"West Nile virus infection","All cases","Notification rate","N/100000","2018","BE","Belgium",0.017546030,""
"West Nile virus infection","All cases","Notification rate","N/100000","2018","BG","Bulgaria",0.221978270,""
"West Nile virus infection","All cases","Notification rate","N/100000","2018","CY","Cyprus",0.113817300,""
"West Nile virus infection","All cases","Notification rate","N/100000","2018","CZ","Czechia",0.065975150,""
"West Nile virus infection","All cases","Notification rate","N/100000","2018","DE","Germany",0.013286250,""
"West Nile virus infection","All cases","Notification rate","N/100000","2018","DK","Denmark",0.000000000,""
"West Nile virus infection","All cases","Notification rate","N/100000","2018","EE","Estonia",0.000000000,""
"West Nile virus infection","All cases","Notification rate","N/100000","2018","EL","Greece",2.941952750,""
"West Nile virus infection","All cases","Notification rate","N/100000","2018","ES","Spain",0.002143840,""
"West Nile virus infection","All cases","Notification rate","N/100000","2018","EU27_21","EU (without UK)",0.362002000,""
"West Nile virus infection","All cases","Notification rate","N/100000","2018","EU27_UK_21","EU (with UK until 2019)",0.315691000,""
"West Nile virus infection","All cases","Notification rate","N/100000","2018","EUEEA30_21","EU/EEA (without UK)",0.357471000,""
"West Nile virus infection","All cases","Notification rate","N/100000","2018","EUEEAUK_21","EU/EEA (with UK until 2019)",0.312246000,""
"West Nile virus infection","All cases","Notification rate","N/100000","2018","FI","Finland",0.000000000,""
"West Nile virus infection","All cases","Notification rate","N/100000","2018","FR","France",0.043266640,""
"West Nile virus infection","All cases","Notification rate","N/100000","2018","HR","Croatia",1.569373400,""
"West Nile virus infection","All cases","Notification rate","N/100000","2018","HU","Hungary",2.316326860,""
"West Nile virus infection","All cases","Notification rate","N/100000","2018","IE","Ireland",0.000000000,""
"West Nile virus infection","All cases","Notification rate","N/100000","2018","IL","Israel",1.598115350,""
"West Nile virus infection","All cases","Notification rate","N/100000","2018","IS","Iceland",0.000000000,""
"West Nile virus infection","All cases","Notification rate","N/100000","2018","IT","Italy",1.031069400,""
"West Nile virus infection","All cases","Notification rate","N/100000","2018","LT","Lithuania",0.000000000,""
"West Nile virus infection","All cases","Notification rate","N/100000","2018","LU","Luxembourg",0.000000000,""
"West Nile virus infection","All cases","Notification rate","N/100000","2018","LV","Latvia",0.000000000,""
"West Nile virus infection","All cases","Notification rate","N/100000","2018","ME","Montenegro",0.000000000,""
"West Nile virus infection","All cases","Notification rate","N/100000","2018","MK","North Macedonia",0.000000000,""
"West Nile virus infection","All cases","Notification rate","N/100000","2018","MT","Malta",0.000000000,""
"West Nile virus infection","All cases","Notification rate","N/100000","2018","NL","Netherlands",0.011640700,""
"West Nile virus infection","All cases","Notification rate","N/100000","2018","NO","Norway",0.000000000,""
"West Nile virus infection","All cases","Notification rate","N/100000","2018","PL","Poland",0.000000000,""
"West Nile virus infection","All cases","Notification rate","N/100000","2018","PT","Portugal",0.000000000,""
"West Nile virus infection","All cases","Notification rate","N/100000","2018","RO","Romania",1.418078010,""
"West Nile virus infection","All cases","Notification rate","N/100000","2018","RS","Serbia",5.927348700,""
"West Nile virus infection","All cases","Notification rate","N/100000","2018","SE","Sweden",0.118574230,""
"West Nile virus infection","All cases","Notification rate","N/100000","2018","SI","Slovenia",0.241910510,""
"West Nile virus infection","All cases","Notification rate","N/100000","2018","SK","Slovakia",0.018371810,""
"West Nile virus infection","All cases","Notification rate","N/100000","2018","TR","Türkiye",0.032174020,""
"West Nile virus infection","All cases","Notification rate","N/100000","2018","UK","United Kingdom",0.004526690,""
"West Nile virus infection","All cases","Notification rate","N/100000","2018","XK","Kosovo",0.778423860,""
"West Nile virus infection","All cases","Notification rate","N/100000","2019","AL","Albania",0.000000000,""
"West Nile virus infection","All cases","Notification rate","N/100000","2019","AT","Austria",0.045152960,""
"West Nile virus infection","All cases","Notification rate","N/100000","2019","BE","Belgium",0.008729410,""
"West Nile virus infection","All cases","Notification rate","N/100000","2019","BG","Bulgaria",0.105039220,""
"West Nile virus infection","All cases","Notification rate","N/100000","2019","CY","Cyprus",2.696041530,""
"West Nile virus infection","All cases","Notification rate","N/100000","2019","CZ","Czechia",0.018779690,""
"West Nile virus infection","All cases","Notification rate","N/100000","2019","DE","Germany",0.014454480,""
"West Nile virus infection","All cases","Notification rate","N/100000","2019","DK","Denmark",0.000000000,""
"West Nile virus infection","All cases","Notification rate","N/100000","2019","EE","Estonia",0.000000000,""
"West Nile virus infection","All cases","Notification rate","N/100000","2019","EL","Greece",2.116629250,""
"West Nile virus infection","All cases","Notification rate","N/100000","2019","ES","Spain",0.000000000,""
"West Nile virus infection","All cases","Notification rate","N/100000","2019","EU27_21","EU (without UK)",0.099069000,""
"West Nile virus infection","All cases","Notification rate","N/100000","2019","EU27_UK_21","EU (with UK until 2019)",0.086388000,""
"West Nile virus infection","All cases","Notification rate","N/100000","2019","EUEEA30_21","EU/EEA (without UK)",0.097823000,""
"West Nile virus infection","All cases","Notification rate","N/100000","2019","EUEEAUK_21","EU/EEA (with UK until 2019)",0.085441000,""
"West Nile virus infection","All cases","Notification rate","N/100000","2019","FI","Finland",0.000000000,""
"West Nile virus infection","All cases","Notification rate","N/100000","2019","FR","France",0.005944370,""
"West Nile virus infection","All cases","Notification rate","N/100000","2019","HR","Croatia",0.000000000,""
"West Nile virus infection","All cases","Notification rate","N/100000","2019","HU","Hungary",0.381432600,""
"West Nile virus infection","All cases","Notification rate","N/100000","2019","IE","Ireland",0.000000000,""
"West Nile virus infection","All cases","Notification rate","N/100000","2019","IL","Israel",0.127058560,""
"West Nile virus infection","All cases","Notification rate","N/100000","2019","IS","Iceland",0.000000000,""
"West Nile virus infection","All cases","Notification rate","N/100000","2019","IT","Italy",0.091947600,""
"West Nile virus infection","All cases","Notification rate","N/100000","2019","LT","Lithuania",0.000000000,""
"West Nile virus infection","All cases","Notification rate","N/100000","2019","LU","Luxembourg",0.000000000,""
"West Nile virus infection","All cases","Notification rate","N/100000","2019","LV","Latvia",0.000000000,""
"West Nile virus infection","All cases","Notification rate","N/100000","2019","ME","Montenegro",0.000000000,""
"West Nile virus infection","All cases","Notification rate","N/100000","2019","MK","North Macedonia",0.288859830,""
"West Nile virus infection","All cases","Notification rate","N/100000","2019","MT","Malta",0.000000000,""
"West Nile virus infection","All cases","Notification rate","N/100000","2019","NL","Netherlands",0.000000000,""
"West Nile virus infection","All cases","Notification rate","N/100000","2019","NO","Norway",0.000000000,""
"West Nile virus infection","All cases","Notification rate","N/100000","2019","PL","Poland",0.000000000,""
"West Nile virus infection","All cases","Notification rate","N/100000","2019","PT","Portugal",0.000000000,""
"West Nile virus infection","All cases","Notification rate","N/100000","2019","RO","Romania",0.345103630,""
"West Nile virus infection","All cases","Notification rate","N/100000","2019","RS","Serbia",0.387721350,""
"West Nile virus infection","All cases","Notification rate","N/100000","2019","SE","Sweden",0.009774990,""
"West Nile virus infection","All cases","Notification rate","N/100000","2019","SI","Slovenia",0.000000000,""
"West Nile virus infection","All cases","Notification rate","N/100000","2019","SK","Slovakia",0.018347200,""
"West Nile virus infection","All cases","Notification rate","N/100000","2019","TR","Türkiye",0.012194540,""
"West Nile virus infection","All cases","Notification rate","N/100000","2019","UK","United Kingdom",0.001500440,""
"West Nile virus infection","All cases","Notification rate","N/100000","2019","XK","Kosovo",0.000000000,""
"West Nile virus infection","All cases","Notification rate","N/100000","2020","AL","Albania",0.000000000,""
"West Nile virus infection","All cases","Notification rate","N/100000","2020","AT","Austria",0.000000000,""
"West Nile virus infection","All cases","Notification rate","N/100000","2020","BE","Belgium",0.000000000,""
"West Nile virus infection","All cases","Notification rate","N/100000","2020","BG","Bulgaria",0.015222370,""
"West Nile virus infection","All cases","Notification rate","N/100000","2020","CY","Cyprus",0.000000000,""
"West Nile virus infection","All cases","Notification rate","N/100000","2020","CZ","Czechia",0.000000000,""
"West Nile virus infection","All cases","Notification rate","N/100000","2020","DE","Germany",0.027655290,""
"West Nile virus infection","All cases","Notification rate","N/100000","2020","DK","Denmark",0.000000000,""
"West Nile virus infection","All cases","Notification rate","N/100000","2020","EE","Estonia",0.000000000,""
"West Nile virus infection","All cases","Notification rate","N/100000","2020","EL","Greece",1.343463420,""
"West Nile virus infection","All cases","Notification rate","N/100000","2020","ES","Spain",0.162728590,""
"West Nile virus infection","All cases","Notification rate","N/100000","2020","EU27_21","EU (without UK)",0.074491000,""
"West Nile virus infection","All cases","Notification rate","N/100000","2020","EU27_UK_21","EU (with UK until 2019)",0.074491000,""
"West Nile virus infection","All cases","Notification rate","N/100000","2020","EUEEA30_21","EU/EEA (without UK)",0.073548000,""
"West Nile virus infection","All cases","Notification rate","N/100000","2020","EUEEAUK_21","EU/EEA (with UK until 2019)",0.073548000,""
"West Nile virus infection","All cases","Notification rate","N/100000","2020","FI","Finland",0.000000000,""
"West Nile virus infection","All cases","Notification rate","N/100000","2020","FR","France",0.000000000,""
"West Nile virus infection","All cases","Notification rate","N/100000","2020","HR","Croatia",0.000000000,""
"West Nile virus infection","All cases","Notification rate","N/100000","2020","HU","Hungary",0.030961740,""
"West Nile virus infection","All cases","Notification rate","N/100000","2020","IE","Ireland",0.000000000,""
"West Nile virus infection","All cases","Notification rate","N/100000","2020","IL","Israel",0.193174740,""
"West Nile virus infection","All cases","Notification rate","N/100000","2020","IS","Iceland",0.000000000,""
"West Nile virus infection","All cases","Notification rate","N/100000","2020","IT","Italy",0.119044640,""
"West Nile virus infection","All cases","Notification rate","N/100000","2020","LT","Lithuania",0.000000000,""
"West Nile virus infection","All cases","Notification rate","N/100000","2020","LU","Luxembourg",0.000000000,""
"West Nile virus infection","All cases","Notification rate","N/100000","2020","LV","Latvia",0.000000000,""
"West Nile virus infection","All cases","Notification rate","N/100000","2020","MK","North Macedonia",0.000000000,""
"West Nile virus infection","All cases","Notification rate","N/100000","2020","MT","Malta",0.000000000,""
"West Nile virus infection","All cases","Notification rate","N/100000","2020","NL","Netherlands",0.045956970,""
"West Nile virus infection","All cases","Notification rate","N/100000","2020","NO","Norway",0.000000000,""
"West Nile virus infection","All cases","Notification rate","N/100000","2020","PL","Poland",0.000000000,""
"West Nile virus infection","All cases","Notification rate","N/100000","2020","PT","Portugal",0.000000000,""
"West Nile virus infection","All cases","Notification rate","N/100000","2020","RO","Romania",0.031041700,""
"West Nile virus infection","All cases","Notification rate","N/100000","2020","SE","Sweden",0.000000000,""
"West Nile virus infection","All cases","Notification rate","N/100000","2020","SI","Slovenia",0.000000000,""
"West Nile virus infection","All cases","Notification rate","N/100000","2020","SK","Slovakia",0.000000000,""
"West Nile virus infection","All cases","Notification rate","N/100000","2020","TR","Türkiye",0.000000000,""
"West Nile virus infection","All cases","Notification rate","N/100000","2020","XK","Kosovo",0.000000000,""
"West Nile virus infection","All cases","Notification rate","N/100000","2021","AL","Albania",0.000000000,""
"West Nile virus infection","All cases","Notification rate","N/100000","2021","AT","Austria",0.044779470,""
"West Nile virus infection","All cases","Notification rate","N/100000","2021","BA","Bosnia and Herzegovina",0.000000000,""
"West Nile virus infection","All cases","Notification rate","N/100000","2021","BE","Belgium",0.000000000,""
"West Nile virus infection","All cases","Notification rate","N/100000","2021","BG","Bulgaria",0.000000000,""
"West Nile virus infection","All cases","Notification rate","N/100000","2021","CY","Cyprus",0.000000000,""
"West Nile virus infection","All cases","Notification rate","N/100000","2021","CZ","Czechia",0.000000000,""
"West Nile virus infection","All cases","Notification rate","N/100000","2021","DE","Germany",0.006012860,""
"West Nile virus infection","All cases","Notification rate","N/100000","2021","DK","Denmark",0.000000000,""
"West Nile virus infection","All cases","Notification rate","N/100000","2021","EE","Estonia",0.000000000,""
"West Nile virus infection","All cases","Notification rate","N/100000","2021","EL","Greece",0.561869720,""
"West Nile virus infection","All cases","Notification rate","N/100000","2021","ES","Spain",0.012658010,""
"West Nile virus infection","All cases","Notification rate","N/100000","2021","EU27_21","EU (without UK)",0.035436000,""
"West Nile virus infection","All cases","Notification rate","N/100000","2021","EU27_UK_21","EU (with UK until 2019)",0.035436000,""
"West Nile virus infection","All cases","Notification rate","N/100000","2021","EUEEA30_21","EU/EEA (without UK)",0.034981000,""
"West Nile virus infection","All cases","Notification rate","N/100000","2021","EUEEAUK_21","EU/EEA (with UK until 2019)",0.034981000,""
"West Nile virus infection","All cases","Notification rate","N/100000","2021","FI","Finland",0.000000000,""
"West Nile virus infection","All cases","Notification rate","N/100000","2021","FR","France",0.004429440,""
"West Nile virus infection","All cases","Notification rate","N/100000","2021","HR","Croatia",0.000000000,""
"West Nile virus infection","All cases","Notification rate","N/100000","2021","HU","Hungary",0.082889000,""
"West Nile virus infection","All cases","Notification rate","N/100000","2021","IE","Ireland",0.000000000,""
"West Nile virus infection","All cases","Notification rate","N/100000","2021","IS","Iceland",0.000000000,""
"West Nile virus infection","All cases","Notification rate","N/100000","2021","IT","Italy",0.109730170,""
"West Nile virus infection","All cases","Notification rate","N/100000","2021","LI","Liechtenstein",0.000000000,""
"West Nile virus infection","All cases","Notification rate","N/100000","2021","LT","Lithuania",0.000000000,""
"West Nile virus infection","All cases","Notification rate","N/100000","2021","LU","Luxembourg",0.000000000,""
"West Nile virus infection","All cases","Notification rate","N/100000","2021","LV","Latvia",0.000000000,""
"West Nile virus infection","All cases","Notification rate","N/100000","2021","ME","Montenegro",0.000000000,""
"West Nile virus infection","All cases","Notification rate","N/100000","2021","MK","North Macedonia",0.145011040,""
"West Nile virus infection","All cases","Notification rate","N/100000","2021","MT","Malta",0.000000000,""
"West Nile virus infection","All cases","Notification rate","N/100000","2021","NL","Netherlands",0.000000000,""
"West Nile virus infection","All cases","Notification rate","N/100000","2021","NO","Norway",0.000000000,""
"West Nile virus infection","All cases","Notification rate","N/100000","2021","PL","Poland",0.000000000,""
"West Nile virus infection","All cases","Notification rate","N/100000","2021","PT","Portugal",0.000000000,""
"West Nile virus infection","All cases","Notification rate","N/100000","2021","RO","Romania",0.036455170,""
"West Nile virus infection","All cases","Notification rate","N/100000","2021","RS","Serbia",0.261949740,""
"West Nile virus infection","All cases","Notification rate","N/100000","2021","SE","Sweden",0.000000000,""
"West Nile virus infection","All cases","Notification rate","N/100000","2021","SI","Slovenia",0.000000000,""
"West Nile virus infection","All cases","Notification rate","N/100000","2021","SK","Slovakia",0.000000000,""
"West Nile virus infection","All cases","Notification rate","N/100000","2021","TR","Türkiye",0.000000000,""
"West Nile virus infection","All cases","Notification rate","N/100000","2021","XK","Kosovo",0.000000000,""
"West Nile virus infection","All cases","Notification rate","N/100000","2022","AL","Albania",0.000000000,""
"West Nile virus infection","All cases","Notification rate","N/100000","2022","AT","Austria",0.089097480,""
"West Nile virus infection","All cases","Notification rate","N/100000","2022","BA","Bosnia and Herzegovina",0.000000000,""
"West Nile virus infection","All cases","Notification rate","N/100000","2022","BE","Belgium",0.000000000,""
"West Nile virus infection","All cases","Notification rate","N/100000","2022","BG","Bulgaria",0.015426180,""
"West Nile virus infection","All cases","Notification rate","N/100000","2022","CY","Cyprus",0.000000000,""
"West Nile virus infection","All cases","Notification rate","N/100000","2022","CZ","Czechia",0.019017350,""
"West Nile virus infection","All cases","Notification rate","N/100000","2022","DE","Germany",0.022826350,""
"West Nile virus infection","All cases","Notification rate","N/100000","2022","DK","Denmark",0.017025850,""
"West Nile virus infection","All cases","Notification rate","N/100000","2022","EE","Estonia",0.000000000,""
"West Nile virus infection","All cases","Notification rate","N/100000","2022","EL","Greece",2.734282600,""
"West Nile virus infection","All cases","Notification rate","N/100000","2022","ES","Spain",0.008423380,""
"West Nile virus infection","All cases","Notification rate","N/100000","2022","EU27_21","EU (without UK)",0.255397000,""
"West Nile virus infection","All cases","Notification rate","N/100000","2022","EU27_UK_21","EU (with UK until 2019)",0.255397000,""
"West Nile virus infection","All cases","Notification rate","N/100000","2022","EUEEA30_21","EU/EEA (without UK)",0.252095000,""
"West Nile virus infection","All cases","Notification rate","N/100000","2022","EUEEAUK_21","EU/EEA (with UK until 2019)",0.252095000,""
"West Nile virus infection","All cases","Notification rate","N/100000","2022","FI","Finland",0.018023730,""
"West Nile virus infection","All cases","Notification rate","N/100000","2022","FR","France",0.016154680,""
"West Nile virus infection","All cases","Notification rate","N/100000","2022","HR","Croatia",0.207130190,""
"West Nile virus infection","All cases","Notification rate","N/100000","2022","HU","Hungary",0.145675470,""
"West Nile virus infection","All cases","Notification rate","N/100000","2022","IE","Ireland",0.000000000,""
"West Nile virus infection","All cases","Notification rate","N/100000","2022","IS","Iceland",0.000000000,""
"West Nile virus infection","All cases","Notification rate","N/100000","2022","IT","Italy",1.233268430,""
"West Nile virus infection","All cases","Notification rate","N/100000","2022","LI","Liechtenstein",0.000000000,""
"West Nile virus infection","All cases","Notification rate","N/100000","2022","LT","Lithuania",0.000000000,""
"West Nile virus infection","All cases","Notification rate","N/100000","2022","LU","Luxembourg",0.000000000,""
"West Nile virus infection","All cases","Notification rate","N/100000","2022","LV","Latvia",0.000000000,""
"West Nile virus infection","All cases","Notification rate","N/100000","2022","ME","Montenegro",0.000000000,""
"West Nile virus infection","All cases","Notification rate","N/100000","2022","MK","North Macedonia",0.108866400,""
"West Nile virus infection","All cases","Notification rate","N/100000","2022","MT","Malta",0.192243360,""
"West Nile virus infection","All cases","Notification rate","N/100000","2022","NL","Netherlands",0.000000000,""
"West Nile virus infection","All cases","Notification rate","N/100000","2022","NO","Norway",0.000000000,""
"West Nile virus infection","All cases","Notification rate","N/100000","2022","PL","Poland",0.002710770,""
"West Nile virus infection","All cases","Notification rate","N/100000","2022","PT","Portugal",0.000000000,""
"West Nile virus infection","All cases","Notification rate","N/100000","2022","RO","Romania",0.278325450,""
"West Nile virus infection","All cases","Notification rate","N/100000","2022","RS","Serbia",3.619187870,""
"West Nile virus infection","All cases","Notification rate","N/100000","2022","SE","Sweden",0.000000000,""
"West Nile virus infection","All cases","Notification rate","N/100000","2022","SI","Slovenia",0.000000000,""
"West Nile virus infection","All cases","Notification rate","N/100000","2022","SK","Slovakia",0.018400230,""
"West Nile virus infection","All cases","Notification rate","N/100000","2022","TR","Türkiye",0.000000000,""
"West Nile virus infection","All cases","Notification rate","N/100000","2022","XK","Kosovo",0.000000000,""
"West Nile virus infection","All cases","Notification rate","N/100000","2023","AT","Austria",0.010983250,""
"West Nile virus infection","All cases","Notification rate","N/100000","2023","BA","Bosnia and Herzegovina",0.000000000,""
"West Nile virus infection","All cases","Notification rate","N/100000","2023","BE","Belgium",0.000000000,""
"West Nile virus infection","All cases","Notification rate","N/100000","2023","BG","Bulgaria",0.000000000,""
"West Nile virus infection","All cases","Notification rate","N/100000","2023","CY","Cyprus",0.632188510,""
"West Nile virus infection","All cases","Notification rate","N/100000","2023","CZ","Czechia",0.000000000,""
"West Nile virus infection","All cases","Notification rate","N/100000","2023","DE","Germany",0.020452720,""
"West Nile virus infection","All cases","Notification rate","N/100000","2023","DK","Denmark",0.000000000,""
"West Nile virus infection","All cases","Notification rate","N/100000","2023","EE","Estonia",0.000000000,""
"West Nile virus infection","All cases","Notification rate","N/100000","2023","EL","Greece",1.555600920,""
"West Nile virus infection","All cases","Notification rate","N/100000","2023","ES","Spain",0.045751970,""
"West Nile virus infection","All cases","Notification rate","N/100000","2023","EU27_21","EU (without UK)",0.167971000,""
"West Nile virus infection","All cases","Notification rate","N/100000","2023","EU27_UK_21","EU (with UK until 2019)",0.167971000,""
"West Nile virus infection","All cases","Notification rate","N/100000","2023","EUEEA30_21","EU/EEA (without UK)",0.165780000,""
"West Nile virus infection","All cases","Notification rate","N/100000","2023","EUEEAUK_21","EU/EEA (with UK until 2019)",0.165780000,""
"West Nile virus infection","All cases","Notification rate","N/100000","2023","FI","Finland",0.053918330,""
"West Nile virus infection","All cases","Notification rate","N/100000","2023","FR","France",0.070301640,""
"West Nile virus infection","All cases","Notification rate","N/100000","2023","HR","Croatia",0.259679960,""
"West Nile virus infection","All cases","Notification rate","N/100000","2023","HU","Hungary",0.343759160,""
"West Nile virus infection","All cases","Notification rate","N/100000","2023","IE","Ireland",0.018970310,""
"West Nile virus infection","All cases","Notification rate","N/100000","2023","IS","Iceland",0.000000000,""
"West Nile virus infection","All cases","Notification rate","N/100000","2023","IT","Italy",0.583078500,""
"West Nile virus infection","All cases","Notification rate","N/100000","2023","LI","Liechtenstein",0.000000000,""
"West Nile virus infection","All cases","Notification rate","N/100000","2023","LT","Lithuania",0.000000000,""
"West Nile virus infection","All cases","Notification rate","N/100000","2023","LU","Luxembourg",0.000000000,""
"West Nile virus infection","All cases","Notification rate","N/100000","2023","LV","Latvia",0.000000000,""
"West Nile virus infection","All cases","Notification rate","N/100000","2023","ME","Montenegro",0.000000000,""
"West Nile virus infection","All cases","Notification rate","N/100000","2023","MK","North Macedonia",0.163938540,""
"West Nile virus infection","All cases","Notification rate","N/100000","2023","MT","Malta",0.000000000,""
"West Nile virus infection","All cases","Notification rate","N/100000","2023","NL","Netherlands",0.000000000,""
"West Nile virus infection","All cases","Notification rate","N/100000","2023","NO","Norway",0.000000000,""
"West Nile virus infection","All cases","Notification rate","N/100000","2023","PL","Poland",0.000000000,""
"West Nile virus infection","All cases","Notification rate","N/100000","2023","PT","Portugal",0.000000000,""
"West Nile virus infection","All cases","Notification rate","N/100000","2023","RO","Romania",0.551049540,""
"West Nile virus infection","All cases","Notification rate","N/100000","2023","RS","Serbia",1.385292440,""
"West Nile virus infection","All cases","Notification rate","N/100000","2023","SE","Sweden",0.000000000,""
"West Nile virus infection","All cases","Notification rate","N/100000","2023","SI","Slovenia",0.000000000,""
"West Nile virus infection","All cases","Notification rate","N/100000","2023","SK","Slovakia",0.000000000,""
"West Nile virus infection","All cases","Notification rate","N/100000","2023","TR","Türkiye",0.000000000,""
"West Nile virus infection","All cases","Notification rate","N/100000","2023","XK","Kosovo",0.000000000,""
"West Nile virus infection","All cases","Notification rate","N/100000","2024","AL","Albania",3.729472060,""
"West Nile virus infection","All cases","Notification rate","N/100000","2024","AT","Austria",0.403985250,""
"West Nile virus infection","All cases","Notification rate","N/100000","2024","BE","Belgium",0.008462310,""
"West Nile virus infection","All cases","Notification rate","N/100000","2024","BG","Bulgaria",0.372353900,""
"West Nile virus infection","All cases","Notification rate","N/100000","2024","CY","Cyprus",0.206961130,""
"West Nile virus infection","All cases","Notification rate","N/100000","2024","CZ","Czechia",0.045869220,""
"West Nile virus infection","All cases","Notification rate","N/100000","2024","DE","Germany",0.105444720,""
"West Nile virus infection","All cases","Notification rate","N/100000","2024","DK","Denmark",0.000000000,""
"West Nile virus infection","All cases","Notification rate","N/100000","2024","EE","Estonia",0.000000000,""
"West Nile virus infection","All cases","Notification rate","N/100000","2024","EL","Greece",2.153697050,""
"West Nile virus infection","All cases","Notification rate","N/100000","2024","ES","Spain",0.331141520,""
"West Nile virus infection","All cases","Notification rate","N/100000","2024","EU27_21","EU (without UK)",0.294899000,""
"West Nile virus infection","All cases","Notification rate","N/100000","2024","EU27_UK_21","EU (with UK until 2019)",0.294899000,""
"West Nile virus infection","All cases","Notification rate","N/100000","2024","EUEEA30_21","EU/EEA (without UK)",0.291029000,""
"West Nile virus infection","All cases","Notification rate","N/100000","2024","EUEEAUK_21","EU/EEA (with UK until 2019)",0.291029000,""
"West Nile virus infection","All cases","Notification rate","N/100000","2024","FI","Finland",0.000000000,""
"West Nile virus infection","All cases","Notification rate","N/100000","2024","FR","France",0.059882540,""
"West Nile virus infection","All cases","Notification rate","N/100000","2024","HR","Croatia",0.517870810,""
"West Nile virus infection","All cases","Notification rate","N/100000","2024","HU","Hungary",1.178971280,""
"West Nile virus infection","All cases","Notification rate","N/100000","2024","IE","Ireland",0.018685710,""
"West Nile virus infection","All cases","Notification rate","N/100000","2024","IS","Iceland",0.000000000,""
"West Nile virus infection","All cases","Notification rate","N/100000","2024","IT","Italy",0.820739190,""
"West Nile virus infection","All cases","Notification rate","N/100000","2024","LI","Liechtenstein",0.000000000,""
"West Nile virus infection","All cases","Notification rate","N/100000","2024","LT","Lithuania",0.000000000,""
"West Nile virus infection","All cases","Notification rate","N/100000","2024","LU","Luxembourg",0.000000000,""
"West Nile virus infection","All cases","Notification rate","N/100000","2024","LV","Latvia",0.000000000,""
"West Nile virus infection","All cases","Notification rate","N/100000","2024","ME","Montenegro",0.000000000,""
"West Nile virus infection","All cases","Notification rate","N/100000","2024","MK","North Macedonia",0.218584720,""
"West Nile virus infection","All cases","Notification rate","N/100000","2024","MT","Malta",0.000000000,""
"West Nile virus infection","All cases","Notification rate","N/100000","2024","NL","Netherlands",0.005573220,""
"West Nile virus infection","All cases","Notification rate","N/100000","2024","NO","Norway",0.000000000,""
"West Nile virus infection","All cases","Notification rate","N/100000","2024","PL","Poland",0.005461350,""
"West Nile virus infection","All cases","Notification rate","N/100000","2024","PT","Portugal",0.000000000,""
"West Nile virus infection","All cases","Notification rate","N/100000","2024","RO","Romania",0.550673030,""
"West Nile virus infection","All cases","Notification rate","N/100000","2024","RS","Serbia",1.029496900,""
"West Nile virus infection","All cases","Notification rate","N/100000","2024","SE","Sweden",0.009477130,""
"West Nile virus infection","All cases","Notification rate","N/100000","2024","SI","Slovenia",0.282492650,""
"West Nile virus infection","All cases","Notification rate","N/100000","2024","SK","Slovakia",0.165908180,""
"West Nile virus infection","All cases","Notification rate","N/100000","2024","TR","Türkiye",0.105420510,""
"West Nile virus infection","All cases","Notification rate","N/100000","2024","XK","Kosovo",0.394594950,""
"West Nile virus infection","All cases","Reported cases","N","2008","AT","Austria",0.000000000,""
"West Nile virus infection","All cases","Reported cases","N","2008","BE","Belgium",0.000000000,""
"West Nile virus infection","All cases","Reported cases","N","2008","BG","Bulgaria",0.000000000,""
"West Nile virus infection","All cases","Reported cases","N","2008","CY","Cyprus",0.000000000,""
"West Nile virus infection","All cases","Reported cases","N","2008","CZ","Czechia",0.000000000,""
"West Nile virus infection","All cases","Reported cases","N","2008","EE","Estonia",0.000000000,""
"West Nile virus infection","All cases","Reported cases","N","2008","EL","Greece",0.000000000,""
"West Nile virus infection","All cases","Reported cases","N","2008","ES","Spain",0.000000000,""
"West Nile virus infection","All cases","Reported cases","N","2008","EU27_21","EU (without UK)",24.000000000,""
"West Nile virus infection","All cases","Reported cases","N","2008","EU27_UK_21","EU (with UK until 2019)",24.000000000,""
"West Nile virus infection","All cases","Reported cases","N","2008","EUEEA30_21","EU/EEA (without UK)",24.000000000,""
"West Nile virus infection","All cases","Reported cases","N","2008","EUEEAUK_21","EU/EEA (with UK until 2019)",24.000000000,""
"West Nile virus infection","All cases","Reported cases","N","2008","FI","Finland",0.000000000,""
"West Nile virus infection","All cases","Reported cases","N","2008","FR","France",0.000000000,""
"West Nile virus infection","All cases","Reported cases","N","2008","HU","Hungary",19.000000000,""
"West Nile virus infection","All cases","Reported cases","N","2008","IE","Ireland",0.000000000,""
"West Nile virus infection","All cases","Reported cases","N","2008","IT","Italy",3.000000000,""
"West Nile virus infection","All cases","Reported cases","N","2008","LT","Lithuania",0.000000000,""
"West Nile virus infection","All cases","Reported cases","N","2008","LU","Luxembourg",0.000000000,""
"West Nile virus infection","All cases","Reported cases","N","2008","LV","Latvia",0.000000000,""
"West Nile virus infection","All cases","Reported cases","N","2008","MT","Malta",0.000000000,""
"West Nile virus infection","All cases","Reported cases","N","2008","NL","Netherlands",0.000000000,""
"West Nile virus infection","All cases","Reported cases","N","2008","NO","Norway",0.000000000,""
"West Nile virus infection","All cases","Reported cases","N","2008","PL","Poland",0.000000000,""
"West Nile virus infection","All cases","Reported cases","N","2008","RO","Romania",2.000000000,""
"West Nile virus infection","All cases","Reported cases","N","2008","SE","Sweden",0.000000000,""
"West Nile virus infection","All cases","Reported cases","N","2008","SI","Slovenia",0.000000000,""
"West Nile virus infection","All cases","Reported cases","N","2008","SK","Slovakia",0.000000000,""
"West Nile virus infection","All cases","Reported cases","N","2008","UK","United Kingdom",0.000000000,""
"West Nile virus infection","All cases","Reported cases","N","2009","AT","Austria",2.000000000,""
"West Nile virus infection","All cases","Reported cases","N","2009","BE","Belgium",0.000000000,""
"West Nile virus infection","All cases","Reported cases","N","2009","CY","Cyprus",0.000000000,""
"West Nile virus infection","All cases","Reported cases","N","2009","CZ","Czechia",0.000000000,""
"West Nile virus infection","All cases","Reported cases","N","2009","EE","Estonia",0.000000000,""
"West Nile virus infection","All cases","Reported cases","N","2009","EL","Greece",0.000000000,""
"West Nile virus infection","All cases","Reported cases","N","2009","ES","Spain",0.000000000,""
"West Nile virus infection","All cases","Reported cases","N","2009","EU27_21","EU (without UK)",30.000000000,""
"West Nile virus infection","All cases","Reported cases","N","2009","EU27_UK_21","EU (with UK until 2019)",30.000000000,""
"West Nile virus infection","All cases","Reported cases","N","2009","EUEEA30_21","EU/EEA (without UK)",30.000000000,""
"West Nile virus infection","All cases","Reported cases","N","2009","EUEEAUK_21","EU/EEA (with UK until 2019)",30.000000000,""
"West Nile virus infection","All cases","Reported cases","N","2009","FI","Finland",0.000000000,""
"West Nile virus infection","All cases","Reported cases","N","2009","FR","France",1.000000000,""
"West Nile virus infection","All cases","Reported cases","N","2009","HU","Hungary",7.000000000,""
"West Nile virus infection","All cases","Reported cases","N","2009","IE","Ireland",0.000000000,""
"West Nile virus infection","All cases","Reported cases","N","2009","IT","Italy",18.000000000,""
"West Nile virus infection","All cases","Reported cases","N","2009","LT","Lithuania",0.000000000,""
"West Nile virus infection","All cases","Reported cases","N","2009","LU","Luxembourg",0.000000000,""
"West Nile virus infection","All cases","Reported cases","N","2009","LV","Latvia",0.000000000,""
"West Nile virus infection","All cases","Reported cases","N","2009","MT","Malta",0.000000000,""
"West Nile virus infection","All cases","Reported cases","N","2009","NL","Netherlands",0.000000000,""
"West Nile virus infection","All cases","Reported cases","N","2009","NO","Norway",0.000000000,""
"West Nile virus infection","All cases","Reported cases","N","2009","PL","Poland",0.000000000,""
"West Nile virus infection","All cases","Reported cases","N","2009","RO","Romania",2.000000000,""
"West Nile virus infection","All cases","Reported cases","N","2009","SE","Sweden",0.000000000,""
"West Nile virus infection","All cases","Reported cases","N","2009","SI","Slovenia",0.000000000,""
"West Nile virus infection","All cases","Reported cases","N","2009","SK","Slovakia",0.000000000,""
"West Nile virus infection","All cases","Reported cases","N","2009","UK","United Kingdom",0.000000000,""
"West Nile virus infection","All cases","Reported cases","N","2010","AT","Austria",1.000000000,""
"West Nile virus infection","All cases","Reported cases","N","2010","BE","Belgium",0.000000000,""
"West Nile virus infection","All cases","Reported cases","N","2010","CY","Cyprus",0.000000000,""
"West Nile virus infection","All cases","Reported cases","N","2010","CZ","Czechia",0.000000000,""
"West Nile virus infection","All cases","Reported cases","N","2010","DK","Denmark",0.000000000,""
"West Nile virus infection","All cases","Reported cases","N","2010","EE","Estonia",0.000000000,""
"West Nile virus infection","All cases","Reported cases","N","2010","EL","Greece",262.000000000,""
"West Nile virus infection","All cases","Reported cases","N","2010","ES","Spain",2.000000000,""
"West Nile virus infection","All cases","Reported cases","N","2010","EU27_21","EU (without UK)",356.000000000,""
"West Nile virus infection","All cases","Reported cases","N","2010","EU27_UK_21","EU (with UK until 2019)",356.000000000,""
"West Nile virus infection","All cases","Reported cases","N","2010","EUEEA30_21","EU/EEA (without UK)",356.000000000,""
"West Nile virus infection","All cases","Reported cases","N","2010","EUEEAUK_21","EU/EEA (with UK until 2019)",356.000000000,""
"West Nile virus infection","All cases","Reported cases","N","2010","FI","Finland",0.000000000,""
"West Nile virus infection","All cases","Reported cases","N","2010","FR","France",3.000000000,""
"West Nile virus infection","All cases","Reported cases","N","2010","HU","Hungary",19.000000000,""
"West Nile virus infection","All cases","Reported cases","N","2010","IE","Ireland",0.000000000,""
"West Nile virus infection","All cases","Reported cases","N","2010","IL","Israel",113.000000000,""
"West Nile virus infection","All cases","Reported cases","N","2010","IT","Italy",11.000000000,""
"West Nile virus infection","All cases","Reported cases","N","2010","LT","Lithuania",0.000000000,""
"West Nile virus infection","All cases","Reported cases","N","2010","LU","Luxembourg",0.000000000,""
"West Nile virus infection","All cases","Reported cases","N","2010","LV","Latvia",0.000000000,""
"West Nile virus infection","All cases","Reported cases","N","2010","MT","Malta",0.000000000,""
"West Nile virus infection","All cases","Reported cases","N","2010","NL","Netherlands",1.000000000,""
"West Nile virus infection","All cases","Reported cases","N","2010","NO","Norway",0.000000000,""
"West Nile virus infection","All cases","Reported cases","N","2010","PL","Poland",0.000000000,""
"West Nile virus infection","All cases","Reported cases","N","2010","RO","Romania",57.000000000,""
"West Nile virus infection","All cases","Reported cases","N","2010","RU","Russia",519.000000000,""
"West Nile virus infection","All cases","Reported cases","N","2010","SE","Sweden",0.000000000,""
"West Nile virus infection","All cases","Reported cases","N","2010","SI","Slovenia",0.000000000,""
"West Nile virus infection","All cases","Reported cases","N","2010","SK","Slovakia",0.000000000,""
"West Nile virus infection","All cases","Reported cases","N","2010","TR","Türkiye",47.000000000,""
"West Nile virus infection","All cases","Reported cases","N","2010","UK","United Kingdom",0.000000000,""
"West Nile virus infection","All cases","Reported cases","N","2011","AL","Albania",17.000000000,""
"West Nile virus infection","All cases","Reported cases","N","2011","AT","Austria",0.000000000,""
"West Nile virus infection","All cases","Reported cases","N","2011","BE","Belgium",0.000000000,""
"West Nile virus infection","All cases","Reported cases","N","2011","CY","Cyprus",0.000000000,""
"West Nile virus infection","All cases","Reported cases","N","2011","CZ","Czechia",0.000000000,""
"West Nile virus infection","All cases","Reported cases","N","2011","DK","Denmark",0.000000000,""
"West Nile virus infection","All cases","Reported cases","N","2011","EE","Estonia",0.000000000,""
"West Nile virus infection","All cases","Reported cases","N","2011","EL","Greece",100.000000000,""
"West Nile virus infection","All cases","Reported cases","N","2011","ES","Spain",0.000000000,""
"West Nile virus infection","All cases","Reported cases","N","2011","EU27_21","EU (without UK)",150.000000000,""
"West Nile virus infection","All cases","Reported cases","N","2011","EU27_UK_21","EU (with UK until 2019)",150.000000000,""
"West Nile virus infection","All cases","Reported cases","N","2011","EUEEA30_21","EU/EEA (without UK)",150.000000000,""
"West Nile virus infection","All cases","Reported cases","N","2011","EUEEAUK_21","EU/EEA (with UK until 2019)",150.000000000,""
"West Nile virus infection","All cases","Reported cases","N","2011","FI","Finland",0.000000000,""
"West Nile virus infection","All cases","Reported cases","N","2011","FR","France",1.000000000,""
"West Nile virus infection","All cases","Reported cases","N","2011","HU","Hungary",4.000000000,""
"West Nile virus infection","All cases","Reported cases","N","2011","IE","Ireland",1.000000000,""
"West Nile virus infection","All cases","Reported cases","N","2011","IL","Israel",39.000000000,""
"West Nile virus infection","All cases","Reported cases","N","2011","IT","Italy",32.000000000,""
"West Nile virus infection","All cases","Reported cases","N","2011","LT","Lithuania",0.000000000,""
"West Nile virus infection","All cases","Reported cases","N","2011","LU","Luxembourg",0.000000000,""
"West Nile virus infection","All cases","Reported cases","N","2011","LV","Latvia",0.000000000,""
"West Nile virus infection","All cases","Reported cases","N","2011","MK","North Macedonia",4.000000000,""
"West Nile virus infection","All cases","Reported cases","N","2011","MT","Malta",0.000000000,""
"West Nile virus infection","All cases","Reported cases","N","2011","NL","Netherlands",1.000000000,""
"West Nile virus infection","All cases","Reported cases","N","2011","NO","Norway",0.000000000,""
"West Nile virus infection","All cases","Reported cases","N","2011","PL","Poland",0.000000000,""
"West Nile virus infection","All cases","Reported cases","N","2011","RO","Romania",11.000000000,""
"West Nile virus infection","All cases","Reported cases","N","2011","RU","Russia",153.000000000,""
"West Nile virus infection","All cases","Reported cases","N","2011","SE","Sweden",0.000000000,""
"West Nile virus infection","All cases","Reported cases","N","2011","SI","Slovenia",0.000000000,""
"West Nile virus infection","All cases","Reported cases","N","2011","SK","Slovakia",0.000000000,""
"West Nile virus infection","All cases","Reported cases","N","2011","TN","Tunisia",3.000000000,""
"West Nile virus infection","All cases","Reported cases","N","2011","TR","Türkiye",5.000000000,""
"West Nile virus infection","All cases","Reported cases","N","2011","UA","Ukraine",8.000000000,""
"West Nile virus infection","All cases","Reported cases","N","2011","UK","United Kingdom",0.000000000,""
"West Nile virus infection","All cases","Reported cases","N","2012","AL","Albania",0.000000000,""
"West Nile virus infection","All cases","Reported cases","N","2012","AT","Austria",3.000000000,""
"West Nile virus infection","All cases","Reported cases","N","2012","BE","Belgium",2.000000000,""
"West Nile virus infection","All cases","Reported cases","N","2012","BG","Bulgaria",4.000000000,""
"West Nile virus infection","All cases","Reported cases","N","2012","CY","Cyprus",0.000000000,""
"West Nile virus infection","All cases","Reported cases","N","2012","CZ","Czechia",0.000000000,""
"West Nile virus infection","All cases","Reported cases","N","2012","DK","Denmark",0.000000000,""
"West Nile virus infection","All cases","Reported cases","N","2012","DZ","Algeria",1.000000000,""
"West Nile virus infection","All cases","Reported cases","N","2012","EE","Estonia",0.000000000,""
"West Nile virus infection","All cases","Reported cases","N","2012","EL","Greece",163.000000000,""
"West Nile virus infection","All cases","Reported cases","N","2012","ES","Spain",0.000000000,""
"West Nile virus infection","All cases","Reported cases","N","2012","EU27_21","EU (without UK)",287.000000000,""
"West Nile virus infection","All cases","Reported cases","N","2012","EU27_UK_21","EU (with UK until 2019)",287.000000000,""
"West Nile virus infection","All cases","Reported cases","N","2012","EUEEA30_21","EU/EEA (without UK)",287.000000000,""
"West Nile virus infection","All cases","Reported cases","N","2012","EUEEAUK_21","EU/EEA (with UK until 2019)",287.000000000,""
"West Nile virus infection","All cases","Reported cases","N","2012","FI","Finland",0.000000000,""
"West Nile virus infection","All cases","Reported cases","N","2012","FR","France",3.000000000,""
"West Nile virus infection","All cases","Reported cases","N","2012","HR","Croatia",6.000000000,""
"West Nile virus infection","All cases","Reported cases","N","2012","HU","Hungary",17.000000000,""
"West Nile virus infection","All cases","Reported cases","N","2012","IE","Ireland",0.000000000,""
"West Nile virus infection","All cases","Reported cases","N","2012","IL","Israel",83.000000000,""
"West Nile virus infection","All cases","Reported cases","N","2012","IT","Italy",73.000000000,""
"West Nile virus infection","All cases","Reported cases","N","2012","LT","Lithuania",0.000000000,""
"West Nile virus infection","All cases","Reported cases","N","2012","LU","Luxembourg",0.000000000,""
"West Nile virus infection","All cases","Reported cases","N","2012","LV","Latvia",0.000000000,""
"West Nile virus infection","All cases","Reported cases","N","2012","ME","Montenegro",1.000000000,""
"West Nile virus infection","All cases","Reported cases","N","2012","MK","North Macedonia",6.000000000,""
"West Nile virus infection","All cases","Reported cases","N","2012","MT","Malta",0.000000000,""
"West Nile virus infection","All cases","Reported cases","N","2012","NL","Netherlands",0.000000000,""
"West Nile virus infection","All cases","Reported cases","N","2012","NO","Norway",0.000000000,""
"West Nile virus infection","All cases","Reported cases","N","2012","PL","Poland",0.000000000,""
"West Nile virus infection","All cases","Reported cases","N","2012","PS","Palestine",2.000000000,""
"West Nile virus infection","All cases","Reported cases","N","2012","RO","Romania",15.000000000,""
"West Nile virus infection","All cases","Reported cases","N","2012","RS","Serbia",69.000000000,""
"West Nile virus infection","All cases","Reported cases","N","2012","RU","Russia",447.000000000,""
"West Nile virus infection","All cases","Reported cases","N","2012","SE","Sweden",1.000000000,""
"West Nile virus infection","All cases","Reported cases","N","2012","SI","Slovenia",0.000000000,""
"West Nile virus infection","All cases","Reported cases","N","2012","SK","Slovakia",0.000000000,""
"West Nile virus infection","All cases","Reported cases","N","2012","TN","Tunisia",63.000000000,""
"West Nile virus infection","All cases","Reported cases","N","2012","UA","Ukraine",12.000000000,""
"West Nile virus infection","All cases","Reported cases","N","2012","UK","United Kingdom",0.000000000,""
"West Nile virus infection","All cases","Reported cases","N","2012","XK","Kosovo",7.000000000,""
"West Nile virus infection","All cases","Reported cases","N","2013","AL","Albania",0.000000000,""
"West Nile virus infection","All cases","Reported cases","N","2013","AT","Austria",0.000000000,""
"West Nile virus infection","All cases","Reported cases","N","2013","BA","Bosnia and Herzegovina",3.000000000,""
"West Nile virus infection","All cases","Reported cases","N","2013","BE","Belgium",0.000000000,""
"West Nile virus infection","All cases","Reported cases","N","2013","BG","Bulgaria",0.000000000,""
"West Nile virus infection","All cases","Reported cases","N","2013","CY","Cyprus",0.000000000,""
"West Nile virus infection","All cases","Reported cases","N","2013","CZ","Czechia",1.000000000,""
"West Nile virus infection","All cases","Reported cases","N","2013","DK","Denmark",0.000000000,""
"West Nile virus infection","All cases","Reported cases","N","2013","EE","Estonia",0.000000000,""
"West Nile virus infection","All cases","Reported cases","N","2013","EL","Greece",86.000000000,""
"West Nile virus infection","All cases","Reported cases","N","2013","ES","Spain",0.000000000,""
"West Nile virus infection","All cases","Reported cases","N","2013","EU27_21","EU (without UK)",331.000000000,""
"West Nile virus infection","All cases","Reported cases","N","2013","EU27_UK_21","EU (with UK until 2019)",331.000000000,""
"West Nile virus infection","All cases","Reported cases","N","2013","EUEEA30_21","EU/EEA (without UK)",331.000000000,""
"West Nile virus infection","All cases","Reported cases","N","2013","EUEEAUK_21","EU/EEA (with UK until 2019)",331.000000000,""
"West Nile virus infection","All cases","Reported cases","N","2013","FI","Finland",0.000000000,""
"West Nile virus infection","All cases","Reported cases","N","2013","FR","France",1.000000000,""
"West Nile virus infection","All cases","Reported cases","N","2013","HR","Croatia",20.000000000,""
"West Nile virus infection","All cases","Reported cases","N","2013","HU","Hungary",36.000000000,""
"West Nile virus infection","All cases","Reported cases","N","2013","IE","Ireland",1.000000000,""
"West Nile virus infection","All cases","Reported cases","N","2013","IL","Israel",63.000000000,""
"West Nile virus infection","All cases","Reported cases","N","2013","IT","Italy",160.000000000,""
"West Nile virus infection","All cases","Reported cases","N","2013","LT","Lithuania",0.000000000,""
"West Nile virus infection","All cases","Reported cases","N","2013","LU","Luxembourg",0.000000000,""
"West Nile virus infection","All cases","Reported cases","N","2013","LV","Latvia",0.000000000,""
"West Nile virus infection","All cases","Reported cases","N","2013","ME","Montenegro",4.000000000,""
"West Nile virus infection","All cases","Reported cases","N","2013","MK","North Macedonia",1.000000000,""
"West Nile virus infection","All cases","Reported cases","N","2013","MT","Malta",0.000000000,""
"West Nile virus infection","All cases","Reported cases","N","2013","NL","Netherlands",0.000000000,""
"West Nile virus infection","All cases","Reported cases","N","2013","NO","Norway",0.000000000,""
"West Nile virus infection","All cases","Reported cases","N","2013","PL","Poland",0.000000000,""
"West Nile virus infection","All cases","Reported cases","N","2013","RO","Romania",24.000000000,""
"West Nile virus infection","All cases","Reported cases","N","2013","RS","Serbia",302.000000000,""
"West Nile virus infection","All cases","Reported cases","N","2013","RU","Russia",177.000000000,""
"West Nile virus infection","All cases","Reported cases","N","2013","SE","Sweden",1.000000000,""
"West Nile virus infection","All cases","Reported cases","N","2013","SI","Slovenia",1.000000000,""
"West Nile virus infection","All cases","Reported cases","N","2013","SK","Slovakia",0.000000000,""
"West Nile virus infection","All cases","Reported cases","N","2013","TN","Tunisia",6.000000000,""
"West Nile virus infection","All cases","Reported cases","N","2013","UA","Ukraine",1.000000000,""
"West Nile virus infection","All cases","Reported cases","N","2013","UK","United Kingdom",0.000000000,""
"West Nile virus infection","All cases","Reported cases","N","2013","XK","Kosovo",3.000000000,""
"West Nile virus infection","All cases","Reported cases","N","2014","AL","Albania",0.000000000,""
"West Nile virus infection","All cases","Reported cases","N","2014","AT","Austria",2.000000000,""
"West Nile virus infection","All cases","Reported cases","N","2014","BA","Bosnia and Herzegovina",13.000000000,""
"West Nile virus infection","All cases","Reported cases","N","2014","BE","Belgium",0.000000000,""
"West Nile virus infection","All cases","Reported cases","N","2014","BG","Bulgaria",0.000000000,""
"West Nile virus infection","All cases","Reported cases","N","2014","CY","Cyprus",0.000000000,""
"West Nile virus infection","All cases","Reported cases","N","2014","CZ","Czechia",0.000000000,""
"West Nile virus infection","All cases","Reported cases","N","2014","DK","Denmark",0.000000000,""
"West Nile virus infection","All cases","Reported cases","N","2014","EE","Estonia",0.000000000,""
"West Nile virus infection","All cases","Reported cases","N","2014","EL","Greece",15.000000000,""
"West Nile virus infection","All cases","Reported cases","N","2014","ES","Spain",0.000000000,""
"West Nile virus infection","All cases","Reported cases","N","2014","EU27_21","EU (without UK)",76.000000000,""
"West Nile virus infection","All cases","Reported cases","N","2014","EU27_UK_21","EU (with UK until 2019)",78.000000000,""
"West Nile virus infection","All cases","Reported cases","N","2014","EUEEA30_21","EU/EEA (without UK)",76.000000000,""
"West Nile virus infection","All cases","Reported cases","N","2014","EUEEAUK_21","EU/EEA (with UK until 2019)",78.000000000,""
"West Nile virus infection","All cases","Reported cases","N","2014","FI","Finland",0.000000000,""
"West Nile virus infection","All cases","Reported cases","N","2014","FR","France",0.000000000,""
"West Nile virus infection","All cases","Reported cases","N","2014","HR","Croatia",1.000000000,""
"West Nile virus infection","All cases","Reported cases","N","2014","HU","Hungary",10.000000000,""
"West Nile virus infection","All cases","Reported cases","N","2014","IE","Ireland",0.000000000,""
"West Nile virus infection","All cases","Reported cases","N","2014","IL","Israel",18.000000000,""
"West Nile virus infection","All cases","Reported cases","N","2014","IT","Italy",24.000000000,""
"West Nile virus infection","All cases","Reported cases","N","2014","LT","Lithuania",0.000000000,""
"West Nile virus infection","All cases","Reported cases","N","2014","LU","Luxembourg",0.000000000,""
"West Nile virus infection","All cases","Reported cases","N","2014","LV","Latvia",0.000000000,""
"West Nile virus infection","All cases","Reported cases","N","2014","ME","Montenegro",0.000000000,""
"West Nile virus infection","All cases","Reported cases","N","2014","MK","North Macedonia",0.000000000,""
"West Nile virus infection","All cases","Reported cases","N","2014","MT","Malta",0.000000000,""
"West Nile virus infection","All cases","Reported cases","N","2014","NL","Netherlands",0.000000000,""
"West Nile virus infection","All cases","Reported cases","N","2014","NO","Norway",0.000000000,""
"West Nile virus infection","All cases","Reported cases","N","2014","PL","Poland",0.000000000,""
"West Nile virus infection","All cases","Reported cases","N","2014","PS","Palestine",1.000000000,""
"West Nile virus infection","All cases","Reported cases","N","2014","RO","Romania",24.000000000,""
"West Nile virus infection","All cases","Reported cases","N","2014","RS","Serbia",77.000000000,""
"West Nile virus infection","All cases","Reported cases","N","2014","RU","Russia",29.000000000,""
"West Nile virus infection","All cases","Reported cases","N","2014","SE","Sweden",0.000000000,""
"West Nile virus infection","All cases","Reported cases","N","2014","SI","Slovenia",0.000000000,""
"West Nile virus infection","All cases","Reported cases","N","2014","SK","Slovakia",0.000000000,""
"West Nile virus infection","All cases","Reported cases","N","2014","UK","United Kingdom",2.000000000,""
"West Nile virus infection","All cases","Reported cases","N","2014","XK","Kosovo",4.000000000,""
"West Nile virus infection","All cases","Reported cases","N","2015","AL","Albania",0.000000000,""
"West Nile virus infection","All cases","Reported cases","N","2015","AT","Austria",7.000000000,""
"West Nile virus infection","All cases","Reported cases","N","2015","BE","Belgium",0.000000000,""
"West Nile virus infection","All cases","Reported cases","N","2015","BG","Bulgaria",2.000000000,""
"West Nile virus infection","All cases","Reported cases","N","2015","CY","Cyprus",0.000000000,""
"West Nile virus infection","All cases","Reported cases","N","2015","CZ","Czechia",0.000000000,""
"West Nile virus infection","All cases","Reported cases","N","2015","DK","Denmark",0.000000000,""
"West Nile virus infection","All cases","Reported cases","N","2015","EE","Estonia",0.000000000,""
"West Nile virus infection","All cases","Reported cases","N","2015","EL","Greece",0.000000000,""
"West Nile virus infection","All cases","Reported cases","N","2015","ES","Spain",0.000000000,""
"West Nile virus infection","All cases","Reported cases","N","2015","EU27_21","EU (without UK)",128.000000000,""
"West Nile virus infection","All cases","Reported cases","N","2015","EU27_UK_21","EU (with UK until 2019)",128.000000000,""
"West Nile virus infection","All cases","Reported cases","N","2015","EUEEA30_21","EU/EEA (without UK)",128.000000000,""
"West Nile virus infection","All cases","Reported cases","N","2015","EUEEAUK_21","EU/EEA (with UK until 2019)",128.000000000,""
"West Nile virus infection","All cases","Reported cases","N","2015","FI","Finland",0.000000000,""
"West Nile virus infection","All cases","Reported cases","N","2015","FR","France",1.000000000,""
"West Nile virus infection","All cases","Reported cases","N","2015","HR","Croatia",1.000000000,""
"West Nile virus infection","All cases","Reported cases","N","2015","HU","Hungary",22.000000000,""
"West Nile virus infection","All cases","Reported cases","N","2015","IE","Ireland",0.000000000,""
"West Nile virus infection","All cases","Reported cases","N","2015","IL","Israel",125.000000000,""
"West Nile virus infection","All cases","Reported cases","N","2015","IT","Italy",62.000000000,""
"West Nile virus infection","All cases","Reported cases","N","2015","LT","Lithuania",0.000000000,""
"West Nile virus infection","All cases","Reported cases","N","2015","LU","Luxembourg",0.000000000,""
"West Nile virus infection","All cases","Reported cases","N","2015","LV","Latvia",0.000000000,""
"West Nile virus infection","All cases","Reported cases","N","2015","ME","Montenegro",0.000000000,""
"West Nile virus infection","All cases","Reported cases","N","2015","MK","North Macedonia",0.000000000,""
"West Nile virus infection","All cases","Reported cases","N","2015","MT","Malta",0.000000000,""
"West Nile virus infection","All cases","Reported cases","N","2015","NL","Netherlands",0.000000000,""
"West Nile virus infection","All cases","Reported cases","N","2015","NO","Norway",0.000000000,""
"West Nile virus infection","All cases","Reported cases","N","2015","PL","Poland",0.000000000,""
"West Nile virus infection","All cases","Reported cases","N","2015","PS","Palestine",1.000000000,""
"West Nile virus infection","All cases","Reported cases","N","2015","PT","Portugal",1.000000000,""
"West Nile virus infection","All cases","Reported cases","N","2015","RO","Romania",32.000000000,""
"West Nile virus infection","All cases","Reported cases","N","2015","RS","Serbia",28.000000000,""
"West Nile virus infection","All cases","Reported cases","N","2015","RU","Russia",39.000000000,""
"West Nile virus infection","All cases","Reported cases","N","2015","SE","Sweden",0.000000000,""
"West Nile virus infection","All cases","Reported cases","N","2015","SI","Slovenia",0.000000000,""
"West Nile virus infection","All cases","Reported cases","N","2015","SK","Slovakia",0.000000000,""
"West Nile virus infection","All cases","Reported cases","N","2015","UK","United Kingdom",0.000000000,""
"West Nile virus infection","All cases","Reported cases","N","2015","XK","Kosovo",1.000000000,""
"West Nile virus infection","All cases","Reported cases","N","2016","AL","Albania",0.000000000,""
"West Nile virus infection","All cases","Reported cases","N","2016","AT","Austria",5.000000000,""
"West Nile virus infection","All cases","Reported cases","N","2016","BE","Belgium",0.000000000,""
"West Nile virus infection","All cases","Reported cases","N","2016","BG","Bulgaria",2.000000000,""
"West Nile virus infection","All cases","Reported cases","N","2016","CY","Cyprus",1.000000000,""
"West Nile virus infection","All cases","Reported cases","N","2016","CZ","Czechia",0.000000000,""
"West Nile virus infection","All cases","Reported cases","N","2016","DK","Denmark",0.000000000,""
"West Nile virus infection","All cases","Reported cases","N","2016","EE","Estonia",0.000000000,""
"West Nile virus infection","All cases","Reported cases","N","2016","EG","Egypt",1.000000000,""
"West Nile virus infection","All cases","Reported cases","N","2016","EL","Greece",0.000000000,""
"West Nile virus infection","All cases","Reported cases","N","2016","ES","Spain",4.000000000,""
"West Nile virus infection","All cases","Reported cases","N","2016","EU27_21","EU (without UK)",240.000000000,""
"West Nile virus infection","All cases","Reported cases","N","2016","EU27_UK_21","EU (with UK until 2019)",240.000000000,""
"West Nile virus infection","All cases","Reported cases","N","2016","EUEEA30_21","EU/EEA (without UK)",240.000000000,""
"West Nile virus infection","All cases","Reported cases","N","2016","EUEEAUK_21","EU/EEA (with UK until 2019)",240.000000000,""
"West Nile virus infection","All cases","Reported cases","N","2016","FI","Finland",0.000000000,""
"West Nile virus infection","All cases","Reported cases","N","2016","FR","France",3.000000000,""
"West Nile virus infection","All cases","Reported cases","N","2016","HR","Croatia",2.000000000,""
"West Nile virus infection","All cases","Reported cases","N","2016","HU","Hungary",48.000000000,""
"West Nile virus infection","All cases","Reported cases","N","2016","IE","Ireland",0.000000000,""
"West Nile virus infection","All cases","Reported cases","N","2016","IL","Israel",84.000000000,""
"West Nile virus infection","All cases","Reported cases","N","2016","IT","Italy",81.000000000,""
"West Nile virus infection","All cases","Reported cases","N","2016","LT","Lithuania",0.000000000,""
"West Nile virus infection","All cases","Reported cases","N","2016","LU","Luxembourg",0.000000000,""
"West Nile virus infection","All cases","Reported cases","N","2016","LV","Latvia",0.000000000,""
"West Nile virus infection","All cases","Reported cases","N","2016","ME","Montenegro",0.000000000,""
"West Nile virus infection","All cases","Reported cases","N","2016","MK","North Macedonia",0.000000000,""
"West Nile virus infection","All cases","Reported cases","N","2016","MT","Malta",0.000000000,""
"West Nile virus infection","All cases","Reported cases","N","2016","NL","Netherlands",1.000000000,""
"West Nile virus infection","All cases","Reported cases","N","2016","NO","Norway",0.000000000,""
"West Nile virus infection","All cases","Reported cases","N","2016","PL","Poland",0.000000000,""
"West Nile virus infection","All cases","Reported cases","N","2016","PT","Portugal",0.000000000,""
"West Nile virus infection","All cases","Reported cases","N","2016","RO","Romania",93.000000000,""
"West Nile virus infection","All cases","Reported cases","N","2016","RS","Serbia",44.000000000,""
"West Nile virus infection","All cases","Reported cases","N","2016","RU","Russia",135.000000000,""
"West Nile virus infection","All cases","Reported cases","N","2016","SE","Sweden",0.000000000,""
"West Nile virus infection","All cases","Reported cases","N","2016","SI","Slovenia",0.000000000,""
"West Nile virus infection","All cases","Reported cases","N","2016","SK","Slovakia",0.000000000,""
"West Nile virus infection","All cases","Reported cases","N","2016","SY","Syria",2.000000000,""
"West Nile virus infection","All cases","Reported cases","N","2016","TN","Tunisia",1.000000000,""
"West Nile virus infection","All cases","Reported cases","N","2016","TR","Türkiye",2.000000000,""
"West Nile virus infection","All cases","Reported cases","N","2016","UA","Ukraine",1.000000000,""
"West Nile virus infection","All cases","Reported cases","N","2016","UK","United Kingdom",0.000000000,""
"West Nile virus infection","All cases","Reported cases","N","2016","XK","Kosovo",0.000000000,""
"West Nile virus infection","All cases","Reported cases","N","2017","AL","Albania",0.000000000,""
"West Nile virus infection","All cases","Reported cases","N","2017","AT","Austria",7.000000000,""
"West Nile virus infection","All cases","Reported cases","N","2017","BE","Belgium",2.000000000,""
"West Nile virus infection","All cases","Reported cases","N","2017","BG","Bulgaria",1.000000000,""
"West Nile virus infection","All cases","Reported cases","N","2017","CY","Cyprus",0.000000000,""
"West Nile virus infection","All cases","Reported cases","N","2017","CZ","Czechia",0.000000000,""
"West Nile virus infection","All cases","Reported cases","N","2017","DK","Denmark",0.000000000,""
"West Nile virus infection","All cases","Reported cases","N","2017","EE","Estonia",0.000000000,""
"West Nile virus infection","All cases","Reported cases","N","2017","EL","Greece",48.000000000,""
"West Nile virus infection","All cases","Reported cases","N","2017","ES","Spain",0.000000000,""
"West Nile virus infection","All cases","Reported cases","N","2017","EU27_21","EU (without UK)",209.000000000,""
"West Nile virus infection","All cases","Reported cases","N","2017","EU27_UK_21","EU (with UK until 2019)",210.000000000,""
"West Nile virus infection","All cases","Reported cases","N","2017","EUEEA30_21","EU/EEA (without UK)",209.000000000,""
"West Nile virus infection","All cases","Reported cases","N","2017","EUEEAUK_21","EU/EEA (with UK until 2019)",210.000000000,""
"West Nile virus infection","All cases","Reported cases","N","2017","FI","Finland",0.000000000,""
"West Nile virus infection","All cases","Reported cases","N","2017","FR","France",2.000000000,""
"West Nile virus infection","All cases","Reported cases","N","2017","HR","Croatia",5.000000000,""
"West Nile virus infection","All cases","Reported cases","N","2017","HU","Hungary",23.000000000,""
"West Nile virus infection","All cases","Reported cases","N","2017","IE","Ireland",0.000000000,""
"West Nile virus infection","All cases","Reported cases","N","2017","IL","Israel",31.000000000,""
"West Nile virus infection","All cases","Reported cases","N","2017","IS","Iceland",0.000000000,""
"West Nile virus infection","All cases","Reported cases","N","2017","IT","Italy",54.000000000,""
"West Nile virus infection","All cases","Reported cases","N","2017","LT","Lithuania",0.000000000,""
"West Nile virus infection","All cases","Reported cases","N","2017","LU","Luxembourg",0.000000000,""
"West Nile virus infection","All cases","Reported cases","N","2017","LV","Latvia",0.000000000,""
"West Nile virus infection","All cases","Reported cases","N","2017","ME","Montenegro",0.000000000,""
"West Nile virus infection","All cases","Reported cases","N","2017","MK","North Macedonia",0.000000000,""
"West Nile virus infection","All cases","Reported cases","N","2017","MT","Malta",0.000000000,""
"West Nile virus infection","All cases","Reported cases","N","2017","NL","Netherlands",0.000000000,""
"West Nile virus infection","All cases","Reported cases","N","2017","NO","Norway",0.000000000,""
"West Nile virus infection","All cases","Reported cases","N","2017","PL","Poland",0.000000000,""
"West Nile virus infection","All cases","Reported cases","N","2017","PT","Portugal",0.000000000,""
"West Nile virus infection","All cases","Reported cases","N","2017","RO","Romania",66.000000000,""
"West Nile virus infection","All cases","Reported cases","N","2017","RS","Serbia",49.000000000,""
"West Nile virus infection","All cases","Reported cases","N","2017","SE","Sweden",0.000000000,""
"West Nile virus infection","All cases","Reported cases","N","2017","SI","Slovenia",1.000000000,""
"West Nile virus infection","All cases","Reported cases","N","2017","SK","Slovakia",0.000000000,""
"West Nile virus infection","All cases","Reported cases","N","2017","TR","Türkiye",7.000000000,""
"West Nile virus infection","All cases","Reported cases","N","2017","UK","United Kingdom",1.000000000,""
"West Nile virus infection","All cases","Reported cases","N","2017","XK","Kosovo",2.000000000,""
"West Nile virus infection","All cases","Reported cases","N","2018","AL","Albania",1.000000000,""
"West Nile virus infection","All cases","Reported cases","N","2018","AT","Austria",27.000000000,""
"West Nile virus infection","All cases","Reported cases","N","2018","BE","Belgium",2.000000000,""
"West Nile virus infection","All cases","Reported cases","N","2018","BG","Bulgaria",15.000000000,""
"West Nile virus infection","All cases","Reported cases","N","2018","CY","Cyprus",1.000000000,""
"West Nile virus infection","All cases","Reported cases","N","2018","CZ","Czechia",7.000000000,""
"West Nile virus infection","All cases","Reported cases","N","2018","DE","Germany",11.000000000,""
"West Nile virus infection","All cases","Reported cases","N","2018","DK","Denmark",0.000000000,""
"West Nile virus infection","All cases","Reported cases","N","2018","EE","Estonia",0.000000000,""
"West Nile virus infection","All cases","Reported cases","N","2018","EL","Greece",316.000000000,""
"West Nile virus infection","All cases","Reported cases","N","2018","ES","Spain",1.000000000,""
"West Nile virus infection","All cases","Reported cases","N","2018","EU27_21","EU (without UK)",1612.000000000,""
"West Nile virus infection","All cases","Reported cases","N","2018","EU27_UK_21","EU (with UK until 2019)",1615.000000000,""
"West Nile virus infection","All cases","Reported cases","N","2018","EUEEA30_21","EU/EEA (without UK)",1612.000000000,""
"West Nile virus infection","All cases","Reported cases","N","2018","EUEEAUK_21","EU/EEA (with UK until 2019)",1615.000000000,""
"West Nile virus infection","All cases","Reported cases","N","2018","FI","Finland",0.000000000,""
"West Nile virus infection","All cases","Reported cases","N","2018","FR","France",29.000000000,""
"West Nile virus infection","All cases","Reported cases","N","2018","HR","Croatia",63.000000000,""
"West Nile virus infection","All cases","Reported cases","N","2018","HU","Hungary",225.000000000,""
"West Nile virus infection","All cases","Reported cases","N","2018","IE","Ireland",0.000000000,""
"West Nile virus infection","All cases","Reported cases","N","2018","IL","Israel",136.000000000,""
"West Nile virus infection","All cases","Reported cases","N","2018","IS","Iceland",0.000000000,""
"West Nile virus infection","All cases","Reported cases","N","2018","IT","Italy",618.000000000,""
"West Nile virus infection","All cases","Reported cases","N","2018","LT","Lithuania",0.000000000,""
"West Nile virus infection","All cases","Reported cases","N","2018","LU","Luxembourg",0.000000000,""
"West Nile virus infection","All cases","Reported cases","N","2018","LV","Latvia",0.000000000,""
"West Nile virus infection","All cases","Reported cases","N","2018","ME","Montenegro",0.000000000,""
"West Nile virus infection","All cases","Reported cases","N","2018","MK","North Macedonia",0.000000000,""
"West Nile virus infection","All cases","Reported cases","N","2018","MT","Malta",0.000000000,""
"West Nile virus infection","All cases","Reported cases","N","2018","NL","Netherlands",2.000000000,""
"West Nile virus infection","All cases","Reported cases","N","2018","NO","Norway",0.000000000,""
"West Nile virus infection","All cases","Reported cases","N","2018","PL","Poland",0.000000000,""
"West Nile virus infection","All cases","Reported cases","N","2018","PT","Portugal",0.000000000,""
"West Nile virus infection","All cases","Reported cases","N","2018","RO","Romania",277.000000000,""
"West Nile virus infection","All cases","Reported cases","N","2018","RS","Serbia",415.000000000,""
"West Nile virus infection","All cases","Reported cases","N","2018","SE","Sweden",12.000000000,""
"West Nile virus infection","All cases","Reported cases","N","2018","SI","Slovenia",5.000000000,""
"West Nile virus infection","All cases","Reported cases","N","2018","SK","Slovakia",1.000000000,""
"West Nile virus infection","All cases","Reported cases","N","2018","TR","Türkiye",26.000000000,""
"West Nile virus infection","All cases","Reported cases","N","2018","UK","United Kingdom",3.000000000,""
"West Nile virus infection","All cases","Reported cases","N","2018","XK","Kosovo",14.000000000,""
"West Nile virus infection","All cases","Reported cases","N","2019","AL","Albania",0.000000000,""
"West Nile virus infection","All cases","Reported cases","N","2019","AT","Austria",4.000000000,""
"West Nile virus infection","All cases","Reported cases","N","2019","BE","Belgium",1.000000000,""
"West Nile virus infection","All cases","Reported cases","N","2019","BG","Bulgaria",7.000000000,""
"West Nile virus infection","All cases","Reported cases","N","2019","CY","Cyprus",24.000000000,""
"West Nile virus infection","All cases","Reported cases","N","2019","CZ","Czechia",2.000000000,""
"West Nile virus infection","All cases","Reported cases","N","2019","DE","Germany",12.000000000,""
"West Nile virus infection","All cases","Reported cases","N","2019","DK","Denmark",0.000000000,""
"West Nile virus infection","All cases","Reported cases","N","2019","EE","Estonia",0.000000000,""
"West Nile virus infection","All cases","Reported cases","N","2019","EL","Greece",227.000000000,""
"West Nile virus infection","All cases","Reported cases","N","2019","ES","Spain",0.000000000,""
"West Nile virus infection","All cases","Reported cases","N","2019","EU27_21","EU (without UK)",442.000000000,""
"West Nile virus infection","All cases","Reported cases","N","2019","EU27_UK_21","EU (with UK until 2019)",443.000000000,""
"West Nile virus infection","All cases","Reported cases","N","2019","EUEEA30_21","EU/EEA (without UK)",442.000000000,""
"West Nile virus infection","All cases","Reported cases","N","2019","EUEEAUK_21","EU/EEA (with UK until 2019)",443.000000000,""
"West Nile virus infection","All cases","Reported cases","N","2019","FI","Finland",0.000000000,""
"West Nile virus infection","All cases","Reported cases","N","2019","FR","France",4.000000000,""
"West Nile virus infection","All cases","Reported cases","N","2019","HR","Croatia",0.000000000,""
"West Nile virus infection","All cases","Reported cases","N","2019","HU","Hungary",37.000000000,""
"West Nile virus infection","All cases","Reported cases","N","2019","IE","Ireland",0.000000000,""
"West Nile virus infection","All cases","Reported cases","N","2019","IL","Israel",11.000000000,""
"West Nile virus infection","All cases","Reported cases","N","2019","IS","Iceland",0.000000000,""
"West Nile virus infection","All cases","Reported cases","N","2019","IT","Italy",55.000000000,""
"West Nile virus infection","All cases","Reported cases","N","2019","LT","Lithuania",0.000000000,""
"West Nile virus infection","All cases","Reported cases","N","2019","LU","Luxembourg",0.000000000,""
"West Nile virus infection","All cases","Reported cases","N","2019","LV","Latvia",0.000000000,""
"West Nile virus infection","All cases","Reported cases","N","2019","ME","Montenegro",0.000000000,""
"West Nile virus infection","All cases","Reported cases","N","2019","MK","North Macedonia",6.000000000,""
"West Nile virus infection","All cases","Reported cases","N","2019","MT","Malta",0.000000000,""
"West Nile virus infection","All cases","Reported cases","N","2019","NL","Netherlands",0.000000000,""
"West Nile virus infection","All cases","Reported cases","N","2019","NO","Norway",0.000000000,""
"West Nile virus infection","All cases","Reported cases","N","2019","PL","Poland",0.000000000,""
"West Nile virus infection","All cases","Reported cases","N","2019","PT","Portugal",0.000000000,""
"West Nile virus infection","All cases","Reported cases","N","2019","RO","Romania",67.000000000,""
"West Nile virus infection","All cases","Reported cases","N","2019","RS","Serbia",27.000000000,""
"West Nile virus infection","All cases","Reported cases","N","2019","SE","Sweden",1.000000000,""
"West Nile virus infection","All cases","Reported cases","N","2019","SI","Slovenia",0.000000000,""
"West Nile virus infection","All cases","Reported cases","N","2019","SK","Slovakia",1.000000000,""
"West Nile virus infection","All cases","Reported cases","N","2019","TR","Türkiye",10.000000000,""
"West Nile virus infection","All cases","Reported cases","N","2019","UK","United Kingdom",1.000000000,""
"West Nile virus infection","All cases","Reported cases","N","2019","XK","Kosovo",0.000000000,""
"West Nile virus infection","All cases","Reported cases","N","2020","AL","Albania",0.000000000,""
"West Nile virus infection","All cases","Reported cases","N","2020","AT","Austria",0.000000000,""
"West Nile virus infection","All cases","Reported cases","N","2020","BE","Belgium",0.000000000,""
"West Nile virus infection","All cases","Reported cases","N","2020","BG","Bulgaria",1.000000000,""
"West Nile virus infection","All cases","Reported cases","N","2020","CY","Cyprus",0.000000000,""
"West Nile virus infection","All cases","Reported cases","N","2020","CZ","Czechia",0.000000000,""
"West Nile virus infection","All cases","Reported cases","N","2020","DE","Germany",23.000000000,""
"West Nile virus infection","All cases","Reported cases","N","2020","DK","Denmark",0.000000000,""
"West Nile virus infection","All cases","Reported cases","N","2020","EE","Estonia",0.000000000,""
"West Nile virus infection","All cases","Reported cases","N","2020","EL","Greece",144.000000000,""
"West Nile virus infection","All cases","Reported cases","N","2020","ES","Spain",77.000000000,""
"West Nile virus infection","All cases","Reported cases","N","2020","EU27_21","EU (without UK)",333.000000000,""
"West Nile virus infection","All cases","Reported cases","N","2020","EU27_UK_21","EU (with UK until 2019)",333.000000000,""
"West Nile virus infection","All cases","Reported cases","N","2020","EUEEA30_21","EU/EEA (without UK)",333.000000000,""
"West Nile virus infection","All cases","Reported cases","N","2020","EUEEAUK_21","EU/EEA (with UK until 2019)",333.000000000,""
"West Nile virus infection","All cases","Reported cases","N","2020","FI","Finland",0.000000000,""
"West Nile virus infection","All cases","Reported cases","N","2020","FR","France",0.000000000,""
"West Nile virus infection","All cases","Reported cases","N","2020","HR","Croatia",0.000000000,""
"West Nile virus infection","All cases","Reported cases","N","2020","HU","Hungary",3.000000000,""
"West Nile virus infection","All cases","Reported cases","N","2020","IE","Ireland",0.000000000,""
"West Nile virus infection","All cases","Reported cases","N","2020","IL","Israel",17.000000000,""
"West Nile virus infection","All cases","Reported cases","N","2020","IS","Iceland",0.000000000,""
"West Nile virus infection","All cases","Reported cases","N","2020","IT","Italy",71.000000000,""
"West Nile virus infection","All cases","Reported cases","N","2020","LT","Lithuania",0.000000000,""
"West Nile virus infection","All cases","Reported cases","N","2020","LU","Luxembourg",0.000000000,""
"West Nile virus infection","All cases","Reported cases","N","2020","LV","Latvia",0.000000000,""
"West Nile virus infection","All cases","Reported cases","N","2020","MK","North Macedonia",0.000000000,""
"West Nile virus infection","All cases","Reported cases","N","2020","MT","Malta",0.000000000,""
"West Nile virus infection","All cases","Reported cases","N","2020","NL","Netherlands",8.000000000,""
"West Nile virus infection","All cases","Reported cases","N","2020","NO","Norway",0.000000000,""
"West Nile virus infection","All cases","Reported cases","N","2020","PL","Poland",0.000000000,""
"West Nile virus infection","All cases","Reported cases","N","2020","PT","Portugal",0.000000000,""
"West Nile virus infection","All cases","Reported cases","N","2020","RO","Romania",6.000000000,""
"West Nile virus infection","All cases","Reported cases","N","2020","SE","Sweden",0.000000000,""
"West Nile virus infection","All cases","Reported cases","N","2020","SI","Slovenia",0.000000000,""
"West Nile virus infection","All cases","Reported cases","N","2020","SK","Slovakia",0.000000000,""
"West Nile virus infection","All cases","Reported cases","N","2020","TR","Türkiye",0.000000000,""
"West Nile virus infection","All cases","Reported cases","N","2020","XK","Kosovo",0.000000000,""
"West Nile virus infection","All cases","Reported cases","N","2021","AL","Albania",0.000000000,""
"West Nile virus infection","All cases","Reported cases","N","2021","AT","Austria",4.000000000,""
"West Nile virus infection","All cases","Reported cases","N","2021","BA","Bosnia and Herzegovina",0.000000000,""
"West Nile virus infection","All cases","Reported cases","N","2021","BE","Belgium",0.000000000,""
"West Nile virus infection","All cases","Reported cases","N","2021","BG","Bulgaria",0.000000000,""
"West Nile virus infection","All cases","Reported cases","N","2021","CY","Cyprus",0.000000000,""
"West Nile virus infection","All cases","Reported cases","N","2021","CZ","Czechia",0.000000000,""
"West Nile virus infection","All cases","Reported cases","N","2021","DE","Germany",5.000000000,""
"West Nile virus infection","All cases","Reported cases","N","2021","DK","Denmark",0.000000000,""
"West Nile virus infection","All cases","Reported cases","N","2021","EE","Estonia",0.000000000,""
"West Nile virus infection","All cases","Reported cases","N","2021","EL","Greece",60.000000000,""
"West Nile virus infection","All cases","Reported cases","N","2021","ES","Spain",6.000000000,""
"West Nile virus infection","All cases","Reported cases","N","2021","EU27_21","EU (without UK)",158.000000000,""
"West Nile virus infection","All cases","Reported cases","N","2021","EU27_UK_21","EU (with UK until 2019)",158.000000000,""
"West Nile virus infection","All cases","Reported cases","N","2021","EUEEA30_21","EU/EEA (without UK)",158.000000000,""
"West Nile virus infection","All cases","Reported cases","N","2021","EUEEAUK_21","EU/EEA (with UK until 2019)",158.000000000,""
"West Nile virus infection","All cases","Reported cases","N","2021","FI","Finland",0.000000000,""
"West Nile virus infection","All cases","Reported cases","N","2021","FR","France",3.000000000,""
"West Nile virus infection","All cases","Reported cases","N","2021","HR","Croatia",0.000000000,""
"West Nile virus infection","All cases","Reported cases","N","2021","HU","Hungary",8.000000000,""
"West Nile virus infection","All cases","Reported cases","N","2021","IE","Ireland",0.000000000,""
"West Nile virus infection","All cases","Reported cases","N","2021","IS","Iceland",0.000000000,""
"West Nile virus infection","All cases","Reported cases","N","2021","IT","Italy",65.000000000,""
"West Nile virus infection","All cases","Reported cases","N","2021","LI","Liechtenstein",0.000000000,""
"West Nile virus infection","All cases","Reported cases","N","2021","LT","Lithuania",0.000000000,""
"West Nile virus infection","All cases","Reported cases","N","2021","LU","Luxembourg",0.000000000,""
"West Nile virus infection","All cases","Reported cases","N","2021","LV","Latvia",0.000000000,""
"West Nile virus infection","All cases","Reported cases","N","2021","ME","Montenegro",0.000000000,""
"West Nile virus infection","All cases","Reported cases","N","2021","MK","North Macedonia",3.000000000,""
"West Nile virus infection","All cases","Reported cases","N","2021","MT","Malta",0.000000000,""
"West Nile virus infection","All cases","Reported cases","N","2021","NL","Netherlands",0.000000000,""
"West Nile virus infection","All cases","Reported cases","N","2021","NO","Norway",0.000000000,""
"West Nile virus infection","All cases","Reported cases","N","2021","PL","Poland",0.000000000,""
"West Nile virus infection","All cases","Reported cases","N","2021","PT","Portugal",0.000000000,""
"West Nile virus infection","All cases","Reported cases","N","2021","RO","Romania",7.000000000,""
"West Nile virus infection","All cases","Reported cases","N","2021","RS","Serbia",18.000000000,""
"West Nile virus infection","All cases","Reported cases","N","2021","SE","Sweden",0.000000000,""
"West Nile virus infection","All cases","Reported cases","N","2021","SI","Slovenia",0.000000000,""
"West Nile virus infection","All cases","Reported cases","N","2021","SK","Slovakia",0.000000000,""
"West Nile virus infection","All cases","Reported cases","N","2021","TR","Türkiye",0.000000000,""
"West Nile virus infection","All cases","Reported cases","N","2021","XK","Kosovo",0.000000000,""
"West Nile virus infection","All cases","Reported cases","N","2022","AL","Albania",0.000000000,""
"West Nile virus infection","All cases","Reported cases","N","2022","AT","Austria",8.000000000,""
"West Nile virus infection","All cases","Reported cases","N","2022","BA","Bosnia and Herzegovina",0.000000000,""
"West Nile virus infection","All cases","Reported cases","N","2022","BE","Belgium",0.000000000,""
"West Nile virus infection","All cases","Reported cases","N","2022","BG","Bulgaria",1.000000000,""
"West Nile virus infection","All cases","Reported cases","N","2022","CY","Cyprus",0.000000000,""
"West Nile virus infection","All cases","Reported cases","N","2022","CZ","Czechia",2.000000000,""
"West Nile virus infection","All cases","Reported cases","N","2022","DE","Germany",19.000000000,""
"West Nile virus infection","All cases","Reported cases","N","2022","DK","Denmark",1.000000000,""
"West Nile virus infection","All cases","Reported cases","N","2022","EE","Estonia",0.000000000,""
"West Nile virus infection","All cases","Reported cases","N","2022","EL","Greece",286.000000000,""
"West Nile virus infection","All cases","Reported cases","N","2022","ES","Spain",4.000000000,""
"West Nile virus infection","All cases","Reported cases","N","2022","EU27_21","EU (without UK)",1139.000000000,""
"West Nile virus infection","All cases","Reported cases","N","2022","EU27_UK_21","EU (with UK until 2019)",1139.000000000,""
"West Nile virus infection","All cases","Reported cases","N","2022","EUEEA30_21","EU/EEA (without UK)",1139.000000000,""
"West Nile virus infection","All cases","Reported cases","N","2022","EUEEAUK_21","EU/EEA (with UK until 2019)",1139.000000000,""
"West Nile virus infection","All cases","Reported cases","N","2022","FI","Finland",1.000000000,""
"West Nile virus infection","All cases","Reported cases","N","2022","FR","France",11.000000000,""
"West Nile virus infection","All cases","Reported cases","N","2022","HR","Croatia",8.000000000,""
"West Nile virus infection","All cases","Reported cases","N","2022","HU","Hungary",14.000000000,""
"West Nile virus infection","All cases","Reported cases","N","2022","IE","Ireland",0.000000000,""
"West Nile virus infection","All cases","Reported cases","N","2022","IS","Iceland",0.000000000,""
"West Nile virus infection","All cases","Reported cases","N","2022","IT","Italy",728.000000000,""
"West Nile virus infection","All cases","Reported cases","N","2022","LI","Liechtenstein",0.000000000,""
"West Nile virus infection","All cases","Reported cases","N","2022","LT","Lithuania",0.000000000,""
"West Nile virus infection","All cases","Reported cases","N","2022","LU","Luxembourg",0.000000000,""
"West Nile virus infection","All cases","Reported cases","N","2022","LV","Latvia",0.000000000,""
"West Nile virus infection","All cases","Reported cases","N","2022","ME","Montenegro",0.000000000,""
"West Nile virus infection","All cases","Reported cases","N","2022","MK","North Macedonia",2.000000000,""
"West Nile virus infection","All cases","Reported cases","N","2022","MT","Malta",1.000000000,""
"West Nile virus infection","All cases","Reported cases","N","2022","NL","Netherlands",0.000000000,""
"West Nile virus infection","All cases","Reported cases","N","2022","NO","Norway",0.000000000,""
"West Nile virus infection","All cases","Reported cases","N","2022","PL","Poland",1.000000000,""
"West Nile virus infection","All cases","Reported cases","N","2022","PT","Portugal",0.000000000,""
"West Nile virus infection","All cases","Reported cases","N","2022","RO","Romania",53.000000000,""
"West Nile virus infection","All cases","Reported cases","N","2022","RS","Serbia",246.000000000,""
"West Nile virus infection","All cases","Reported cases","N","2022","SE","Sweden",0.000000000,""
"West Nile virus infection","All cases","Reported cases","N","2022","SI","Slovenia",0.000000000,""
"West Nile virus infection","All cases","Reported cases","N","2022","SK","Slovakia",1.000000000,""
"West Nile virus infection","All cases","Reported cases","N","2022","TR","Türkiye",0.000000000,""
"West Nile virus infection","All cases","Reported cases","N","2022","XK","Kosovo",0.000000000,""
"West Nile virus infection","All cases","Reported cases","N","2023","AT","Austria",1.000000000,""
"West Nile virus infection","All cases","Reported cases","N","2023","BA","Bosnia and Herzegovina",0.000000000,""
"West Nile virus infection","All cases","Reported cases","N","2023","BE","Belgium",0.000000000,""
"West Nile virus infection","All cases","Reported cases","N","2023","BG","Bulgaria",0.000000000,""
"West Nile virus infection","All cases","Reported cases","N","2023","CY","Cyprus",6.000000000,""
"West Nile virus infection","All cases","Reported cases","N","2023","CZ","Czechia",0.000000000,""
"West Nile virus infection","All cases","Reported cases","N","2023","DE","Germany",17.000000000,""
"West Nile virus infection","All cases","Reported cases","N","2023","DK","Denmark",0.000000000,""
"West Nile virus infection","All cases","Reported cases","N","2023","EE","Estonia",0.000000000,""
"West Nile virus infection","All cases","Reported cases","N","2023","EL","Greece",162.000000000,""
"West Nile virus infection","All cases","Reported cases","N","2023","ES","Spain",22.000000000,""
"West Nile virus infection","All cases","Reported cases","N","2023","EU27_21","EU (without UK)",752.000000000,""
"West Nile virus infection","All cases","Reported cases","N","2023","EU27_UK_21","EU (with UK until 2019)",752.000000000,""
"West Nile virus infection","All cases","Reported cases","N","2023","EUEEA30_21","EU/EEA (without UK)",752.000000000,""
"West Nile virus infection","All cases","Reported cases","N","2023","EUEEAUK_21","EU/EEA (with UK until 2019)",752.000000000,""
"West Nile virus infection","All cases","Reported cases","N","2023","FI","Finland",3.000000000,""
"West Nile virus infection","All cases","Reported cases","N","2023","FR","France",48.000000000,""
"West Nile virus infection","All cases","Reported cases","N","2023","HR","Croatia",10.000000000,""
"West Nile virus infection","All cases","Reported cases","N","2023","HU","Hungary",33.000000000,""
"West Nile virus infection","All cases","Reported cases","N","2023","IE","Ireland",1.000000000,""
"West Nile virus infection","All cases","Reported cases","N","2023","IS","Iceland",0.000000000,""
"West Nile virus infection","All cases","Reported cases","N","2023","IT","Italy",344.000000000,""
"West Nile virus infection","All cases","Reported cases","N","2023","LI","Liechtenstein",0.000000000,""
"West Nile virus infection","All cases","Reported cases","N","2023","LT","Lithuania",0.000000000,""
"West Nile virus infection","All cases","Reported cases","N","2023","LU","Luxembourg",0.000000000,""
"West Nile virus infection","All cases","Reported cases","N","2023","LV","Latvia",0.000000000,""
"West Nile virus infection","All cases","Reported cases","N","2023","ME","Montenegro",0.000000000,""
"West Nile virus infection","All cases","Reported cases","N","2023","MK","North Macedonia",3.000000000,""
"West Nile virus infection","All cases","Reported cases","N","2023","MT","Malta",0.000000000,""
"West Nile virus infection","All cases","Reported cases","N","2023","NL","Netherlands",0.000000000,""
"West Nile virus infection","All cases","Reported cases","N","2023","NO","Norway",0.000000000,""
"West Nile virus infection","All cases","Reported cases","N","2023","PL","Poland",0.000000000,""
"West Nile virus infection","All cases","Reported cases","N","2023","PT","Portugal",0.000000000,""
"West Nile virus infection","All cases","Reported cases","N","2023","RO","Romania",105.000000000,""
"West Nile virus infection","All cases","Reported cases","N","2023","RS","Serbia",92.000000000,""
"West Nile virus infection","All cases","Reported cases","N","2023","SE","Sweden",0.000000000,""
"West Nile virus infection","All cases","Reported cases","N","2023","SI","Slovenia",0.000000000,""
"West Nile virus infection","All cases","Reported cases","N","2023","SK","Slovakia",0.000000000,""
"West Nile virus infection","All cases","Reported cases","N","2023","TR","Türkiye",0.000000000,""
"West Nile virus infection","All cases","Reported cases","N","2023","XK","Kosovo",0.000000000,""
"West Nile virus infection","All cases","Reported cases","N","2024","AL","Albania",103.000000000,""
"West Nile virus infection","All cases","Reported cases","N","2024","AT","Austria",37.000000000,""
"West Nile virus infection","All cases","Reported cases","N","2024","BE","Belgium",1.000000000,""
"West Nile virus infection","All cases","Reported cases","N","2024","BG","Bulgaria",24.000000000,""
"West Nile virus infection","All cases","Reported cases","N","2024","CY","Cyprus",2.000000000,""
"West Nile virus infection","All cases","Reported cases","N","2024","CZ","Czechia",5.000000000,""
"West Nile virus infection","All cases","Reported cases","N","2024","DE","Germany",88.000000000,""
"West Nile virus infection","All cases","Reported cases","N","2024","DK","Denmark",0.000000000,""
"West Nile virus infection","All cases","Reported cases","N","2024","EE","Estonia",0.000000000,""
"West Nile virus infection","All cases","Reported cases","N","2024","EL","Greece",224.000000000,""
"West Nile virus infection","All cases","Reported cases","N","2024","ES","Spain",161.000000000,""
"West Nile virus infection","All cases","Reported cases","N","2024","EU27_21","EU (without UK)",1325.000000000,""
"West Nile virus infection","All cases","Reported cases","N","2024","EU27_UK_21","EU (with UK until 2019)",1325.000000000,""
"West Nile virus infection","All cases","Reported cases","N","2024","EUEEA30_21","EU/EEA (without UK)",1325.000000000,""
"West Nile virus infection","All cases","Reported cases","N","2024","EUEEAUK_21","EU/EEA (with UK until 2019)",1325.000000000,""
"West Nile virus infection","All cases","Reported cases","N","2024","FI","Finland",0.000000000,""
"West Nile virus infection","All cases","Reported cases","N","2024","FR","France",41.000000000,""
"West Nile virus infection","All cases","Reported cases","N","2024","HR","Croatia",20.000000000,""
"West Nile virus infection","All cases","Reported cases","N","2024","HU","Hungary",113.000000000,""
"West Nile virus infection","All cases","Reported cases","N","2024","IE","Ireland",1.000000000,""
"West Nile virus infection","All cases","Reported cases","N","2024","IS","Iceland",0.000000000,""
"West Nile virus infection","All cases","Reported cases","N","2024","IT","Italy",484.000000000,""
"West Nile virus infection","All cases","Reported cases","N","2024","LI","Liechtenstein",0.000000000,""
"West Nile virus infection","All cases","Reported cases","N","2024","LT","Lithuania",0.000000000,""
"West Nile virus infection","All cases","Reported cases","N","2024","LU","Luxembourg",0.000000000,""
"West Nile virus infection","All cases","Reported cases","N","2024","LV","Latvia",0.000000000,""
"West Nile virus infection","All cases","Reported cases","N","2024","ME","Montenegro",0.000000000,""
"West Nile virus infection","All cases","Reported cases","N","2024","MK","North Macedonia",4.000000000,""
"West Nile virus infection","All cases","Reported cases","N","2024","MT","Malta",0.000000000,""
"West Nile virus infection","All cases","Reported cases","N","2024","NL","Netherlands",1.000000000,""
"West Nile virus infection","All cases","Reported cases","N","2024","NO","Norway",0.000000000,""
"West Nile virus infection","All cases","Reported cases","N","2024","PL","Poland",2.000000000,""
"West Nile virus infection","All cases","Reported cases","N","2024","PT","Portugal",0.000000000,""
"West Nile virus infection","All cases","Reported cases","N","2024","RO","Romania",105.000000000,""
"West Nile virus infection","All cases","Reported cases","N","2024","RS","Serbia",68.000000000,""
"West Nile virus infection","All cases","Reported cases","N","2024","SE","Sweden",1.000000000,""
"West Nile virus infection","All cases","Reported cases","N","2024","SI","Slovenia",6.000000000,""
"West Nile virus infection","All cases","Reported cases","N","2024","SK","Slovakia",9.000000000,""
"West Nile virus infection","All cases","Reported cases","N","2024","TR","Türkiye",90.000000000,""
"West Nile virus infection","All cases","Reported cases","N","2024","XK","Kosovo",7.000000000,""
"West Nile virus infection","Locally acquired cases","Age standardised rate","N/100000","2008","AT","Austria",0.000000000,""
"West Nile virus infection","Locally acquired cases","Age standardised rate","N/100000","2008","BE","Belgium",0.000000000,""
"West Nile virus infection","Locally acquired cases","Age standardised rate","N/100000","2008","BG","Bulgaria",0.000000000,""
"West Nile virus infection","Locally acquired cases","Age standardised rate","N/100000","2008","CY","Cyprus",0.000000000,""
"West Nile virus infection","Locally acquired cases","Age standardised rate","N/100000","2008","CZ","Czechia",0.000000000,""
"West Nile virus infection","Locally acquired cases","Age standardised rate","N/100000","2008","EE","Estonia",0.000000000,""
"West Nile virus infection","Locally acquired cases","Age standardised rate","N/100000","2008","EL","Greece",0.000000000,""
"West Nile virus infection","Locally acquired cases","Age standardised rate","N/100000","2008","ES","Spain",0.000000000,""
"West Nile virus infection","Locally acquired cases","Age standardised rate","N/100000","2008","EU27_21","EU (without UK)",0.006921000,""
"West Nile virus infection","Locally acquired cases","Age standardised rate","N/100000","2008","EU27_UK_21","EU (with UK until 2019)",0.005850000,""
"West Nile virus infection","Locally acquired cases","Age standardised rate","N/100000","2008","EUEEA30_21","EU/EEA (without UK)",0.006825000,""
"West Nile virus infection","Locally acquired cases","Age standardised rate","N/100000","2008","EUEEAUK_21","EU/EEA (with UK until 2019)",0.005782000,""
"West Nile virus infection","Locally acquired cases","Age standardised rate","N/100000","2008","FI","Finland",0.000000000,""
"West Nile virus infection","Locally acquired cases","Age standardised rate","N/100000","2008","FR","France",0.000000000,""
"West Nile virus infection","Locally acquired cases","Age standardised rate","N/100000","2008","HU","Hungary",0.186440210,""
"West Nile virus infection","Locally acquired cases","Age standardised rate","N/100000","2008","IE","Ireland",0.000000000,""
"West Nile virus infection","Locally acquired cases","Age standardised rate","N/100000","2008","IT","Italy",0.004426250,""
"West Nile virus infection","Locally acquired cases","Age standardised rate","N/100000","2008","LT","Lithuania",0.000000000,""
"West Nile virus infection","Locally acquired cases","Age standardised rate","N/100000","2008","LU","Luxembourg",0.000000000,""
"West Nile virus infection","Locally acquired cases","Age standardised rate","N/100000","2008","LV","Latvia",0.000000000,""
"West Nile virus infection","Locally acquired cases","Age standardised rate","N/100000","2008","MT","Malta",0.000000000,""
"West Nile virus infection","Locally acquired cases","Age standardised rate","N/100000","2008","NL","Netherlands",0.000000000,""
"West Nile virus infection","Locally acquired cases","Age standardised rate","N/100000","2008","NO","Norway",0.000000000,""
"West Nile virus infection","Locally acquired cases","Age standardised rate","N/100000","2008","PL","Poland",0.000000000,""
"West Nile virus infection","Locally acquired cases","Age standardised rate","N/100000","2008","RO","Romania",0.009456780,""
"West Nile virus infection","Locally acquired cases","Age standardised rate","N/100000","2008","SE","Sweden",0.000000000,""
"West Nile virus infection","Locally acquired cases","Age standardised rate","N/100000","2008","SI","Slovenia",0.000000000,""
"West Nile virus infection","Locally acquired cases","Age standardised rate","N/100000","2008","SK","Slovakia",0.000000000,""
"West Nile virus infection","Locally acquired cases","Age standardised rate","N/100000","2008","UK","United Kingdom",0.000000000,""
"West Nile virus infection","Locally acquired cases","Age standardised rate","N/100000","2009","AT","Austria",0.024210190,""
"West Nile virus infection","Locally acquired cases","Age standardised rate","N/100000","2009","BE","Belgium",0.000000000,""
"West Nile virus infection","Locally acquired cases","Age standardised rate","N/100000","2009","CY","Cyprus",0.000000000,""
"West Nile virus infection","Locally acquired cases","Age standardised rate","N/100000","2009","CZ","Czechia",0.000000000,""
"West Nile virus infection","Locally acquired cases","Age standardised rate","N/100000","2009","EE","Estonia",0.000000000,""
"West Nile virus infection","Locally acquired cases","Age standardised rate","N/100000","2009","EL","Greece",0.000000000,""
"West Nile virus infection","Locally acquired cases","Age standardised rate","N/100000","2009","ES","Spain",0.000000000,""
"West Nile virus infection","Locally acquired cases","Age standardised rate","N/100000","2009","EU27_21","EU (without UK)",0.007449000,""
"West Nile virus infection","Locally acquired cases","Age standardised rate","N/100000","2009","EU27_UK_21","EU (with UK until 2019)",0.006272000,""
"West Nile virus infection","Locally acquired cases","Age standardised rate","N/100000","2009","EUEEA30_21","EU/EEA (without UK)",0.007342000,""
"West Nile virus infection","Locally acquired cases","Age standardised rate","N/100000","2009","EUEEAUK_21","EU/EEA (with UK until 2019)",0.006196000,""
"West Nile virus infection","Locally acquired cases","Age standardised rate","N/100000","2009","FI","Finland",0.000000000,""
"West Nile virus infection","Locally acquired cases","Age standardised rate","N/100000","2009","FR","France",0.000000000,""
"West Nile virus infection","Locally acquired cases","Age standardised rate","N/100000","2009","HU","Hungary",0.071356390,""
"West Nile virus infection","Locally acquired cases","Age standardised rate","N/100000","2009","IE","Ireland",0.000000000,""
"West Nile virus infection","Locally acquired cases","Age standardised rate","N/100000","2009","IT","Italy",0.022708050,""
"West Nile virus infection","Locally acquired cases","Age standardised rate","N/100000","2009","LT","Lithuania",0.000000000,""
"West Nile virus infection","Locally acquired cases","Age standardised rate","N/100000","2009","LU","Luxembourg",0.000000000,""
"West Nile virus infection","Locally acquired cases","Age standardised rate","N/100000","2009","LV","Latvia",0.000000000,""
"West Nile virus infection","Locally acquired cases","Age standardised rate","N/100000","2009","MT","Malta",0.000000000,""
"West Nile virus infection","Locally acquired cases","Age standardised rate","N/100000","2009","NL","Netherlands",0.000000000,""
"West Nile virus infection","Locally acquired cases","Age standardised rate","N/100000","2009","NO","Norway",0.000000000,""
"West Nile virus infection","Locally acquired cases","Age standardised rate","N/100000","2009","PL","Poland",0.000000000,""
"West Nile virus infection","Locally acquired cases","Age standardised rate","N/100000","2009","RO","Romania",0.009589780,""
"West Nile virus infection","Locally acquired cases","Age standardised rate","N/100000","2009","SE","Sweden",0.000000000,""
"West Nile virus infection","Locally acquired cases","Age standardised rate","N/100000","2009","SI","Slovenia",0.000000000,""
"West Nile virus infection","Locally acquired cases","Age standardised rate","N/100000","2009","SK","Slovakia",0.000000000,""
"West Nile virus infection","Locally acquired cases","Age standardised rate","N/100000","2009","UK","United Kingdom",0.000000000,""
"West Nile virus infection","Locally acquired cases","Age standardised rate","N/100000","2010","AT","Austria",0.011229790,""
"West Nile virus infection","Locally acquired cases","Age standardised rate","N/100000","2010","BE","Belgium",0.000000000,""
"West Nile virus infection","Locally acquired cases","Age standardised rate","N/100000","2010","CY","Cyprus",0.000000000,""
"West Nile virus infection","Locally acquired cases","Age standardised rate","N/100000","2010","CZ","Czechia",0.000000000,""
"West Nile virus infection","Locally acquired cases","Age standardised rate","N/100000","2010","DK","Denmark",0.000000000,""
"West Nile virus infection","Locally acquired cases","Age standardised rate","N/100000","2010","EE","Estonia",0.000000000,""
"West Nile virus infection","Locally acquired cases","Age standardised rate","N/100000","2010","EL","Greece",2.150409790,""
"West Nile virus infection","Locally acquired cases","Age standardised rate","N/100000","2010","ES","Spain",0.004298410,""
"West Nile virus infection","Locally acquired cases","Age standardised rate","N/100000","2010","EU27_21","EU (without UK)",0.095773000,""
"West Nile virus infection","Locally acquired cases","Age standardised rate","N/100000","2010","EU27_UK_21","EU (with UK until 2019)",0.080790000,""
"West Nile virus infection","Locally acquired cases","Age standardised rate","N/100000","2010","EUEEA30_21","EU/EEA (without UK)",0.094412000,""
"West Nile virus infection","Locally acquired cases","Age standardised rate","N/100000","2010","EUEEAUK_21","EU/EEA (with UK until 2019)",0.079819000,""
"West Nile virus infection","Locally acquired cases","Age standardised rate","N/100000","2010","FI","Finland",0.000000000,""
"West Nile virus infection","Locally acquired cases","Age standardised rate","N/100000","2010","FR","France",0.000000000,""
"West Nile virus infection","Locally acquired cases","Age standardised rate","N/100000","2010","HU","Hungary",0.176944540,""
"West Nile virus infection","Locally acquired cases","Age standardised rate","N/100000","2010","IE","Ireland",0.000000000,""
"West Nile virus infection","Locally acquired cases","Age standardised rate","N/100000","2010","IL","Israel",0.000000000,""
"West Nile virus infection","Locally acquired cases","Age standardised rate","N/100000","2010","IT","Italy",0.010227250,""
"West Nile virus infection","Locally acquired cases","Age standardised rate","N/100000","2010","LT","Lithuania",0.000000000,""
"West Nile virus infection","Locally acquired cases","Age standardised rate","N/100000","2010","LU","Luxembourg",0.000000000,""
"West Nile virus infection","Locally acquired cases","Age standardised rate","N/100000","2010","LV","Latvia",0.000000000,""
"West Nile virus infection","Locally acquired cases","Age standardised rate","N/100000","2010","MT","Malta",0.000000000,""
"West Nile virus infection","Locally acquired cases","Age standardised rate","N/100000","2010","NL","Netherlands",0.000000000,""
"West Nile virus infection","Locally acquired cases","Age standardised rate","N/100000","2010","NO","Norway",0.000000000,""
"West Nile virus infection","Locally acquired cases","Age standardised rate","N/100000","2010","PL","Poland",0.000000000,""
"West Nile virus infection","Locally acquired cases","Age standardised rate","N/100000","2010","RO","Romania",0.280582720,""
"West Nile virus infection","Locally acquired cases","Age standardised rate","N/100000","2010","RU","Russia",0.000000000,""
"West Nile virus infection","Locally acquired cases","Age standardised rate","N/100000","2010","SE","Sweden",0.000000000,""
"West Nile virus infection","Locally acquired cases","Age standardised rate","N/100000","2010","SI","Slovenia",0.000000000,""
"West Nile virus infection","Locally acquired cases","Age standardised rate","N/100000","2010","SK","Slovakia",0.000000000,""
"West Nile virus infection","Locally acquired cases","Age standardised rate","N/100000","2010","TR","Türkiye",0.095131120,""
"West Nile virus infection","Locally acquired cases","Age standardised rate","N/100000","2010","UK","United Kingdom",0.000000000,""
"West Nile virus infection","Locally acquired cases","Age standardised rate","N/100000","2011","AL","Albania",0.649568300,""
"West Nile virus infection","Locally acquired cases","Age standardised rate","N/100000","2011","AT","Austria",0.000000000,""
"West Nile virus infection","Locally acquired cases","Age standardised rate","N/100000","2011","BE","Belgium",0.000000000,""
"West Nile virus infection","Locally acquired cases","Age standardised rate","N/100000","2011","CY","Cyprus",0.000000000,""
"West Nile virus infection","Locally acquired cases","Age standardised rate","N/100000","2011","CZ","Czechia",0.000000000,""
"West Nile virus infection","Locally acquired cases","Age standardised rate","N/100000","2011","DK","Denmark",0.000000000,""
"West Nile virus infection","Locally acquired cases","Age standardised rate","N/100000","2011","EE","Estonia",0.000000000,""
"West Nile virus infection","Locally acquired cases","Age standardised rate","N/100000","2011","EL","Greece",0.822429020,""
"West Nile virus infection","Locally acquired cases","Age standardised rate","N/100000","2011","ES","Spain",0.000000000,""
"West Nile virus infection","Locally acquired cases","Age standardised rate","N/100000","2011","EU27_21","EU (without UK)",0.039645000,""
"West Nile virus infection","Locally acquired cases","Age standardised rate","N/100000","2011","EU27_UK_21","EU (with UK until 2019)",0.033415000,""
"West Nile virus infection","Locally acquired cases","Age standardised rate","N/100000","2011","EUEEA30_21","EU/EEA (without UK)",0.039076000,""
"West Nile virus infection","Locally acquired cases","Age standardised rate","N/100000","2011","EUEEAUK_21","EU/EEA (with UK until 2019)",0.033010000,""
"West Nile virus infection","Locally acquired cases","Age standardised rate","N/100000","2011","FI","Finland",0.000000000,""
"West Nile virus infection","Locally acquired cases","Age standardised rate","N/100000","2011","FR","France",0.000000000,""
"West Nile virus infection","Locally acquired cases","Age standardised rate","N/100000","2011","HU","Hungary",0.039152000,""
"West Nile virus infection","Locally acquired cases","Age standardised rate","N/100000","2011","IE","Ireland",0.000000000,""
"West Nile virus infection","Locally acquired cases","Age standardised rate","N/100000","2011","IL","Israel",0.000000000,""
"West Nile virus infection","Locally acquired cases","Age standardised rate","N/100000","2011","IT","Italy",0.045866190,""
"West Nile virus infection","Locally acquired cases","Age standardised rate","N/100000","2011","LT","Lithuania",0.000000000,""
"West Nile virus infection","Locally acquired cases","Age standardised rate","N/100000","2011","LU","Luxembourg",0.000000000,""
"West Nile virus infection","Locally acquired cases","Age standardised rate","N/100000","2011","LV","Latvia",0.000000000,""
"West Nile virus infection","Locally acquired cases","Age standardised rate","N/100000","2011","MK","North Macedonia",0.000000000,""
"West Nile virus infection","Locally acquired cases","Age standardised rate","N/100000","2011","MT","Malta",0.000000000,""
"West Nile virus infection","Locally acquired cases","Age standardised rate","N/100000","2011","NL","Netherlands",0.000000000,""
"West Nile virus infection","Locally acquired cases","Age standardised rate","N/100000","2011","NO","Norway",0.000000000,""
"West Nile virus infection","Locally acquired cases","Age standardised rate","N/100000","2011","PL","Poland",0.000000000,""
"West Nile virus infection","Locally acquired cases","Age standardised rate","N/100000","2011","RO","Romania",0.055159810,""
"West Nile virus infection","Locally acquired cases","Age standardised rate","N/100000","2011","RU","Russia",0.000000000,""
"West Nile virus infection","Locally acquired cases","Age standardised rate","N/100000","2011","SE","Sweden",0.000000000,""
"West Nile virus infection","Locally acquired cases","Age standardised rate","N/100000","2011","SI","Slovenia",0.000000000,""
"West Nile virus infection","Locally acquired cases","Age standardised rate","N/100000","2011","SK","Slovakia",0.000000000,""
"West Nile virus infection","Locally acquired cases","Age standardised rate","N/100000","2011","TN","Tunisia",0.000000000,""
"West Nile virus infection","Locally acquired cases","Age standardised rate","N/100000","2011","TR","Türkiye",0.008197370,""
"West Nile virus infection","Locally acquired cases","Age standardised rate","N/100000","2011","UA","Ukraine",0.000000000,""
"West Nile virus infection","Locally acquired cases","Age standardised rate","N/100000","2011","UK","United Kingdom",0.000000000,""
"West Nile virus infection","Locally acquired cases","Age standardised rate","N/100000","2012","AL","Albania",0.000000000,""
"West Nile virus infection","Locally acquired cases","Age standardised rate","N/100000","2012","AT","Austria",0.000000000,""
"West Nile virus infection","Locally acquired cases","Age standardised rate","N/100000","2012","BE","Belgium",0.000000000,""
"West Nile virus infection","Locally acquired cases","Age standardised rate","N/100000","2012","BG","Bulgaria",0.034904100,""
"West Nile virus infection","Locally acquired cases","Age standardised rate","N/100000","2012","CY","Cyprus",0.000000000,""
"West Nile virus infection","Locally acquired cases","Age standardised rate","N/100000","2012","CZ","Czechia",0.000000000,""
"West Nile virus infection","Locally acquired cases","Age standardised rate","N/100000","2012","DK","Denmark",0.000000000,""
"West Nile virus infection","Locally acquired cases","Age standardised rate","N/100000","2012","DZ","Algeria",0.000000000,""
"West Nile virus infection","Locally acquired cases","Age standardised rate","N/100000","2012","EE","Estonia",0.000000000,""
"West Nile virus infection","Locally acquired cases","Age standardised rate","N/100000","2012","EL","Greece",1.317669210,""
"West Nile virus infection","Locally acquired cases","Age standardised rate","N/100000","2012","ES","Spain",0.000000000,""
"West Nile virus infection","Locally acquired cases","Age standardised rate","N/100000","2012","EU27_21","EU (without UK)",0.071082000,""
"West Nile virus infection","Locally acquired cases","Age standardised rate","N/100000","2012","EU27_UK_21","EU (with UK until 2019)",0.060177000,""
"West Nile virus infection","Locally acquired cases","Age standardised rate","N/100000","2012","EUEEA30_21","EU/EEA (without UK)",0.070084000,""
"West Nile virus infection","Locally acquired cases","Age standardised rate","N/100000","2012","EUEEAUK_21","EU/EEA (with UK until 2019)",0.059460000,""
"West Nile virus infection","Locally acquired cases","Age standardised rate","N/100000","2012","FI","Finland",0.000000000,""
"West Nile virus infection","Locally acquired cases","Age standardised rate","N/100000","2012","FR","France",0.000000000,""
"West Nile virus infection","Locally acquired cases","Age standardised rate","N/100000","2012","HR","Croatia",0.127974160,""
"West Nile virus infection","Locally acquired cases","Age standardised rate","N/100000","2012","HU","Hungary",0.166206260,""
"West Nile virus infection","Locally acquired cases","Age standardised rate","N/100000","2012","IE","Ireland",0.000000000,""
"West Nile virus infection","Locally acquired cases","Age standardised rate","N/100000","2012","IL","Israel",0.000000000,""
"West Nile virus infection","Locally acquired cases","Age standardised rate","N/100000","2012","IT","Italy",0.105618350,""
"West Nile virus infection","Locally acquired cases","Age standardised rate","N/100000","2012","LT","Lithuania",0.000000000,""
"West Nile virus infection","Locally acquired cases","Age standardised rate","N/100000","2012","LU","Luxembourg",0.000000000,""
"West Nile virus infection","Locally acquired cases","Age standardised rate","N/100000","2012","LV","Latvia",0.000000000,""
"West Nile virus infection","Locally acquired cases","Age standardised rate","N/100000","2012","ME","Montenegro",0.148029390,""
"West Nile virus infection","Locally acquired cases","Age standardised rate","N/100000","2012","MK","North Macedonia",0.000000000,""
"West Nile virus infection","Locally acquired cases","Age standardised rate","N/100000","2012","MT","Malta",0.000000000,""
"West Nile virus infection","Locally acquired cases","Age standardised rate","N/100000","2012","NL","Netherlands",0.000000000,""
"West Nile virus infection","Locally acquired cases","Age standardised rate","N/100000","2012","NO","Norway",0.000000000,""
"West Nile virus infection","Locally acquired cases","Age standardised rate","N/100000","2012","PL","Poland",0.000000000,""
"West Nile virus infection","Locally acquired cases","Age standardised rate","N/100000","2012","PS","Palestine",0.000000000,""
"West Nile virus infection","Locally acquired cases","Age standardised rate","N/100000","2012","RO","Romania",0.074469790,""
"West Nile virus infection","Locally acquired cases","Age standardised rate","N/100000","2012","RS","Serbia",0.000000000,""
"West Nile virus infection","Locally acquired cases","Age standardised rate","N/100000","2012","RU","Russia",0.000000000,""
"West Nile virus infection","Locally acquired cases","Age standardised rate","N/100000","2012","SE","Sweden",0.000000000,""
"West Nile virus infection","Locally acquired cases","Age standardised rate","N/100000","2012","SI","Slovenia",0.000000000,""
"West Nile virus infection","Locally acquired cases","Age standardised rate","N/100000","2012","SK","Slovakia",0.000000000,""
"West Nile virus infection","Locally acquired cases","Age standardised rate","N/100000","2012","TN","Tunisia",0.000000000,""
"West Nile virus infection","Locally acquired cases","Age standardised rate","N/100000","2012","UA","Ukraine",0.000000000,""
"West Nile virus infection","Locally acquired cases","Age standardised rate","N/100000","2012","UK","United Kingdom",0.000000000,""
"West Nile virus infection","Locally acquired cases","Age standardised rate","N/100000","2012","XK","Kosovo",-,""
"West Nile virus infection","Locally acquired cases","Age standardised rate","N/100000","2013","AL","Albania",0.000000000,""
"West Nile virus infection","Locally acquired cases","Age standardised rate","N/100000","2013","AT","Austria",0.000000000,""
"West Nile virus infection","Locally acquired cases","Age standardised rate","N/100000","2013","BA","Bosnia and Herzegovina",0.000000000,""
"West Nile virus infection","Locally acquired cases","Age standardised rate","N/100000","2013","BE","Belgium",0.000000000,""
"West Nile virus infection","Locally acquired cases","Age standardised rate","N/100000","2013","BG","Bulgaria",0.000000000,""
"West Nile virus infection","Locally acquired cases","Age standardised rate","N/100000","2013","CY","Cyprus",0.000000000,""
"West Nile virus infection","Locally acquired cases","Age standardised rate","N/100000","2013","CZ","Czechia",0.009129670,""
"West Nile virus infection","Locally acquired cases","Age standardised rate","N/100000","2013","DK","Denmark",0.000000000,""
"West Nile virus infection","Locally acquired cases","Age standardised rate","N/100000","2013","EE","Estonia",0.000000000,""
"West Nile virus infection","Locally acquired cases","Age standardised rate","N/100000","2013","EL","Greece",0.698443850,""
"West Nile virus infection","Locally acquired cases","Age standardised rate","N/100000","2013","ES","Spain",0.000000000,""
"West Nile virus infection","Locally acquired cases","Age standardised rate","N/100000","2013","EU27_21","EU (without UK)",0.074927000,""
"West Nile virus infection","Locally acquired cases","Age standardised rate","N/100000","2013","EU27_UK_21","EU (with UK until 2019)",0.063378000,""
"West Nile virus infection","Locally acquired cases","Age standardised rate","N/100000","2013","EUEEA30_21","EU/EEA (without UK)",0.073863000,""
"West Nile virus infection","Locally acquired cases","Age standardised rate","N/100000","2013","EUEEAUK_21","EU/EEA (with UK until 2019)",0.062615000,""
"West Nile virus infection","Locally acquired cases","Age standardised rate","N/100000","2013","FI","Finland",0.000000000,""
"West Nile virus infection","Locally acquired cases","Age standardised rate","N/100000","2013","FR","France",0.000000000,""
"West Nile virus infection","Locally acquired cases","Age standardised rate","N/100000","2013","HR","Croatia",0.442258450,""
"West Nile virus infection","Locally acquired cases","Age standardised rate","N/100000","2013","HU","Hungary",0.348928230,""
"West Nile virus infection","Locally acquired cases","Age standardised rate","N/100000","2013","IE","Ireland",0.000000000,""
"West Nile virus infection","Locally acquired cases","Age standardised rate","N/100000","2013","IL","Israel",0.000000000,""
"West Nile virus infection","Locally acquired cases","Age standardised rate","N/100000","2013","IT","Italy",0.177074510,""
"West Nile virus infection","Locally acquired cases","Age standardised rate","N/100000","2013","LT","Lithuania",0.000000000,""
"West Nile virus infection","Locally acquired cases","Age standardised rate","N/100000","2013","LU","Luxembourg",0.000000000,""
"West Nile virus infection","Locally acquired cases","Age standardised rate","N/100000","2013","LV","Latvia",0.000000000,""
"West Nile virus infection","Locally acquired cases","Age standardised rate","N/100000","2013","ME","Montenegro",0.487055400,""
"West Nile virus infection","Locally acquired cases","Age standardised rate","N/100000","2013","MK","North Macedonia",0.000000000,""
"West Nile virus infection","Locally acquired cases","Age standardised rate","N/100000","2013","MT","Malta",0.000000000,""
"West Nile virus infection","Locally acquired cases","Age standardised rate","N/100000","2013","NL","Netherlands",0.000000000,""
"West Nile virus infection","Locally acquired cases","Age standardised rate","N/100000","2013","NO","Norway",0.000000000,""
"West Nile virus infection","Locally acquired cases","Age standardised rate","N/100000","2013","PL","Poland",0.000000000,""
"West Nile virus infection","Locally acquired cases","Age standardised rate","N/100000","2013","RO","Romania",0.119634250,""
"West Nile virus infection","Locally acquired cases","Age standardised rate","N/100000","2013","RS","Serbia",0.000000000,""
"West Nile virus infection","Locally acquired cases","Age standardised rate","N/100000","2013","RU","Russia",0.000000000,""
"West Nile virus infection","Locally acquired cases","Age standardised rate","N/100000","2013","SE","Sweden",0.000000000,""
"West Nile virus infection","Locally acquired cases","Age standardised rate","N/100000","2013","SI","Slovenia",0.046985780,""
"West Nile virus infection","Locally acquired cases","Age standardised rate","N/100000","2013","SK","Slovakia",0.000000000,""
"West Nile virus infection","Locally acquired cases","Age standardised rate","N/100000","2013","TN","Tunisia",0.000000000,""
"West Nile virus infection","Locally acquired cases","Age standardised rate","N/100000","2013","UA","Ukraine",0.000000000,""
"West Nile virus infection","Locally acquired cases","Age standardised rate","N/100000","2013","UK","United Kingdom",0.000000000,""
"West Nile virus infection","Locally acquired cases","Age standardised rate","N/100000","2013","XK","Kosovo",-,""
"West Nile virus infection","Locally acquired cases","Age standardised rate","N/100000","2014","AL","Albania",0.000000000,""
"West Nile virus infection","Locally acquired cases","Age standardised rate","N/100000","2014","AT","Austria",0.023331370,""
"West Nile virus infection","Locally acquired cases","Age standardised rate","N/100000","2014","BA","Bosnia and Herzegovina",-,""
"West Nile virus infection","Locally acquired cases","Age standardised rate","N/100000","2014","BE","Belgium",0.000000000,""
"West Nile virus infection","Locally acquired cases","Age standardised rate","N/100000","2014","BG","Bulgaria",0.000000000,""
"West Nile virus infection","Locally acquired cases","Age standardised rate","N/100000","2014","CY","Cyprus",0.000000000,""
"West Nile virus infection","Locally acquired cases","Age standardised rate","N/100000","2014","CZ","Czechia",0.000000000,""
"West Nile virus infection","Locally acquired cases","Age standardised rate","N/100000","2014","DK","Denmark",0.000000000,""
"West Nile virus infection","Locally acquired cases","Age standardised rate","N/100000","2014","EE","Estonia",0.000000000,""
"West Nile virus infection","Locally acquired cases","Age standardised rate","N/100000","2014","EL","Greece",0.115723520,""
"West Nile virus infection","Locally acquired cases","Age standardised rate","N/100000","2014","ES","Spain",0.000000000,""
"West Nile virus infection","Locally acquired cases","Age standardised rate","N/100000","2014","EU27_21","EU (without UK)",0.019362000,""
"West Nile virus infection","Locally acquired cases","Age standardised rate","N/100000","2014","EU27_UK_21","EU (with UK until 2019)",0.016363000,""
"West Nile virus infection","Locally acquired cases","Age standardised rate","N/100000","2014","EUEEA30_21","EU/EEA (without UK)",0.019084000,""
"West Nile virus infection","Locally acquired cases","Age standardised rate","N/100000","2014","EUEEAUK_21","EU/EEA (with UK until 2019)",0.016164000,""
"West Nile virus infection","Locally acquired cases","Age standardised rate","N/100000","2014","FI","Finland",0.000000000,""
"West Nile virus infection","Locally acquired cases","Age standardised rate","N/100000","2014","FR","France",0.000000000,""
"West Nile virus infection","Locally acquired cases","Age standardised rate","N/100000","2014","HR","Croatia",0.020870000,""
"West Nile virus infection","Locally acquired cases","Age standardised rate","N/100000","2014","HU","Hungary",0.098422730,""
"West Nile virus infection","Locally acquired cases","Age standardised rate","N/100000","2014","IE","Ireland",0.000000000,""
"West Nile virus infection","Locally acquired cases","Age standardised rate","N/100000","2014","IL","Israel",-,""
"West Nile virus infection","Locally acquired cases","Age standardised rate","N/100000","2014","IT","Italy",0.032748030,""
"West Nile virus infection","Locally acquired cases","Age standardised rate","N/100000","2014","LT","Lithuania",0.000000000,""
"West Nile virus infection","Locally acquired cases","Age standardised rate","N/100000","2014","LU","Luxembourg",0.000000000,""
"West Nile virus infection","Locally acquired cases","Age standardised rate","N/100000","2014","LV","Latvia",0.000000000,""
"West Nile virus infection","Locally acquired cases","Age standardised rate","N/100000","2014","ME","Montenegro",0.000000000,""
"West Nile virus infection","Locally acquired cases","Age standardised rate","N/100000","2014","MK","North Macedonia",0.000000000,""
"West Nile virus infection","Locally acquired cases","Age standardised rate","N/100000","2014","MT","Malta",0.000000000,""
"West Nile virus infection","Locally acquired cases","Age standardised rate","N/100000","2014","NL","Netherlands",0.000000000,""
"West Nile virus infection","Locally acquired cases","Age standardised rate","N/100000","2014","NO","Norway",0.000000000,""
"West Nile virus infection","Locally acquired cases","Age standardised rate","N/100000","2014","PL","Poland",0.000000000,""
"West Nile virus infection","Locally acquired cases","Age standardised rate","N/100000","2014","RO","Romania",0.115338080,""
"West Nile virus infection","Locally acquired cases","Age standardised rate","N/100000","2014","RS","Serbia",0.991338220,""
"West Nile virus infection","Locally acquired cases","Age standardised rate","N/100000","2014","RU","Russia",-,""
"West Nile virus infection","Locally acquired cases","Age standardised rate","N/100000","2014","SE","Sweden",0.000000000,""
"West Nile virus infection","Locally acquired cases","Age standardised rate","N/100000","2014","SI","Slovenia",0.000000000,""
"West Nile virus infection","Locally acquired cases","Age standardised rate","N/100000","2014","SK","Slovakia",0.000000000,""
"West Nile virus infection","Locally acquired cases","Age standardised rate","N/100000","2014","UK","United Kingdom",0.000000000,""
"West Nile virus infection","Locally acquired cases","Age standardised rate","N/100000","2014","XK","Kosovo",-,""
"West Nile virus infection","Locally acquired cases","Age standardised rate","N/100000","2015","AL","Albania",0.000000000,""
"West Nile virus infection","Locally acquired cases","Age standardised rate","N/100000","2015","AT","Austria",0.061770400,""
"West Nile virus infection","Locally acquired cases","Age standardised rate","N/100000","2015","BE","Belgium",0.000000000,""
"West Nile virus infection","Locally acquired cases","Age standardised rate","N/100000","2015","BG","Bulgaria",0.028523340,""
"West Nile virus infection","Locally acquired cases","Age standardised rate","N/100000","2015","CY","Cyprus",0.000000000,""
"West Nile virus infection","Locally acquired cases","Age standardised rate","N/100000","2015","CZ","Czechia",0.000000000,""
"West Nile virus infection","Locally acquired cases","Age standardised rate","N/100000","2015","DK","Denmark",0.000000000,""
"West Nile virus infection","Locally acquired cases","Age standardised rate","N/100000","2015","EE","Estonia",0.000000000,""
"West Nile virus infection","Locally acquired cases","Age standardised rate","N/100000","2015","EL","Greece",0.000000000,""
"West Nile virus infection","Locally acquired cases","Age standardised rate","N/100000","2015","ES","Spain",0.000000000,""
"West Nile virus infection","Locally acquired cases","Age standardised rate","N/100000","2015","EU27_21","EU (without UK)",0.030632000,""
"West Nile virus infection","Locally acquired cases","Age standardised rate","N/100000","2015","EU27_UK_21","EU (with UK until 2019)",0.025975000,""
"West Nile virus infection","Locally acquired cases","Age standardised rate","N/100000","2015","EUEEA30_21","EU/EEA (without UK)",0.030201000,""
"West Nile virus infection","Locally acquired cases","Age standardised rate","N/100000","2015","EUEEAUK_21","EU/EEA (with UK until 2019)",0.025664000,""
"West Nile virus infection","Locally acquired cases","Age standardised rate","N/100000","2015","FI","Finland",0.000000000,""
"West Nile virus infection","Locally acquired cases","Age standardised rate","N/100000","2015","FR","France",0.001456530,""
"West Nile virus infection","Locally acquired cases","Age standardised rate","N/100000","2015","HR","Croatia",0.020876670,""
"West Nile virus infection","Locally acquired cases","Age standardised rate","N/100000","2015","HU","Hungary",0.174387010,""
"West Nile virus infection","Locally acquired cases","Age standardised rate","N/100000","2015","IE","Ireland",0.000000000,""
"West Nile virus infection","Locally acquired cases","Age standardised rate","N/100000","2015","IL","Israel",-,""
"West Nile virus infection","Locally acquired cases","Age standardised rate","N/100000","2015","IT","Italy",0.085871660,""
"West Nile virus infection","Locally acquired cases","Age standardised rate","N/100000","2015","LT","Lithuania",0.000000000,""
"West Nile virus infection","Locally acquired cases","Age standardised rate","N/100000","2015","LU","Luxembourg",0.000000000,""
"West Nile virus infection","Locally acquired cases","Age standardised rate","N/100000","2015","LV","Latvia",0.000000000,""
"West Nile virus infection","Locally acquired cases","Age standardised rate","N/100000","2015","ME","Montenegro",0.000000000,""
"West Nile virus infection","Locally acquired cases","Age standardised rate","N/100000","2015","MK","North Macedonia",0.000000000,""
"West Nile virus infection","Locally acquired cases","Age standardised rate","N/100000","2015","MT","Malta",0.000000000,""
"West Nile virus infection","Locally acquired cases","Age standardised rate","N/100000","2015","NL","Netherlands",0.000000000,""
"West Nile virus infection","Locally acquired cases","Age standardised rate","N/100000","2015","NO","Norway",0.000000000,""
"West Nile virus infection","Locally acquired cases","Age standardised rate","N/100000","2015","PL","Poland",0.000000000,""
"West Nile virus infection","Locally acquired cases","Age standardised rate","N/100000","2015","PT","Portugal",0.007784570,""
"West Nile virus infection","Locally acquired cases","Age standardised rate","N/100000","2015","RO","Romania",0.160816610,""
"West Nile virus infection","Locally acquired cases","Age standardised rate","N/100000","2015","RS","Serbia",0.352918470,""
"West Nile virus infection","Locally acquired cases","Age standardised rate","N/100000","2015","RU","Russia",-,""
"West Nile virus infection","Locally acquired cases","Age standardised rate","N/100000","2015","SE","Sweden",0.000000000,""
"West Nile virus infection","Locally acquired cases","Age standardised rate","N/100000","2015","SI","Slovenia",0.000000000,""
"West Nile virus infection","Locally acquired cases","Age standardised rate","N/100000","2015","SK","Slovakia",0.000000000,""
"West Nile virus infection","Locally acquired cases","Age standardised rate","N/100000","2015","UK","United Kingdom",0.000000000,""
"West Nile virus infection","Locally acquired cases","Age standardised rate","N/100000","2015","XK","Kosovo",-,""
"West Nile virus infection","Locally acquired cases","Age standardised rate","N/100000","2016","AL","Albania",0.000000000,""
"West Nile virus infection","Locally acquired cases","Age standardised rate","N/100000","2016","AT","Austria",0.055738950,""
"West Nile virus infection","Locally acquired cases","Age standardised rate","N/100000","2016","BE","Belgium",0.000000000,""
"West Nile virus infection","Locally acquired cases","Age standardised rate","N/100000","2016","BG","Bulgaria",0.024133880,""
"West Nile virus infection","Locally acquired cases","Age standardised rate","N/100000","2016","CY","Cyprus",0.127988260,""
"West Nile virus infection","Locally acquired cases","Age standardised rate","N/100000","2016","CZ","Czechia",0.000000000,""
"West Nile virus infection","Locally acquired cases","Age standardised rate","N/100000","2016","DK","Denmark",0.000000000,""
"West Nile virus infection","Locally acquired cases","Age standardised rate","N/100000","2016","EE","Estonia",0.000000000,""
"West Nile virus infection","Locally acquired cases","Age standardised rate","N/100000","2016","EG","Egypt",0.001609380,""
"West Nile virus infection","Locally acquired cases","Age standardised rate","N/100000","2016","EL","Greece",0.000000000,""
"West Nile virus infection","Locally acquired cases","Age standardised rate","N/100000","2016","ES","Spain",0.005787090,""
"West Nile virus infection","Locally acquired cases","Age standardised rate","N/100000","2016","EU27_21","EU (without UK)",0.057777000,""
"West Nile virus infection","Locally acquired cases","Age standardised rate","N/100000","2016","EU27_UK_21","EU (with UK until 2019)",0.048935000,""
"West Nile virus infection","Locally acquired cases","Age standardised rate","N/100000","2016","EUEEA30_21","EU/EEA (without UK)",0.056956000,""
"West Nile virus infection","Locally acquired cases","Age standardised rate","N/100000","2016","EUEEAUK_21","EU/EEA (with UK until 2019)",0.048345000,""
"West Nile virus infection","Locally acquired cases","Age standardised rate","N/100000","2016","FI","Finland",0.000000000,""
"West Nile virus infection","Locally acquired cases","Age standardised rate","N/100000","2016","FR","France",0.000000000,""
"West Nile virus infection","Locally acquired cases","Age standardised rate","N/100000","2016","HR","Croatia",0.042009970,""
"West Nile virus infection","Locally acquired cases","Age standardised rate","N/100000","2016","HU","Hungary",0.419488670,""
"West Nile virus infection","Locally acquired cases","Age standardised rate","N/100000","2016","IE","Ireland",0.000000000,""
"West Nile virus infection","Locally acquired cases","Age standardised rate","N/100000","2016","IL","Israel",-,""
"West Nile virus infection","Locally acquired cases","Age standardised rate","N/100000","2016","IT","Italy",0.110058330,""
"West Nile virus infection","Locally acquired cases","Age standardised rate","N/100000","2016","LT","Lithuania",0.000000000,""
"West Nile virus infection","Locally acquired cases","Age standardised rate","N/100000","2016","LU","Luxembourg",0.000000000,""
"West Nile virus infection","Locally acquired cases","Age standardised rate","N/100000","2016","LV","Latvia",0.000000000,""
"West Nile virus infection","Locally acquired cases","Age standardised rate","N/100000","2016","ME","Montenegro",0.000000000,""
"West Nile virus infection","Locally acquired cases","Age standardised rate","N/100000","2016","MK","North Macedonia",0.000000000,""
"West Nile virus infection","Locally acquired cases","Age standardised rate","N/100000","2016","MT","Malta",0.000000000,""
"West Nile virus infection","Locally acquired cases","Age standardised rate","N/100000","2016","NL","Netherlands",0.000000000,""
"West Nile virus infection","Locally acquired cases","Age standardised rate","N/100000","2016","NO","Norway",0.000000000,""
"West Nile virus infection","Locally acquired cases","Age standardised rate","N/100000","2016","PL","Poland",0.000000000,""
"West Nile virus infection","Locally acquired cases","Age standardised rate","N/100000","2016","PT","Portugal",0.000000000,""
"West Nile virus infection","Locally acquired cases","Age standardised rate","N/100000","2016","RO","Romania",0.454261170,""
"West Nile virus infection","Locally acquired cases","Age standardised rate","N/100000","2016","RS","Serbia",0.558328720,""
"West Nile virus infection","Locally acquired cases","Age standardised rate","N/100000","2016","RU","Russia",-,""
"West Nile virus infection","Locally acquired cases","Age standardised rate","N/100000","2016","SE","Sweden",0.000000000,""
"West Nile virus infection","Locally acquired cases","Age standardised rate","N/100000","2016","SI","Slovenia",0.000000000,""
"West Nile virus infection","Locally acquired cases","Age standardised rate","N/100000","2016","SK","Slovakia",0.000000000,""
"West Nile virus infection","Locally acquired cases","Age standardised rate","N/100000","2016","TR","Türkiye",0.002559840,""
"West Nile virus infection","Locally acquired cases","Age standardised rate","N/100000","2016","UK","United Kingdom",0.000000000,""
"West Nile virus infection","Locally acquired cases","Age standardised rate","N/100000","2016","XK","Kosovo",0.000000000,""
"West Nile virus infection","Locally acquired cases","Age standardised rate","N/100000","2017","AL","Albania",0.000000000,""
"West Nile virus infection","Locally acquired cases","Age standardised rate","N/100000","2017","AT","Austria",0.060067040,""
"West Nile virus infection","Locally acquired cases","Age standardised rate","N/100000","2017","BE","Belgium",0.000000000,""
"West Nile virus infection","Locally acquired cases","Age standardised rate","N/100000","2017","BG","Bulgaria",0.012930930,""
"West Nile virus infection","Locally acquired cases","Age standardised rate","N/100000","2017","CY","Cyprus",0.000000000,""
"West Nile virus infection","Locally acquired cases","Age standardised rate","N/100000","2017","CZ","Czechia",0.000000000,""
"West Nile virus infection","Locally acquired cases","Age standardised rate","N/100000","2017","DK","Denmark",0.000000000,""
"West Nile virus infection","Locally acquired cases","Age standardised rate","N/100000","2017","EE","Estonia",0.000000000,""
"West Nile virus infection","Locally acquired cases","Age standardised rate","N/100000","2017","EL","Greece",0.400558310,""
"West Nile virus infection","Locally acquired cases","Age standardised rate","N/100000","2017","ES","Spain",0.000000000,""
"West Nile virus infection","Locally acquired cases","Age standardised rate","N/100000","2017","EU27_21","EU (without UK)",0.050082000,""
"West Nile virus infection","Locally acquired cases","Age standardised rate","N/100000","2017","EU27_UK_21","EU (with UK until 2019)",0.042377000,""
"West Nile virus infection","Locally acquired cases","Age standardised rate","N/100000","2017","EUEEA30_21","EU/EEA (without UK)",0.049320000,""
"West Nile virus infection","Locally acquired cases","Age standardised rate","N/100000","2017","EUEEAUK_21","EU/EEA (with UK until 2019)",0.041830000,""
"West Nile virus infection","Locally acquired cases","Age standardised rate","N/100000","2017","FI","Finland",0.000000000,""
"West Nile virus infection","Locally acquired cases","Age standardised rate","N/100000","2017","FR","France",0.002735890,""
"West Nile virus infection","Locally acquired cases","Age standardised rate","N/100000","2017","HR","Croatia",0.103168610,""
"West Nile virus infection","Locally acquired cases","Age standardised rate","N/100000","2017","HU","Hungary",0.192743620,""
"West Nile virus infection","Locally acquired cases","Age standardised rate","N/100000","2017","IE","Ireland",0.000000000,""
"West Nile virus infection","Locally acquired cases","Age standardised rate","N/100000","2017","IL","Israel",-,""
"West Nile virus infection","Locally acquired cases","Age standardised rate","N/100000","2017","IS","Iceland",0.000000000,""
"West Nile virus infection","Locally acquired cases","Age standardised rate","N/100000","2017","IT","Italy",0.074067180,""
"West Nile virus infection","Locally acquired cases","Age standardised rate","N/100000","2017","LT","Lithuania",0.000000000,""
"West Nile virus infection","Locally acquired cases","Age standardised rate","N/100000","2017","LU","Luxembourg",0.000000000,""
"West Nile virus infection","Locally acquired cases","Age standardised rate","N/100000","2017","LV","Latvia",0.000000000,""
"West Nile virus infection","Locally acquired cases","Age standardised rate","N/100000","2017","ME","Montenegro",0.000000000,""
"West Nile virus infection","Locally acquired cases","Age standardised rate","N/100000","2017","MK","North Macedonia",0.000000000,""
"West Nile virus infection","Locally acquired cases","Age standardised rate","N/100000","2017","MT","Malta",0.000000000,""
"West Nile virus infection","Locally acquired cases","Age standardised rate","N/100000","2017","NL","Netherlands",0.000000000,""
"West Nile virus infection","Locally acquired cases","Age standardised rate","N/100000","2017","NO","Norway",0.000000000,""
"West Nile virus infection","Locally acquired cases","Age standardised rate","N/100000","2017","PL","Poland",0.000000000,""
"West Nile virus infection","Locally acquired cases","Age standardised rate","N/100000","2017","PT","Portugal",0.000000000,""
"West Nile virus infection","Locally acquired cases","Age standardised rate","N/100000","2017","RO","Romania",0.319626900,""
"West Nile virus infection","Locally acquired cases","Age standardised rate","N/100000","2017","RS","Serbia",0.628868130,""
"West Nile virus infection","Locally acquired cases","Age standardised rate","N/100000","2017","SE","Sweden",0.000000000,""
"West Nile virus infection","Locally acquired cases","Age standardised rate","N/100000","2017","SI","Slovenia",0.000000000,""
"West Nile virus infection","Locally acquired cases","Age standardised rate","N/100000","2017","SK","Slovakia",0.000000000,""
"West Nile virus infection","Locally acquired cases","Age standardised rate","N/100000","2017","TR","Türkiye",0.008481780,""
"West Nile virus infection","Locally acquired cases","Age standardised rate","N/100000","2017","UK","United Kingdom",0.000000000,""
"West Nile virus infection","Locally acquired cases","Age standardised rate","N/100000","2017","XK","Kosovo",0.106350420,""
"West Nile virus infection","Locally acquired cases","Age standardised rate","N/100000","2018","AL","Albania",0.042515960,""
"West Nile virus infection","Locally acquired cases","Age standardised rate","N/100000","2018","AT","Austria",0.215803860,""
"West Nile virus infection","Locally acquired cases","Age standardised rate","N/100000","2018","BE","Belgium",0.000000000,""
"West Nile virus infection","Locally acquired cases","Age standardised rate","N/100000","2018","BG","Bulgaria",0.174723330,""
"West Nile virus infection","Locally acquired cases","Age standardised rate","N/100000","2018","CY","Cyprus",0.114422720,""
"West Nile virus infection","Locally acquired cases","Age standardised rate","N/100000","2018","CZ","Czechia",0.043620850,""
"West Nile virus infection","Locally acquired cases","Age standardised rate","N/100000","2018","DE","Germany",0.001425560,""
"West Nile virus infection","Locally acquired cases","Age standardised rate","N/100000","2018","DK","Denmark",0.000000000,""
"West Nile virus infection","Locally acquired cases","Age standardised rate","N/100000","2018","EE","Estonia",0.000000000,""
"West Nile virus infection","Locally acquired cases","Age standardised rate","N/100000","2018","EL","Greece",2.455042670,""
"West Nile virus infection","Locally acquired cases","Age standardised rate","N/100000","2018","ES","Spain",0.000000000,""
"West Nile virus infection","Locally acquired cases","Age standardised rate","N/100000","2018","EU27_21","EU (without UK)",0.306770000,""
"West Nile virus infection","Locally acquired cases","Age standardised rate","N/100000","2018","EU27_UK_21","EU (with UK until 2019)",0.267028000,""
"West Nile virus infection","Locally acquired cases","Age standardised rate","N/100000","2018","EUEEA30_21","EU/EEA (without UK)",0.302930000,""
"West Nile virus infection","Locally acquired cases","Age standardised rate","N/100000","2018","EUEEAUK_21","EU/EEA (with UK until 2019)",0.264114000,""
"West Nile virus infection","Locally acquired cases","Age standardised rate","N/100000","2018","FI","Finland",0.000000000,""
"West Nile virus infection","Locally acquired cases","Age standardised rate","N/100000","2018","FR","France",0.042010030,""
"West Nile virus infection","Locally acquired cases","Age standardised rate","N/100000","2018","HR","Croatia",1.272816730,""
"West Nile virus infection","Locally acquired cases","Age standardised rate","N/100000","2018","HU","Hungary",2.064730660,""
"West Nile virus infection","Locally acquired cases","Age standardised rate","N/100000","2018","IE","Ireland",0.000000000,""
"West Nile virus infection","Locally acquired cases","Age standardised rate","N/100000","2018","IL","Israel",-,""
"West Nile virus infection","Locally acquired cases","Age standardised rate","N/100000","2018","IS","Iceland",0.000000000,""
"West Nile virus infection","Locally acquired cases","Age standardised rate","N/100000","2018","IT","Italy",0.871869340,""
"West Nile virus infection","Locally acquired cases","Age standardised rate","N/100000","2018","LT","Lithuania",0.000000000,""
"West Nile virus infection","Locally acquired cases","Age standardised rate","N/100000","2018","LU","Luxembourg",0.000000000,""
"West Nile virus infection","Locally acquired cases","Age standardised rate","N/100000","2018","LV","Latvia",0.000000000,""
"West Nile virus infection","Locally acquired cases","Age standardised rate","N/100000","2018","ME","Montenegro",0.000000000,""
"West Nile virus infection","Locally acquired cases","Age standardised rate","N/100000","2018","MK","North Macedonia",0.000000000,""
"West Nile virus infection","Locally acquired cases","Age standardised rate","N/100000","2018","MT","Malta",0.000000000,""
"West Nile virus infection","Locally acquired cases","Age standardised rate","N/100000","2018","NL","Netherlands",0.000000000,""
"West Nile virus infection","Locally acquired cases","Age standardised rate","N/100000","2018","NO","Norway",0.000000000,""
"West Nile virus infection","Locally acquired cases","Age standardised rate","N/100000","2018","PL","Poland",0.000000000,""
"West Nile virus infection","Locally acquired cases","Age standardised rate","N/100000","2018","PT","Portugal",0.000000000,""
"West Nile virus infection","Locally acquired cases","Age standardised rate","N/100000","2018","RO","Romania",1.325260450,""
"West Nile virus infection","Locally acquired cases","Age standardised rate","N/100000","2018","RS","Serbia",5.231972410,""
"West Nile virus infection","Locally acquired cases","Age standardised rate","N/100000","2018","SE","Sweden",0.000000000,""
"West Nile virus infection","Locally acquired cases","Age standardised rate","N/100000","2018","SI","Slovenia",0.165987040,""
"West Nile virus infection","Locally acquired cases","Age standardised rate","N/100000","2018","SK","Slovakia",0.000000000,""
"West Nile virus infection","Locally acquired cases","Age standardised rate","N/100000","2018","TR","Türkiye",0.039100200,""
"West Nile virus infection","Locally acquired cases","Age standardised rate","N/100000","2018","UK","United Kingdom",0.000000000,""
"West Nile virus infection","Locally acquired cases","Age standardised rate","N/100000","2018","XK","Kosovo",1.336745100,""
"West Nile virus infection","Locally acquired cases","Age standardised rate","N/100000","2019","AL","Albania",0.000000000,""
"West Nile virus infection","Locally acquired cases","Age standardised rate","N/100000","2019","AT","Austria",0.044396250,""
"West Nile virus infection","Locally acquired cases","Age standardised rate","N/100000","2019","BE","Belgium",0.000000000,""
"West Nile virus infection","Locally acquired cases","Age standardised rate","N/100000","2019","BG","Bulgaria",0.071139050,""
"West Nile virus infection","Locally acquired cases","Age standardised rate","N/100000","2019","CY","Cyprus",2.625514770,""
"West Nile virus infection","Locally acquired cases","Age standardised rate","N/100000","2019","CZ","Czechia",0.009039750,""
"West Nile virus infection","Locally acquired cases","Age standardised rate","N/100000","2019","DE","Germany",0.005770530,""
"West Nile virus infection","Locally acquired cases","Age standardised rate","N/100000","2019","DK","Denmark",0.000000000,""
"West Nile virus infection","Locally acquired cases","Age standardised rate","N/100000","2019","EE","Estonia",0.000000000,""
"West Nile virus infection","Locally acquired cases","Age standardised rate","N/100000","2019","EL","Greece",1.758737440,""
"West Nile virus infection","Locally acquired cases","Age standardised rate","N/100000","2019","ES","Spain",0.000000000,""
"West Nile virus infection","Locally acquired cases","Age standardised rate","N/100000","2019","EU27_21","EU (without UK)",0.083294000,""
"West Nile virus infection","Locally acquired cases","Age standardised rate","N/100000","2019","EU27_UK_21","EU (with UK until 2019)",0.072468000,""
"West Nile virus infection","Locally acquired cases","Age standardised rate","N/100000","2019","EUEEA30_21","EU/EEA (without UK)",0.082246000,""
"West Nile virus infection","Locally acquired cases","Age standardised rate","N/100000","2019","EUEEAUK_21","EU/EEA (with UK until 2019)",0.071674000,""
"West Nile virus infection","Locally acquired cases","Age standardised rate","N/100000","2019","FI","Finland",0.000000000,""
"West Nile virus infection","Locally acquired cases","Age standardised rate","N/100000","2019","FR","France",0.002669100,""
"West Nile virus infection","Locally acquired cases","Age standardised rate","N/100000","2019","HR","Croatia",0.000000000,""
"West Nile virus infection","Locally acquired cases","Age standardised rate","N/100000","2019","HU","Hungary",0.350244330,""
"West Nile virus infection","Locally acquired cases","Age standardised rate","N/100000","2019","IE","Ireland",0.000000000,""
"West Nile virus infection","Locally acquired cases","Age standardised rate","N/100000","2019","IL","Israel",-,""
"West Nile virus infection","Locally acquired cases","Age standardised rate","N/100000","2019","IS","Iceland",0.000000000,""
"West Nile virus infection","Locally acquired cases","Age standardised rate","N/100000","2019","IT","Italy",0.077172160,""
"West Nile virus infection","Locally acquired cases","Age standardised rate","N/100000","2019","LT","Lithuania",0.000000000,""
"West Nile virus infection","Locally acquired cases","Age standardised rate","N/100000","2019","LU","Luxembourg",0.000000000,""
"West Nile virus infection","Locally acquired cases","Age standardised rate","N/100000","2019","LV","Latvia",0.000000000,""
"West Nile virus infection","Locally acquired cases","Age standardised rate","N/100000","2019","ME","Montenegro",0.000000000,""
"West Nile virus infection","Locally acquired cases","Age standardised rate","N/100000","2019","MK","North Macedonia",0.317534560,""
"West Nile virus infection","Locally acquired cases","Age standardised rate","N/100000","2019","MT","Malta",0.000000000,""
"West Nile virus infection","Locally acquired cases","Age standardised rate","N/100000","2019","NL","Netherlands",0.000000000,""
"West Nile virus infection","Locally acquired cases","Age standardised rate","N/100000","2019","NO","Norway",0.000000000,""
"West Nile virus infection","Locally acquired cases","Age standardised rate","N/100000","2019","PL","Poland",0.000000000,""
"West Nile virus infection","Locally acquired cases","Age standardised rate","N/100000","2019","PT","Portugal",0.000000000,""
"West Nile virus infection","Locally acquired cases","Age standardised rate","N/100000","2019","RO","Romania",0.321037790,""
"West Nile virus infection","Locally acquired cases","Age standardised rate","N/100000","2019","RS","Serbia",0.347758860,""
"West Nile virus infection","Locally acquired cases","Age standardised rate","N/100000","2019","SE","Sweden",0.000000000,""
"West Nile virus infection","Locally acquired cases","Age standardised rate","N/100000","2019","SI","Slovenia",0.000000000,""
"West Nile virus infection","Locally acquired cases","Age standardised rate","N/100000","2019","SK","Slovakia",0.017268220,""
"West Nile virus infection","Locally acquired cases","Age standardised rate","N/100000","2019","TR","Türkiye",0.015068790,""
"West Nile virus infection","Locally acquired cases","Age standardised rate","N/100000","2019","UK","United Kingdom",0.000000000,""
"West Nile virus infection","Locally acquired cases","Age standardised rate","N/100000","2019","XK","Kosovo",0.000000000,""
"West Nile virus infection","Locally acquired cases","Age standardised rate","N/100000","2020","AL","Albania",0.000000000,""
"West Nile virus infection","Locally acquired cases","Age standardised rate","N/100000","2020","AT","Austria",0.000000000,""
"West Nile virus infection","Locally acquired cases","Age standardised rate","N/100000","2020","BE","Belgium",0.000000000,""
"West Nile virus infection","Locally acquired cases","Age standardised rate","N/100000","2020","BG","Bulgaria",0.011000360,""
"West Nile virus infection","Locally acquired cases","Age standardised rate","N/100000","2020","CY","Cyprus",0.000000000,""
"West Nile virus infection","Locally acquired cases","Age standardised rate","N/100000","2020","CZ","Czechia",0.000000000,""
"West Nile virus infection","Locally acquired cases","Age standardised rate","N/100000","2020","DE","Germany",0.026164020,""
"West Nile virus infection","Locally acquired cases","Age standardised rate","N/100000","2020","DK","Denmark",0.000000000,""
"West Nile virus infection","Locally acquired cases","Age standardised rate","N/100000","2020","EE","Estonia",0.000000000,""
"West Nile virus infection","Locally acquired cases","Age standardised rate","N/100000","2020","EL","Greece",1.094099370,""
"West Nile virus infection","Locally acquired cases","Age standardised rate","N/100000","2020","ES","Spain",0.149405360,""
"West Nile virus infection","Locally acquired cases","Age standardised rate","N/100000","2020","EU27_21","EU (without UK)",0.063430000,""
"West Nile virus infection","Locally acquired cases","Age standardised rate","N/100000","2020","EU27_UK_21","EU (with UK until 2019)",0.063430000,""
"West Nile virus infection","Locally acquired cases","Age standardised rate","N/100000","2020","EUEEA30_21","EU/EEA (without UK)",0.062627000,""
"West Nile virus infection","Locally acquired cases","Age standardised rate","N/100000","2020","EUEEAUK_21","EU/EEA (with UK until 2019)",0.062627000,""
"West Nile virus infection","Locally acquired cases","Age standardised rate","N/100000","2020","FI","Finland",0.000000000,""
"West Nile virus infection","Locally acquired cases","Age standardised rate","N/100000","2020","FR","France",0.000000000,""
"West Nile virus infection","Locally acquired cases","Age standardised rate","N/100000","2020","HR","Croatia",0.000000000,""
"West Nile virus infection","Locally acquired cases","Age standardised rate","N/100000","2020","HU","Hungary",0.029841840,""
"West Nile virus infection","Locally acquired cases","Age standardised rate","N/100000","2020","IE","Ireland",0.000000000,""
"West Nile virus infection","Locally acquired cases","Age standardised rate","N/100000","2020","IL","Israel",-,""
"West Nile virus infection","Locally acquired cases","Age standardised rate","N/100000","2020","IS","Iceland",0.000000000,""
"West Nile virus infection","Locally acquired cases","Age standardised rate","N/100000","2020","IT","Italy",0.094096090,""
"West Nile virus infection","Locally acquired cases","Age standardised rate","N/100000","2020","LT","Lithuania",0.000000000,""
"West Nile virus infection","Locally acquired cases","Age standardised rate","N/100000","2020","LU","Luxembourg",0.000000000,""
"West Nile virus infection","Locally acquired cases","Age standardised rate","N/100000","2020","LV","Latvia",0.000000000,""
"West Nile virus infection","Locally acquired cases","Age standardised rate","N/100000","2020","MK","North Macedonia",0.000000000,""
"West Nile virus infection","Locally acquired cases","Age standardised rate","N/100000","2020","MT","Malta",0.000000000,""
"West Nile virus infection","Locally acquired cases","Age standardised rate","N/100000","2020","NL","Netherlands",0.046164180,""
"West Nile virus infection","Locally acquired cases","Age standardised rate","N/100000","2020","NO","Norway",0.000000000,""
"West Nile virus infection","Locally acquired cases","Age standardised rate","N/100000","2020","PL","Poland",0.000000000,""
"West Nile virus infection","Locally acquired cases","Age standardised rate","N/100000","2020","PT","Portugal",0.000000000,""
"West Nile virus infection","Locally acquired cases","Age standardised rate","N/100000","2020","RO","Romania",0.031341090,""
"West Nile virus infection","Locally acquired cases","Age standardised rate","N/100000","2020","SE","Sweden",0.000000000,""
"West Nile virus infection","Locally acquired cases","Age standardised rate","N/100000","2020","SI","Slovenia",0.000000000,""
"West Nile virus infection","Locally acquired cases","Age standardised rate","N/100000","2020","SK","Slovakia",0.000000000,""
"West Nile virus infection","Locally acquired cases","Age standardised rate","N/100000","2020","TR","Türkiye",0.000000000,""
"West Nile virus infection","Locally acquired cases","Age standardised rate","N/100000","2020","XK","Kosovo",0.000000000,""
"West Nile virus infection","Locally acquired cases","Age standardised rate","N/100000","2021","AL","Albania",0.000000000,""
"West Nile virus infection","Locally acquired cases","Age standardised rate","N/100000","2021","AT","Austria",0.031577350,""
"West Nile virus infection","Locally acquired cases","Age standardised rate","N/100000","2021","BA","Bosnia and Herzegovina",0.000000000,""
"West Nile virus infection","Locally acquired cases","Age standardised rate","N/100000","2021","BE","Belgium",0.000000000,""
"West Nile virus infection","Locally acquired cases","Age standardised rate","N/100000","2021","BG","Bulgaria",0.000000000,""
"West Nile virus infection","Locally acquired cases","Age standardised rate","N/100000","2021","CY","Cyprus",0.000000000,""
"West Nile virus infection","Locally acquired cases","Age standardised rate","N/100000","2021","CZ","Czechia",0.000000000,""
"West Nile virus infection","Locally acquired cases","Age standardised rate","N/100000","2021","DE","Germany",0.003896170,""
"West Nile virus infection","Locally acquired cases","Age standardised rate","N/100000","2021","DK","Denmark",0.000000000,""
"West Nile virus infection","Locally acquired cases","Age standardised rate","N/100000","2021","EE","Estonia",0.000000000,""
"West Nile virus infection","Locally acquired cases","Age standardised rate","N/100000","2021","EL","Greece",0.449075160,""
"West Nile virus infection","Locally acquired cases","Age standardised rate","N/100000","2021","ES","Spain",0.011250440,""
"West Nile virus infection","Locally acquired cases","Age standardised rate","N/100000","2021","EU27_21","EU (without UK)",0.028388000,""
"West Nile virus infection","Locally acquired cases","Age standardised rate","N/100000","2021","EU27_UK_21","EU (with UK until 2019)",0.028388000,""
"West Nile virus infection","Locally acquired cases","Age standardised rate","N/100000","2021","EUEEA30_21","EU/EEA (without UK)",0.028023000,""
"West Nile virus infection","Locally acquired cases","Age standardised rate","N/100000","2021","EUEEAUK_21","EU/EEA (with UK until 2019)",0.028023000,""
"West Nile virus infection","Locally acquired cases","Age standardised rate","N/100000","2021","FI","Finland",0.000000000,""
"West Nile virus infection","Locally acquired cases","Age standardised rate","N/100000","2021","FR","France",0.001440830,""
"West Nile virus infection","Locally acquired cases","Age standardised rate","N/100000","2021","HR","Croatia",0.000000000,""
"West Nile virus infection","Locally acquired cases","Age standardised rate","N/100000","2021","HU","Hungary",0.061451150,""
"West Nile virus infection","Locally acquired cases","Age standardised rate","N/100000","2021","IE","Ireland",0.000000000,""
"West Nile virus infection","Locally acquired cases","Age standardised rate","N/100000","2021","IS","Iceland",0.000000000,""
"West Nile virus infection","Locally acquired cases","Age standardised rate","N/100000","2021","IT","Italy",0.091218360,""
"West Nile virus infection","Locally acquired cases","Age standardised rate","N/100000","2021","LI","Liechtenstein",0.000000000,""
"West Nile virus infection","Locally acquired cases","Age standardised rate","N/100000","2021","LT","Lithuania",0.000000000,""
"West Nile virus infection","Locally acquired cases","Age standardised rate","N/100000","2021","LU","Luxembourg",0.000000000,""
"West Nile virus infection","Locally acquired cases","Age standardised rate","N/100000","2021","LV","Latvia",0.000000000,""
"West Nile virus infection","Locally acquired cases","Age standardised rate","N/100000","2021","ME","Montenegro",0.000000000,""
"West Nile virus infection","Locally acquired cases","Age standardised rate","N/100000","2021","MK","North Macedonia",0.150663070,""
"West Nile virus infection","Locally acquired cases","Age standardised rate","N/100000","2021","MT","Malta",0.000000000,""
"West Nile virus infection","Locally acquired cases","Age standardised rate","N/100000","2021","NL","Netherlands",0.000000000,""
"West Nile virus infection","Locally acquired cases","Age standardised rate","N/100000","2021","NO","Norway",0.000000000,""
"West Nile virus infection","Locally acquired cases","Age standardised rate","N/100000","2021","PL","Poland",0.000000000,""
"West Nile virus infection","Locally acquired cases","Age standardised rate","N/100000","2021","PT","Portugal",0.000000000,""
"West Nile virus infection","Locally acquired cases","Age standardised rate","N/100000","2021","RO","Romania",0.032736380,""
"West Nile virus infection","Locally acquired cases","Age standardised rate","N/100000","2021","RS","Serbia",0.229323830,""
"West Nile virus infection","Locally acquired cases","Age standardised rate","N/100000","2021","SE","Sweden",0.000000000,""
"West Nile virus infection","Locally acquired cases","Age standardised rate","N/100000","2021","SI","Slovenia",0.000000000,""
"West Nile virus infection","Locally acquired cases","Age standardised rate","N/100000","2021","SK","Slovakia",0.000000000,""
"West Nile virus infection","Locally acquired cases","Age standardised rate","N/100000","2021","TR","Türkiye",0.000000000,""
"West Nile virus infection","Locally acquired cases","Age standardised rate","N/100000","2021","XK","Kosovo",0.000000000,""
"West Nile virus infection","Locally acquired cases","Age standardised rate","N/100000","2022","AL","Albania",0.000000000,""
"West Nile virus infection","Locally acquired cases","Age standardised rate","N/100000","2022","AT","Austria",0.064357510,""
"West Nile virus infection","Locally acquired cases","Age standardised rate","N/100000","2022","BA","Bosnia and Herzegovina",0.000000000,""
"West Nile virus infection","Locally acquired cases","Age standardised rate","N/100000","2022","BE","Belgium",0.000000000,""
"West Nile virus infection","Locally acquired cases","Age standardised rate","N/100000","2022","BG","Bulgaria",0.013271200,""
"West Nile virus infection","Locally acquired cases","Age standardised rate","N/100000","2022","CY","Cyprus",0.000000000,""
"West Nile virus infection","Locally acquired cases","Age standardised rate","N/100000","2022","CZ","Czechia",0.000000000,""
"West Nile virus infection","Locally acquired cases","Age standardised rate","N/100000","2022","DE","Germany",0.018979700,""
"West Nile virus infection","Locally acquired cases","Age standardised rate","N/100000","2022","DK","Denmark",0.000000000,""
"West Nile virus infection","Locally acquired cases","Age standardised rate","N/100000","2022","EE","Estonia",0.000000000,""
"West Nile virus infection","Locally acquired cases","Age standardised rate","N/100000","2022","EL","Greece",2.217068290,""
"West Nile virus infection","Locally acquired cases","Age standardised rate","N/100000","2022","ES","Spain",0.006993430,""
"West Nile virus infection","Locally acquired cases","Age standardised rate","N/100000","2022","EU27_21","EU (without UK)",0.205680000,""
"West Nile virus infection","Locally acquired cases","Age standardised rate","N/100000","2022","EU27_UK_21","EU (with UK until 2019)",0.205680000,""
"West Nile virus infection","Locally acquired cases","Age standardised rate","N/100000","2022","EUEEA30_21","EU/EEA (without UK)",0.203021000,""
"West Nile virus infection","Locally acquired cases","Age standardised rate","N/100000","2022","EUEEAUK_21","EU/EEA (with UK until 2019)",0.203021000,""
"West Nile virus infection","Locally acquired cases","Age standardised rate","N/100000","2022","FI","Finland",0.000000000,""
"West Nile virus infection","Locally acquired cases","Age standardised rate","N/100000","2022","FR","France",0.008076360,""
"West Nile virus infection","Locally acquired cases","Age standardised rate","N/100000","2022","HR","Croatia",0.133524530,""
"West Nile virus infection","Locally acquired cases","Age standardised rate","N/100000","2022","HU","Hungary",0.129434870,""
"West Nile virus infection","Locally acquired cases","Age standardised rate","N/100000","2022","IE","Ireland",0.000000000,""
"West Nile virus infection","Locally acquired cases","Age standardised rate","N/100000","2022","IS","Iceland",0.000000000,""
"West Nile virus infection","Locally acquired cases","Age standardised rate","N/100000","2022","IT","Italy",0.996691720,""
"West Nile virus infection","Locally acquired cases","Age standardised rate","N/100000","2022","LI","Liechtenstein",0.000000000,""
"West Nile virus infection","Locally acquired cases","Age standardised rate","N/100000","2022","LT","Lithuania",0.000000000,""
"West Nile virus infection","Locally acquired cases","Age standardised rate","N/100000","2022","LU","Luxembourg",0.000000000,""
"West Nile virus infection","Locally acquired cases","Age standardised rate","N/100000","2022","LV","Latvia",0.000000000,""
"West Nile virus infection","Locally acquired cases","Age standardised rate","N/100000","2022","ME","Montenegro",0.000000000,""
"West Nile virus infection","Locally acquired cases","Age standardised rate","N/100000","2022","MK","North Macedonia",0.049874200,""
"West Nile virus infection","Locally acquired cases","Age standardised rate","N/100000","2022","MT","Malta",0.000000000,""
"West Nile virus infection","Locally acquired cases","Age standardised rate","N/100000","2022","NL","Netherlands",0.000000000,""
"West Nile virus infection","Locally acquired cases","Age standardised rate","N/100000","2022","NO","Norway",0.000000000,""
"West Nile virus infection","Locally acquired cases","Age standardised rate","N/100000","2022","PL","Poland",0.000000000,""
"West Nile virus infection","Locally acquired cases","Age standardised rate","N/100000","2022","PT","Portugal",0.000000000,""
"West Nile virus infection","Locally acquired cases","Age standardised rate","N/100000","2022","RO","Romania",0.247993750,""
"West Nile virus infection","Locally acquired cases","Age standardised rate","N/100000","2022","RS","Serbia",3.085536410,""
"West Nile virus infection","Locally acquired cases","Age standardised rate","N/100000","2022","SE","Sweden",0.000000000,""
"West Nile virus infection","Locally acquired cases","Age standardised rate","N/100000","2022","SI","Slovenia",0.000000000,""
"West Nile virus infection","Locally acquired cases","Age standardised rate","N/100000","2022","SK","Slovakia",0.017509570,""
"West Nile virus infection","Locally acquired cases","Age standardised rate","N/100000","2022","TR","Türkiye",0.000000000,""
"West Nile virus infection","Locally acquired cases","Age standardised rate","N/100000","2022","XK","Kosovo",0.000000000,""
"West Nile virus infection","Locally acquired cases","Age standardised rate","N/100000","2023","AT","Austria",0.000000000,""
"West Nile virus infection","Locally acquired cases","Age standardised rate","N/100000","2023","BA","Bosnia and Herzegovina",0.000000000,""
"West Nile virus infection","Locally acquired cases","Age standardised rate","N/100000","2023","BE","Belgium",0.000000000,""
"West Nile virus infection","Locally acquired cases","Age standardised rate","N/100000","2023","BG","Bulgaria",0.000000000,""
"West Nile virus infection","Locally acquired cases","Age standardised rate","N/100000","2023","CY","Cyprus",0.641949990,""
"West Nile virus infection","Locally acquired cases","Age standardised rate","N/100000","2023","CZ","Czechia",0.000000000,""
"West Nile virus infection","Locally acquired cases","Age standardised rate","N/100000","2023","DE","Germany",0.007409310,""
"West Nile virus infection","Locally acquired cases","Age standardised rate","N/100000","2023","DK","Denmark",0.000000000,""
"West Nile virus infection","Locally acquired cases","Age standardised rate","N/100000","2023","EE","Estonia",0.000000000,""
"West Nile virus infection","Locally acquired cases","Age standardised rate","N/100000","2023","EL","Greece",1.246913320,""
"West Nile virus infection","Locally acquired cases","Age standardised rate","N/100000","2023","ES","Spain",0.037391760,""
"West Nile virus infection","Locally acquired cases","Age standardised rate","N/100000","2023","EU27_21","EU (without UK)",0.133524000,""
"West Nile virus infection","Locally acquired cases","Age standardised rate","N/100000","2023","EU27_UK_21","EU (with UK until 2019)",0.133524000,""
"West Nile virus infection","Locally acquired cases","Age standardised rate","N/100000","2023","EUEEA30_21","EU/EEA (without UK)",0.131782000,""
"West Nile virus infection","Locally acquired cases","Age standardised rate","N/100000","2023","EUEEAUK_21","EU/EEA (with UK until 2019)",0.131782000,""
"West Nile virus infection","Locally acquired cases","Age standardised rate","N/100000","2023","FI","Finland",0.000000000,""
"West Nile virus infection","Locally acquired cases","Age standardised rate","N/100000","2023","FR","France",0.062305470,""
"West Nile virus infection","Locally acquired cases","Age standardised rate","N/100000","2023","HR","Croatia",0.000000000,""
"West Nile virus infection","Locally acquired cases","Age standardised rate","N/100000","2023","HU","Hungary",0.285715490,""
"West Nile virus infection","Locally acquired cases","Age standardised rate","N/100000","2023","IE","Ireland",0.000000000,""
"West Nile virus infection","Locally acquired cases","Age standardised rate","N/100000","2023","IS","Iceland",0.000000000,""
"West Nile virus infection","Locally acquired cases","Age standardised rate","N/100000","2023","IT","Italy",0.464969600,""
"West Nile virus infection","Locally acquired cases","Age standardised rate","N/100000","2023","LI","Liechtenstein",0.000000000,""
"West Nile virus infection","Locally acquired cases","Age standardised rate","N/100000","2023","LT","Lithuania",0.000000000,""
"West Nile virus infection","Locally acquired cases","Age standardised rate","N/100000","2023","LU","Luxembourg",0.000000000,""
"West Nile virus infection","Locally acquired cases","Age standardised rate","N/100000","2023","LV","Latvia",0.000000000,""
"West Nile virus infection","Locally acquired cases","Age standardised rate","N/100000","2023","ME","Montenegro",0.000000000,""
"West Nile virus infection","Locally acquired cases","Age standardised rate","N/100000","2023","MK","North Macedonia",0.117239830,""
"West Nile virus infection","Locally acquired cases","Age standardised rate","N/100000","2023","MT","Malta",0.000000000,""
"West Nile virus infection","Locally acquired cases","Age standardised rate","N/100000","2023","NL","Netherlands",0.000000000,""
"West Nile virus infection","Locally acquired cases","Age standardised rate","N/100000","2023","NO","Norway",0.000000000,""
"West Nile virus infection","Locally acquired cases","Age standardised rate","N/100000","2023","PL","Poland",0.000000000,""
"West Nile virus infection","Locally acquired cases","Age standardised rate","N/100000","2023","PT","Portugal",0.000000000,""
"West Nile virus infection","Locally acquired cases","Age standardised rate","N/100000","2023","RO","Romania",0.490230570,""
"West Nile virus infection","Locally acquired cases","Age standardised rate","N/100000","2023","RS","Serbia",1.175036950,""
"West Nile virus infection","Locally acquired cases","Age standardised rate","N/100000","2023","SE","Sweden",0.000000000,""
"West Nile virus infection","Locally acquired cases","Age standardised rate","N/100000","2023","SI","Slovenia",0.000000000,""
"West Nile virus infection","Locally acquired cases","Age standardised rate","N/100000","2023","SK","Slovakia",0.000000000,""
"West Nile virus infection","Locally acquired cases","Age standardised rate","N/100000","2023","TR","Türkiye",0.000000000,""
"West Nile virus infection","Locally acquired cases","Age standardised rate","N/100000","2023","XK","Kosovo",0.000000000,""
"West Nile virus infection","Locally acquired cases","Age standardised rate","N/100000","2024","AL","Albania",3.705085010,""
"West Nile virus infection","Locally acquired cases","Age standardised rate","N/100000","2024","AT","Austria",0.337441920,""
"West Nile virus infection","Locally acquired cases","Age standardised rate","N/100000","2024","BE","Belgium",0.000000000,""
"West Nile virus infection","Locally acquired cases","Age standardised rate","N/100000","2024","BG","Bulgaria",0.231235480,""
"West Nile virus infection","Locally acquired cases","Age standardised rate","N/100000","2024","CY","Cyprus",0.192809870,""
"West Nile virus infection","Locally acquired cases","Age standardised rate","N/100000","2024","CZ","Czechia",0.018782790,""
"West Nile virus infection","Locally acquired cases","Age standardised rate","N/100000","2024","DE","Germany",0.067566750,""
"West Nile virus infection","Locally acquired cases","Age standardised rate","N/100000","2024","DK","Denmark",0.000000000,""
"West Nile virus infection","Locally acquired cases","Age standardised rate","N/100000","2024","EE","Estonia",0.000000000,""
"West Nile virus infection","Locally acquired cases","Age standardised rate","N/100000","2024","EL","Greece",1.669352160,""
"West Nile virus infection","Locally acquired cases","Age standardised rate","N/100000","2024","ES","Spain",0.290935420,""
"West Nile virus infection","Locally acquired cases","Age standardised rate","N/100000","2024","EU27_21","EU (without UK)",0.231377000,""
"West Nile virus infection","Locally acquired cases","Age standardised rate","N/100000","2024","EU27_UK_21","EU (with UK until 2019)",0.231377000,""
"West Nile virus infection","Locally acquired cases","Age standardised rate","N/100000","2024","EUEEA30_21","EU/EEA (without UK)",0.228341000,""
"West Nile virus infection","Locally acquired cases","Age standardised rate","N/100000","2024","EUEEAUK_21","EU/EEA (with UK until 2019)",0.228341000,""
"West Nile virus infection","Locally acquired cases","Age standardised rate","N/100000","2024","FI","Finland",0.000000000,""
"West Nile virus infection","Locally acquired cases","Age standardised rate","N/100000","2024","FR","France",0.054824790,""
"West Nile virus infection","Locally acquired cases","Age standardised rate","N/100000","2024","HR","Croatia",0.452715390,""
"West Nile virus infection","Locally acquired cases","Age standardised rate","N/100000","2024","HU","Hungary",1.006989970,""
"West Nile virus infection","Locally acquired cases","Age standardised rate","N/100000","2024","IE","Ireland",0.000000000,""
"West Nile virus infection","Locally acquired cases","Age standardised rate","N/100000","2024","IS","Iceland",0.000000000,""
"West Nile virus infection","Locally acquired cases","Age standardised rate","N/100000","2024","IT","Italy",0.626041720,""
"West Nile virus infection","Locally acquired cases","Age standardised rate","N/100000","2024","LI","Liechtenstein",0.000000000,""
"West Nile virus infection","Locally acquired cases","Age standardised rate","N/100000","2024","LT","Lithuania",0.000000000,""
"West Nile virus infection","Locally acquired cases","Age standardised rate","N/100000","2024","LU","Luxembourg",0.000000000,""
"West Nile virus infection","Locally acquired cases","Age standardised rate","N/100000","2024","LV","Latvia",0.000000000,""
"West Nile virus infection","Locally acquired cases","Age standardised rate","N/100000","2024","ME","Montenegro",0.000000000,""
"West Nile virus infection","Locally acquired cases","Age standardised rate","N/100000","2024","MK","North Macedonia",0.100547010,""
"West Nile virus infection","Locally acquired cases","Age standardised rate","N/100000","2024","MT","Malta",0.000000000,""
"West Nile virus infection","Locally acquired cases","Age standardised rate","N/100000","2024","NL","Netherlands",0.000000000,""
"West Nile virus infection","Locally acquired cases","Age standardised rate","N/100000","2024","NO","Norway",0.000000000,""
"West Nile virus infection","Locally acquired cases","Age standardised rate","N/100000","2024","PL","Poland",0.000000000,""
"West Nile virus infection","Locally acquired cases","Age standardised rate","N/100000","2024","PT","Portugal",0.000000000,""
"West Nile virus infection","Locally acquired cases","Age standardised rate","N/100000","2024","RO","Romania",0.460305370,""
"West Nile virus infection","Locally acquired cases","Age standardised rate","N/100000","2024","RS","Serbia",0.888707860,""
"West Nile virus infection","Locally acquired cases","Age standardised rate","N/100000","2024","SE","Sweden",0.000000000,""
"West Nile virus infection","Locally acquired cases","Age standardised rate","N/100000","2024","SI","Slovenia",0.204665230,""
"West Nile virus infection","Locally acquired cases","Age standardised rate","N/100000","2024","SK","Slovakia",0.102693420,""
"West Nile virus infection","Locally acquired cases","Age standardised rate","N/100000","2024","TR","Türkiye",0.140316920,""
"West Nile virus infection","Locally acquired cases","Age standardised rate","N/100000","2024","XK","Kosovo",0.309444370,""
"West Nile virus infection","Locally acquired cases","Notification rate","N/100000","2008","AT","Austria",0.000000000,""
"West Nile virus infection","Locally acquired cases","Notification rate","N/100000","2008","BE","Belgium",0.000000000,""
"West Nile virus infection","Locally acquired cases","Notification rate","N/100000","2008","BG","Bulgaria",0.000000000,""
"West Nile virus infection","Locally acquired cases","Notification rate","N/100000","2008","CY","Cyprus",0.000000000,""
"West Nile virus infection","Locally acquired cases","Notification rate","N/100000","2008","CZ","Czechia",0.000000000,""
"West Nile virus infection","Locally acquired cases","Notification rate","N/100000","2008","EE","Estonia",0.000000000,""
"West Nile virus infection","Locally acquired cases","Notification rate","N/100000","2008","EL","Greece",0.000000000,""
"West Nile virus infection","Locally acquired cases","Notification rate","N/100000","2008","ES","Spain",0.000000000,""
"West Nile virus infection","Locally acquired cases","Notification rate","N/100000","2008","EU27_21","EU (without UK)",0.007131000,""
"West Nile virus infection","Locally acquired cases","Notification rate","N/100000","2008","EU27_UK_21","EU (with UK until 2019)",0.006028000,""
"West Nile virus infection","Locally acquired cases","Notification rate","N/100000","2008","EUEEA30_21","EU/EEA (without UK)",0.007032000,""
"West Nile virus infection","Locally acquired cases","Notification rate","N/100000","2008","EUEEAUK_21","EU/EEA (with UK until 2019)",0.005957000,""
"West Nile virus infection","Locally acquired cases","Notification rate","N/100000","2008","FI","Finland",0.000000000,""
"West Nile virus infection","Locally acquired cases","Notification rate","N/100000","2008","FR","France",0.000000000,""
"West Nile virus infection","Locally acquired cases","Notification rate","N/100000","2008","HU","Hungary",0.189141270,""
"West Nile virus infection","Locally acquired cases","Notification rate","N/100000","2008","IE","Ireland",0.000000000,""
"West Nile virus infection","Locally acquired cases","Notification rate","N/100000","2008","IT","Italy",0.005084590,""
"West Nile virus infection","Locally acquired cases","Notification rate","N/100000","2008","LT","Lithuania",0.000000000,""
"West Nile virus infection","Locally acquired cases","Notification rate","N/100000","2008","LU","Luxembourg",0.000000000,""
"West Nile virus infection","Locally acquired cases","Notification rate","N/100000","2008","LV","Latvia",0.000000000,""
"West Nile virus infection","Locally acquired cases","Notification rate","N/100000","2008","MT","Malta",0.000000000,""
"West Nile virus infection","Locally acquired cases","Notification rate","N/100000","2008","NL","Netherlands",0.000000000,""
"West Nile virus infection","Locally acquired cases","Notification rate","N/100000","2008","NO","Norway",0.000000000,""
"West Nile virus infection","Locally acquired cases","Notification rate","N/100000","2008","PL","Poland",0.000000000,""
"West Nile virus infection","Locally acquired cases","Notification rate","N/100000","2008","RO","Romania",0.009692050,""
"West Nile virus infection","Locally acquired cases","Notification rate","N/100000","2008","SE","Sweden",0.000000000,""
"West Nile virus infection","Locally acquired cases","Notification rate","N/100000","2008","SI","Slovenia",0.000000000,""
"West Nile virus infection","Locally acquired cases","Notification rate","N/100000","2008","SK","Slovakia",0.000000000,""
"West Nile virus infection","Locally acquired cases","Notification rate","N/100000","2008","UK","United Kingdom",0.000000000,""
"West Nile virus infection","Locally acquired cases","Notification rate","N/100000","2009","AT","Austria",0.023995190,""
"West Nile virus infection","Locally acquired cases","Notification rate","N/100000","2009","BE","Belgium",0.000000000,""
"West Nile virus infection","Locally acquired cases","Notification rate","N/100000","2009","CY","Cyprus",0.000000000,""
"West Nile virus infection","Locally acquired cases","Notification rate","N/100000","2009","CZ","Czechia",0.000000000,""
"West Nile virus infection","Locally acquired cases","Notification rate","N/100000","2009","EE","Estonia",0.000000000,""
"West Nile virus infection","Locally acquired cases","Notification rate","N/100000","2009","EL","Greece",0.000000000,""
"West Nile virus infection","Locally acquired cases","Notification rate","N/100000","2009","ES","Spain",0.000000000,""
"West Nile virus infection","Locally acquired cases","Notification rate","N/100000","2009","EU27_21","EU (without UK)",0.008166000,""
"West Nile virus infection","Locally acquired cases","Notification rate","N/100000","2009","EU27_UK_21","EU (with UK until 2019)",0.006876000,""
"West Nile virus infection","Locally acquired cases","Notification rate","N/100000","2009","EUEEA30_21","EU/EEA (without UK)",0.008049000,""
"West Nile virus infection","Locally acquired cases","Notification rate","N/100000","2009","EUEEAUK_21","EU/EEA (with UK until 2019)",0.006793000,""
"West Nile virus infection","Locally acquired cases","Notification rate","N/100000","2009","FI","Finland",0.000000000,""
"West Nile virus infection","Locally acquired cases","Notification rate","N/100000","2009","FR","France",0.000000000,""
"West Nile virus infection","Locally acquired cases","Notification rate","N/100000","2009","HU","Hungary",0.069783840,""
"West Nile virus infection","Locally acquired cases","Notification rate","N/100000","2009","IE","Ireland",0.000000000,""
"West Nile virus infection","Locally acquired cases","Notification rate","N/100000","2009","IT","Italy",0.026926690,""
"West Nile virus infection","Locally acquired cases","Notification rate","N/100000","2009","LT","Lithuania",0.000000000,""
"West Nile virus infection","Locally acquired cases","Notification rate","N/100000","2009","LU","Luxembourg",0.000000000,""
"West Nile virus infection","Locally acquired cases","Notification rate","N/100000","2009","LV","Latvia",0.000000000,""
"West Nile virus infection","Locally acquired cases","Notification rate","N/100000","2009","MT","Malta",0.000000000,""
"West Nile virus infection","Locally acquired cases","Notification rate","N/100000","2009","NL","Netherlands",0.000000000,""
"West Nile virus infection","Locally acquired cases","Notification rate","N/100000","2009","NO","Norway",0.000000000,""
"West Nile virus infection","Locally acquired cases","Notification rate","N/100000","2009","PL","Poland",0.000000000,""
"West Nile virus infection","Locally acquired cases","Notification rate","N/100000","2009","RO","Romania",0.009784590,""
"West Nile virus infection","Locally acquired cases","Notification rate","N/100000","2009","SE","Sweden",0.000000000,""
"West Nile virus infection","Locally acquired cases","Notification rate","N/100000","2009","SI","Slovenia",0.000000000,""
"West Nile virus infection","Locally acquired cases","Notification rate","N/100000","2009","SK","Slovakia",0.000000000,""
"West Nile virus infection","Locally acquired cases","Notification rate","N/100000","2009","UK","United Kingdom",0.000000000,""
"West Nile virus infection","Locally acquired cases","Notification rate","N/100000","2010","AT","Austria",0.011973690,""
"West Nile virus infection","Locally acquired cases","Notification rate","N/100000","2010","BE","Belgium",0.000000000,""
"West Nile virus infection","Locally acquired cases","Notification rate","N/100000","2010","CY","Cyprus",0.000000000,""
"West Nile virus infection","Locally acquired cases","Notification rate","N/100000","2010","CZ","Czechia",0.000000000,""
"West Nile virus infection","Locally acquired cases","Notification rate","N/100000","2010","DK","Denmark",0.000000000,""
"West Nile virus infection","Locally acquired cases","Notification rate","N/100000","2010","EE","Estonia",0.000000000,""
"West Nile virus infection","Locally acquired cases","Notification rate","N/100000","2010","EL","Greece",2.356265760,""
"West Nile virus infection","Locally acquired cases","Notification rate","N/100000","2010","ES","Spain",0.004302310,""
"West Nile virus infection","Locally acquired cases","Notification rate","N/100000","2010","EU27_21","EU (without UK)",0.102948000,""
"West Nile virus infection","Locally acquired cases","Notification rate","N/100000","2010","EU27_UK_21","EU (with UK until 2019)",0.086843000,""
"West Nile virus infection","Locally acquired cases","Notification rate","N/100000","2010","EUEEA30_21","EU/EEA (without UK)",0.101486000,""
"West Nile virus infection","Locally acquired cases","Notification rate","N/100000","2010","EUEEAUK_21","EU/EEA (with UK until 2019)",0.085800000,""
"West Nile virus infection","Locally acquired cases","Notification rate","N/100000","2010","FI","Finland",0.000000000,""
"West Nile virus infection","Locally acquired cases","Notification rate","N/100000","2010","FR","France",0.000000000,""
"West Nile virus infection","Locally acquired cases","Notification rate","N/100000","2010","HU","Hungary",0.179742530,""
"West Nile virus infection","Locally acquired cases","Notification rate","N/100000","2010","IE","Ireland",0.000000000,""
"West Nile virus infection","Locally acquired cases","Notification rate","N/100000","2010","IL","Israel",0.000000000,""
"West Nile virus infection","Locally acquired cases","Notification rate","N/100000","2010","IT","Italy",0.011727190,""
"West Nile virus infection","Locally acquired cases","Notification rate","N/100000","2010","LT","Lithuania",0.000000000,""
"West Nile virus infection","Locally acquired cases","Notification rate","N/100000","2010","LU","Luxembourg",0.000000000,""
"West Nile virus infection","Locally acquired cases","Notification rate","N/100000","2010","LV","Latvia",0.000000000,""
"West Nile virus infection","Locally acquired cases","Notification rate","N/100000","2010","MT","Malta",0.000000000,""
"West Nile virus infection","Locally acquired cases","Notification rate","N/100000","2010","NL","Netherlands",0.000000000,""
"West Nile virus infection","Locally acquired cases","Notification rate","N/100000","2010","NO","Norway",0.000000000,""
"West Nile virus infection","Locally acquired cases","Notification rate","N/100000","2010","PL","Poland",0.000000000,""
"West Nile virus infection","Locally acquired cases","Notification rate","N/100000","2010","RO","Romania",0.280861740,""
"West Nile virus infection","Locally acquired cases","Notification rate","N/100000","2010","RU","Russia",0.000000000,""
"West Nile virus infection","Locally acquired cases","Notification rate","N/100000","2010","SE","Sweden",0.000000000,""
"West Nile virus infection","Locally acquired cases","Notification rate","N/100000","2010","SI","Slovenia",0.000000000,""
"West Nile virus infection","Locally acquired cases","Notification rate","N/100000","2010","SK","Slovakia",0.000000000,""
"West Nile virus infection","Locally acquired cases","Notification rate","N/100000","2010","TR","Türkiye",0.064772800,""
"West Nile virus infection","Locally acquired cases","Notification rate","N/100000","2010","UK","United Kingdom",0.000000000,""
"West Nile virus infection","Locally acquired cases","Notification rate","N/100000","2011","AL","Albania",0.515931800,""
"West Nile virus infection","Locally acquired cases","Notification rate","N/100000","2011","AT","Austria",0.000000000,""
"West Nile virus infection","Locally acquired cases","Notification rate","N/100000","2011","BE","Belgium",0.000000000,""
"West Nile virus infection","Locally acquired cases","Notification rate","N/100000","2011","CY","Cyprus",0.000000000,""
"West Nile virus infection","Locally acquired cases","Notification rate","N/100000","2011","CZ","Czechia",0.000000000,""
"West Nile virus infection","Locally acquired cases","Notification rate","N/100000","2011","DK","Denmark",0.000000000,""
"West Nile virus infection","Locally acquired cases","Notification rate","N/100000","2011","EE","Estonia",0.000000000,""
"West Nile virus infection","Locally acquired cases","Notification rate","N/100000","2011","EL","Greece",0.890016280,""
"West Nile virus infection","Locally acquired cases","Notification rate","N/100000","2011","ES","Spain",0.000000000,""
"West Nile virus infection","Locally acquired cases","Notification rate","N/100000","2011","EU27_21","EU (without UK)",0.043186000,""
"West Nile virus infection","Locally acquired cases","Notification rate","N/100000","2011","EU27_UK_21","EU (with UK until 2019)",0.036400000,""
"West Nile virus infection","Locally acquired cases","Notification rate","N/100000","2011","EUEEA30_21","EU/EEA (without UK)",0.042566000,""
"West Nile virus infection","Locally acquired cases","Notification rate","N/100000","2011","EUEEAUK_21","EU/EEA (with UK until 2019)",0.035959000,""
"West Nile virus infection","Locally acquired cases","Notification rate","N/100000","2011","FI","Finland",0.000000000,""
"West Nile virus infection","Locally acquired cases","Notification rate","N/100000","2011","FR","France",0.000000000,""
"West Nile virus infection","Locally acquired cases","Notification rate","N/100000","2011","HU","Hungary",0.040057190,""
"West Nile virus infection","Locally acquired cases","Notification rate","N/100000","2011","IE","Ireland",0.000000000,""
"West Nile virus infection","Locally acquired cases","Notification rate","N/100000","2011","IL","Israel",0.000000000,""
"West Nile virus infection","Locally acquired cases","Notification rate","N/100000","2011","IT","Italy",0.053379150,""
"West Nile virus infection","Locally acquired cases","Notification rate","N/100000","2011","LT","Lithuania",0.000000000,""
"West Nile virus infection","Locally acquired cases","Notification rate","N/100000","2011","LU","Luxembourg",0.000000000,""
"West Nile virus infection","Locally acquired cases","Notification rate","N/100000","2011","LV","Latvia",0.000000000,""
"West Nile virus infection","Locally acquired cases","Notification rate","N/100000","2011","MK","North Macedonia",0.000000000,""
"West Nile virus infection","Locally acquired cases","Notification rate","N/100000","2011","MT","Malta",0.000000000,""
"West Nile virus infection","Locally acquired cases","Notification rate","N/100000","2011","NL","Netherlands",0.000000000,""
"West Nile virus infection","Locally acquired cases","Notification rate","N/100000","2011","NO","Norway",0.000000000,""
"West Nile virus infection","Locally acquired cases","Notification rate","N/100000","2011","PL","Poland",0.000000000,""
"West Nile virus infection","Locally acquired cases","Notification rate","N/100000","2011","RO","Romania",0.054457980,""
"West Nile virus infection","Locally acquired cases","Notification rate","N/100000","2011","RU","Russia",0.000000000,""
"West Nile virus infection","Locally acquired cases","Notification rate","N/100000","2011","SE","Sweden",0.000000000,""
"West Nile virus infection","Locally acquired cases","Notification rate","N/100000","2011","SI","Slovenia",0.000000000,""
"West Nile virus infection","Locally acquired cases","Notification rate","N/100000","2011","SK","Slovakia",0.000000000,""
"West Nile virus infection","Locally acquired cases","Notification rate","N/100000","2011","TN","Tunisia",0.000000000,""
"West Nile virus infection","Locally acquired cases","Notification rate","N/100000","2011","TR","Türkiye",0.006782140,""
"West Nile virus infection","Locally acquired cases","Notification rate","N/100000","2011","UA","Ukraine",0.000000000,""
"West Nile virus infection","Locally acquired cases","Notification rate","N/100000","2011","UK","United Kingdom",0.000000000,""
"West Nile virus infection","Locally acquired cases","Notification rate","N/100000","2012","AL","Albania",0.000000000,""
"West Nile virus infection","Locally acquired cases","Notification rate","N/100000","2012","AT","Austria",0.000000000,""
"West Nile virus infection","Locally acquired cases","Notification rate","N/100000","2012","BE","Belgium",0.000000000,""
"West Nile virus infection","Locally acquired cases","Notification rate","N/100000","2012","BG","Bulgaria",0.027295460,""
"West Nile virus infection","Locally acquired cases","Notification rate","N/100000","2012","CY","Cyprus",0.000000000,""
"West Nile virus infection","Locally acquired cases","Notification rate","N/100000","2012","CZ","Czechia",0.000000000,""
"West Nile virus infection","Locally acquired cases","Notification rate","N/100000","2012","DK","Denmark",0.000000000,""
"West Nile virus infection","Locally acquired cases","Notification rate","N/100000","2012","DZ","Algeria",0.000000000,""
"West Nile virus infection","Locally acquired cases","Notification rate","N/100000","2012","EE","Estonia",0.000000000,""
"West Nile virus infection","Locally acquired cases","Notification rate","N/100000","2012","EL","Greece",1.452228970,""
"West Nile virus infection","Locally acquired cases","Notification rate","N/100000","2012","ES","Spain",0.000000000,""
"West Nile virus infection","Locally acquired cases","Notification rate","N/100000","2012","EU27_21","EU (without UK)",0.078197000,""
"West Nile virus infection","Locally acquired cases","Notification rate","N/100000","2012","EU27_UK_21","EU (with UK until 2019)",0.066201000,""
"West Nile virus infection","Locally acquired cases","Notification rate","N/100000","2012","EUEEA30_21","EU/EEA (without UK)",0.077100000,""
"West Nile virus infection","Locally acquired cases","Notification rate","N/100000","2012","EUEEAUK_21","EU/EEA (with UK until 2019)",0.065413000,""
"West Nile virus infection","Locally acquired cases","Notification rate","N/100000","2012","FI","Finland",0.000000000,""
"West Nile virus infection","Locally acquired cases","Notification rate","N/100000","2012","FR","France",0.000000000,""
"West Nile virus infection","Locally acquired cases","Notification rate","N/100000","2012","HR","Croatia",0.140318570,""
"West Nile virus infection","Locally acquired cases","Notification rate","N/100000","2012","HU","Hungary",0.171165200,""
"West Nile virus infection","Locally acquired cases","Notification rate","N/100000","2012","IE","Ireland",0.000000000,""
"West Nile virus infection","Locally acquired cases","Notification rate","N/100000","2012","IL","Israel",0.000000000,""
"West Nile virus infection","Locally acquired cases","Notification rate","N/100000","2012","IT","Italy",0.121453740,""
"West Nile virus infection","Locally acquired cases","Notification rate","N/100000","2012","LT","Lithuania",0.000000000,""
"West Nile virus infection","Locally acquired cases","Notification rate","N/100000","2012","LU","Luxembourg",0.000000000,""
"West Nile virus infection","Locally acquired cases","Notification rate","N/100000","2012","LV","Latvia",0.000000000,""
"West Nile virus infection","Locally acquired cases","Notification rate","N/100000","2012","ME","Montenegro",0.161210230,""
"West Nile virus infection","Locally acquired cases","Notification rate","N/100000","2012","MK","North Macedonia",0.000000000,""
"West Nile virus infection","Locally acquired cases","Notification rate","N/100000","2012","MT","Malta",0.000000000,""
"West Nile virus infection","Locally acquired cases","Notification rate","N/100000","2012","NL","Netherlands",0.000000000,""
"West Nile virus infection","Locally acquired cases","Notification rate","N/100000","2012","NO","Norway",0.000000000,""
"West Nile virus infection","Locally acquired cases","Notification rate","N/100000","2012","PL","Poland",0.000000000,""
"West Nile virus infection","Locally acquired cases","Notification rate","N/100000","2012","PS","Palestine",0.000000000,""
"West Nile virus infection","Locally acquired cases","Notification rate","N/100000","2012","RO","Romania",0.074641730,""
"West Nile virus infection","Locally acquired cases","Notification rate","N/100000","2012","RS","Serbia",0.000000000,""
"West Nile virus infection","Locally acquired cases","Notification rate","N/100000","2012","RU","Russia",0.000000000,""
"West Nile virus infection","Locally acquired cases","Notification rate","N/100000","2012","SE","Sweden",0.000000000,""
"West Nile virus infection","Locally acquired cases","Notification rate","N/100000","2012","SI","Slovenia",0.000000000,""
"West Nile virus infection","Locally acquired cases","Notification rate","N/100000","2012","SK","Slovakia",0.000000000,""
"West Nile virus infection","Locally acquired cases","Notification rate","N/100000","2012","TN","Tunisia",0.000000000,""
"West Nile virus infection","Locally acquired cases","Notification rate","N/100000","2012","UA","Ukraine",0.000000000,""
"West Nile virus infection","Locally acquired cases","Notification rate","N/100000","2012","UK","United Kingdom",0.000000000,""
"West Nile virus infection","Locally acquired cases","Notification rate","N/100000","2012","XK","Kosovo",0.390150370,""
"West Nile virus infection","Locally acquired cases","Notification rate","N/100000","2013","AL","Albania",0.000000000,""
"West Nile virus infection","Locally acquired cases","Notification rate","N/100000","2013","AT","Austria",0.000000000,""
"West Nile virus infection","Locally acquired cases","Notification rate","N/100000","2013","BA","Bosnia and Herzegovina",0.000000000,""
"West Nile virus infection","Locally acquired cases","Notification rate","N/100000","2013","BE","Belgium",0.000000000,""
"West Nile virus infection","Locally acquired cases","Notification rate","N/100000","2013","BG","Bulgaria",0.000000000,""
"West Nile virus infection","Locally acquired cases","Notification rate","N/100000","2013","CY","Cyprus",0.000000000,""
"West Nile virus infection","Locally acquired cases","Notification rate","N/100000","2013","CZ","Czechia",0.009509200,""
"West Nile virus infection","Locally acquired cases","Notification rate","N/100000","2013","DK","Denmark",0.000000000,""
"West Nile virus infection","Locally acquired cases","Notification rate","N/100000","2013","EE","Estonia",0.000000000,""
"West Nile virus infection","Locally acquired cases","Notification rate","N/100000","2013","EL","Greece",0.781561330,""
"West Nile virus infection","Locally acquired cases","Notification rate","N/100000","2013","ES","Spain",0.000000000,""
"West Nile virus infection","Locally acquired cases","Notification rate","N/100000","2013","EU27_21","EU (without UK)",0.083543000,""
"West Nile virus infection","Locally acquired cases","Notification rate","N/100000","2013","EU27_UK_21","EU (with UK until 2019)",0.070667000,""
"West Nile virus infection","Locally acquired cases","Notification rate","N/100000","2013","EUEEA30_21","EU/EEA (without UK)",0.082357000,""
"West Nile virus infection","Locally acquired cases","Notification rate","N/100000","2013","EUEEAUK_21","EU/EEA (with UK until 2019)",0.069816000,""
"West Nile virus infection","Locally acquired cases","Notification rate","N/100000","2013","FI","Finland",0.000000000,""
"West Nile virus infection","Locally acquired cases","Notification rate","N/100000","2013","FR","France",0.000000000,""
"West Nile virus infection","Locally acquired cases","Notification rate","N/100000","2013","HR","Croatia",0.470831620,""
"West Nile virus infection","Locally acquired cases","Notification rate","N/100000","2013","HU","Hungary",0.353705060,""
"West Nile virus infection","Locally acquired cases","Notification rate","N/100000","2013","IE","Ireland",0.000000000,""
"West Nile virus infection","Locally acquired cases","Notification rate","N/100000","2013","IL","Israel",0.000000000,""
"West Nile virus infection","Locally acquired cases","Notification rate","N/100000","2013","IT","Italy",0.209033880,""
"West Nile virus infection","Locally acquired cases","Notification rate","N/100000","2013","LT","Lithuania",0.000000000,""
"West Nile virus infection","Locally acquired cases","Notification rate","N/100000","2013","LU","Luxembourg",0.000000000,""
"West Nile virus infection","Locally acquired cases","Notification rate","N/100000","2013","LV","Latvia",0.000000000,""
"West Nile virus infection","Locally acquired cases","Notification rate","N/100000","2013","ME","Montenegro",0.483175030,""
"West Nile virus infection","Locally acquired cases","Notification rate","N/100000","2013","MK","North Macedonia",0.000000000,""
"West Nile virus infection","Locally acquired cases","Notification rate","N/100000","2013","MT","Malta",0.000000000,""
"West Nile virus infection","Locally acquired cases","Notification rate","N/100000","2013","NL","Netherlands",0.000000000,""
"West Nile virus infection","Locally acquired cases","Notification rate","N/100000","2013","NO","Norway",0.000000000,""
"West Nile virus infection","Locally acquired cases","Notification rate","N/100000","2013","PL","Poland",0.000000000,""
"West Nile virus infection","Locally acquired cases","Notification rate","N/100000","2013","RO","Romania",0.119879670,""
"West Nile virus infection","Locally acquired cases","Notification rate","N/100000","2013","RS","Serbia",0.000000000,""
"West Nile virus infection","Locally acquired cases","Notification rate","N/100000","2013","RU","Russia",0.000000000,""
"West Nile virus infection","Locally acquired cases","Notification rate","N/100000","2013","SE","Sweden",0.000000000,""
"West Nile virus infection","Locally acquired cases","Notification rate","N/100000","2013","SI","Slovenia",0.048571480,""
"West Nile virus infection","Locally acquired cases","Notification rate","N/100000","2013","SK","Slovakia",0.000000000,""
"West Nile virus infection","Locally acquired cases","Notification rate","N/100000","2013","TN","Tunisia",0.000000000,""
"West Nile virus infection","Locally acquired cases","Notification rate","N/100000","2013","UA","Ukraine",0.000000000,""
"West Nile virus infection","Locally acquired cases","Notification rate","N/100000","2013","UK","United Kingdom",0.000000000,""
"West Nile virus infection","Locally acquired cases","Notification rate","N/100000","2013","XK","Kosovo",0.167207300,""
"West Nile virus infection","Locally acquired cases","Notification rate","N/100000","2014","AL","Albania",0.000000000,""
"West Nile virus infection","Locally acquired cases","Notification rate","N/100000","2014","AT","Austria",0.023507870,""
"West Nile virus infection","Locally acquired cases","Notification rate","N/100000","2014","BA","Bosnia and Herzegovina",0.364679190,""
"West Nile virus infection","Locally acquired cases","Notification rate","N/100000","2014","BE","Belgium",0.000000000,""
"West Nile virus infection","Locally acquired cases","Notification rate","N/100000","2014","BG","Bulgaria",0.000000000,""
"West Nile virus infection","Locally acquired cases","Notification rate","N/100000","2014","CY","Cyprus",0.000000000,""
"West Nile virus infection","Locally acquired cases","Notification rate","N/100000","2014","CZ","Czechia",0.000000000,""
"West Nile virus infection","Locally acquired cases","Notification rate","N/100000","2014","DK","Denmark",0.000000000,""
"West Nile virus infection","Locally acquired cases","Notification rate","N/100000","2014","EE","Estonia",0.000000000,""
"West Nile virus infection","Locally acquired cases","Notification rate","N/100000","2014","EL","Greece",0.137277060,""
"West Nile virus infection","Locally acquired cases","Notification rate","N/100000","2014","ES","Spain",0.000000000,""
"West Nile virus infection","Locally acquired cases","Notification rate","N/100000","2014","EU27_21","EU (without UK)",0.021364000,""
"West Nile virus infection","Locally acquired cases","Notification rate","N/100000","2014","EU27_UK_21","EU (with UK until 2019)",0.018054000,""
"West Nile virus infection","Locally acquired cases","Notification rate","N/100000","2014","EUEEA30_21","EU/EEA (without UK)",0.021057000,""
"West Nile virus infection","Locally acquired cases","Notification rate","N/100000","2014","EUEEAUK_21","EU/EEA (with UK until 2019)",0.017835000,""
"West Nile virus infection","Locally acquired cases","Notification rate","N/100000","2014","FI","Finland",0.000000000,""
"West Nile virus infection","Locally acquired cases","Notification rate","N/100000","2014","FR","France",0.000000000,""
"West Nile virus infection","Locally acquired cases","Notification rate","N/100000","2014","HR","Croatia",0.023709980,""
"West Nile virus infection","Locally acquired cases","Notification rate","N/100000","2014","HU","Hungary",0.101520600,""
"West Nile virus infection","Locally acquired cases","Notification rate","N/100000","2014","IE","Ireland",0.000000000,""
"West Nile virus infection","Locally acquired cases","Notification rate","N/100000","2014","IL","Israel",0.227930790,""
"West Nile virus infection","Locally acquired cases","Notification rate","N/100000","2014","IT","Italy",0.039770710,""
"West Nile virus infection","Locally acquired cases","Notification rate","N/100000","2014","LT","Lithuania",0.000000000,""
"West Nile virus infection","Locally acquired cases","Notification rate","N/100000","2014","LU","Luxembourg",0.000000000,""
"West Nile virus infection","Locally acquired cases","Notification rate","N/100000","2014","LV","Latvia",0.000000000,""
"West Nile virus infection","Locally acquired cases","Notification rate","N/100000","2014","ME","Montenegro",0.000000000,""
"West Nile virus infection","Locally acquired cases","Notification rate","N/100000","2014","MK","North Macedonia",0.000000000,""
"West Nile virus infection","Locally acquired cases","Notification rate","N/100000","2014","MT","Malta",0.000000000,""
"West Nile virus infection","Locally acquired cases","Notification rate","N/100000","2014","NL","Netherlands",0.000000000,""
"West Nile virus infection","Locally acquired cases","Notification rate","N/100000","2014","NO","Norway",0.000000000,""
"West Nile virus infection","Locally acquired cases","Notification rate","N/100000","2014","PL","Poland",0.000000000,""
"West Nile virus infection","Locally acquired cases","Notification rate","N/100000","2014","PS","Palestine",0.022645810,""
"West Nile virus infection","Locally acquired cases","Notification rate","N/100000","2014","RO","Romania",0.115303760,""
"West Nile virus infection","Locally acquired cases","Notification rate","N/100000","2014","RS","Serbia",1.077411450,""
"West Nile virus infection","Locally acquired cases","Notification rate","N/100000","2014","RU","Russia",0.020010260,""
"West Nile virus infection","Locally acquired cases","Notification rate","N/100000","2014","SE","Sweden",0.000000000,""
"West Nile virus infection","Locally acquired cases","Notification rate","N/100000","2014","SI","Slovenia",0.000000000,""
"West Nile virus infection","Locally acquired cases","Notification rate","N/100000","2014","SK","Slovakia",0.000000000,""
"West Nile virus infection","Locally acquired cases","Notification rate","N/100000","2014","UK","United Kingdom",0.000000000,""
"West Nile virus infection","Locally acquired cases","Notification rate","N/100000","2014","XK","Kosovo",0.055735760,""
"West Nile virus infection","Locally acquired cases","Notification rate","N/100000","2015","AL","Albania",0.000000000,""
"West Nile virus infection","Locally acquired cases","Notification rate","N/100000","2015","AT","Austria",0.069889940,""
"West Nile virus infection","Locally acquired cases","Notification rate","N/100000","2015","BE","Belgium",0.000000000,""
"West Nile virus infection","Locally acquired cases","Notification rate","N/100000","2015","BG","Bulgaria",0.028450750,""
"West Nile virus infection","Locally acquired cases","Notification rate","N/100000","2015","CY","Cyprus",0.000000000,""
"West Nile virus infection","Locally acquired cases","Notification rate","N/100000","2015","CZ","Czechia",0.000000000,""
"West Nile virus infection","Locally acquired cases","Notification rate","N/100000","2015","DK","Denmark",0.000000000,""
"West Nile virus infection","Locally acquired cases","Notification rate","N/100000","2015","EE","Estonia",0.000000000,""
"West Nile virus infection","Locally acquired cases","Notification rate","N/100000","2015","EL","Greece",0.000000000,""
"West Nile virus infection","Locally acquired cases","Notification rate","N/100000","2015","ES","Spain",0.000000000,""
"West Nile virus infection","Locally acquired cases","Notification rate","N/100000","2015","EU27_21","EU (without UK)",0.033727000,""
"West Nile virus infection","Locally acquired cases","Notification rate","N/100000","2015","EU27_UK_21","EU (with UK until 2019)",0.028599000,""
"West Nile virus infection","Locally acquired cases","Notification rate","N/100000","2015","EUEEA30_21","EU/EEA (without UK)",0.033252000,""
"West Nile virus infection","Locally acquired cases","Notification rate","N/100000","2015","EUEEAUK_21","EU/EEA (with UK until 2019)",0.028257000,""
"West Nile virus infection","Locally acquired cases","Notification rate","N/100000","2015","FI","Finland",0.000000000,""
"West Nile virus infection","Locally acquired cases","Notification rate","N/100000","2015","FR","France",0.001504700,""
"West Nile virus infection","Locally acquired cases","Notification rate","N/100000","2015","HR","Croatia",0.023918200,""
"West Nile virus infection","Locally acquired cases","Notification rate","N/100000","2015","HU","Hungary",0.183376730,""
"West Nile virus infection","Locally acquired cases","Notification rate","N/100000","2015","IE","Ireland",0.000000000,""
"West Nile virus infection","Locally acquired cases","Notification rate","N/100000","2015","IL","Israel",1.552242970,""
"West Nile virus infection","Locally acquired cases","Notification rate","N/100000","2015","IT","Italy",0.101168410,""
"West Nile virus infection","Locally acquired cases","Notification rate","N/100000","2015","LT","Lithuania",0.000000000,""
"West Nile virus infection","Locally acquired cases","Notification rate","N/100000","2015","LU","Luxembourg",0.000000000,""
"West Nile virus infection","Locally acquired cases","Notification rate","N/100000","2015","LV","Latvia",0.000000000,""
"West Nile virus infection","Locally acquired cases","Notification rate","N/100000","2015","ME","Montenegro",0.000000000,""
"West Nile virus infection","Locally acquired cases","Notification rate","N/100000","2015","MK","North Macedonia",0.000000000,""
"West Nile virus infection","Locally acquired cases","Notification rate","N/100000","2015","MT","Malta",0.000000000,""
"West Nile virus infection","Locally acquired cases","Notification rate","N/100000","2015","NL","Netherlands",0.000000000,""
"West Nile virus infection","Locally acquired cases","Notification rate","N/100000","2015","NO","Norway",0.000000000,""
"West Nile virus infection","Locally acquired cases","Notification rate","N/100000","2015","PL","Poland",0.000000000,""
"West Nile virus infection","Locally acquired cases","Notification rate","N/100000","2015","PS","Palestine",0.022116460,""
"West Nile virus infection","Locally acquired cases","Notification rate","N/100000","2015","PT","Portugal",0.009619890,""
"West Nile virus infection","Locally acquired cases","Notification rate","N/100000","2015","RO","Romania",0.161041560,""
"West Nile virus infection","Locally acquired cases","Notification rate","N/100000","2015","RS","Serbia",0.393568360,""
"West Nile virus infection","Locally acquired cases","Notification rate","N/100000","2015","RU","Russia",0.026839620,""
"West Nile virus infection","Locally acquired cases","Notification rate","N/100000","2015","SE","Sweden",0.000000000,""
"West Nile virus infection","Locally acquired cases","Notification rate","N/100000","2015","SI","Slovenia",0.000000000,""
"West Nile virus infection","Locally acquired cases","Notification rate","N/100000","2015","SK","Slovakia",0.000000000,""
"West Nile virus infection","Locally acquired cases","Notification rate","N/100000","2015","UK","United Kingdom",0.000000000,""
"West Nile virus infection","Locally acquired cases","Notification rate","N/100000","2015","XK","Kosovo",0.055735760,""
"West Nile virus infection","Locally acquired cases","Notification rate","N/100000","2016","AL","Albania",0.000000000,""
"West Nile virus infection","Locally acquired cases","Notification rate","N/100000","2016","AT","Austria",0.057468150,""
"West Nile virus infection","Locally acquired cases","Notification rate","N/100000","2016","BE","Belgium",0.000000000,""
"West Nile virus infection","Locally acquired cases","Notification rate","N/100000","2016","BG","Bulgaria",0.028823590,""
"West Nile virus infection","Locally acquired cases","Notification rate","N/100000","2016","CY","Cyprus",0.115772360,""
"West Nile virus infection","Locally acquired cases","Notification rate","N/100000","2016","CZ","Czechia",0.000000000,""
"West Nile virus infection","Locally acquired cases","Notification rate","N/100000","2016","DK","Denmark",0.000000000,""
"West Nile virus infection","Locally acquired cases","Notification rate","N/100000","2016","EE","Estonia",0.000000000,""
"West Nile virus infection","Locally acquired cases","Notification rate","N/100000","2016","EG","Egypt",0.000983820,""
"West Nile virus infection","Locally acquired cases","Notification rate","N/100000","2016","EL","Greece",0.000000000,""
"West Nile virus infection","Locally acquired cases","Notification rate","N/100000","2016","ES","Spain",0.006462880,""
"West Nile virus infection","Locally acquired cases","Notification rate","N/100000","2016","EU27_21","EU (without UK)",0.062460000,""
"West Nile virus infection","Locally acquired cases","Notification rate","N/100000","2016","EU27_UK_21","EU (with UK until 2019)",0.052901000,""
"West Nile virus infection","Locally acquired cases","Notification rate","N/100000","2016","EUEEA30_21","EU/EEA (without UK)",0.061573000,""
"West Nile virus infection","Locally acquired cases","Notification rate","N/100000","2016","EUEEAUK_21","EU/EEA (with UK until 2019)",0.052263000,""
"West Nile virus infection","Locally acquired cases","Notification rate","N/100000","2016","FI","Finland",0.000000000,""
"West Nile virus infection","Locally acquired cases","Notification rate","N/100000","2016","FR","France",0.000000000,""
"West Nile virus infection","Locally acquired cases","Notification rate","N/100000","2016","HR","Croatia",0.048413070,""
"West Nile virus infection","Locally acquired cases","Notification rate","N/100000","2016","HU","Hungary",0.449913750,""
"West Nile virus infection","Locally acquired cases","Notification rate","N/100000","2016","IE","Ireland",0.000000000,""
"West Nile virus infection","Locally acquired cases","Notification rate","N/100000","2016","IL","Israel",1.023147990,""
"West Nile virus infection","Locally acquired cases","Notification rate","N/100000","2016","IT","Italy",0.126321990,""
"West Nile virus infection","Locally acquired cases","Notification rate","N/100000","2016","LT","Lithuania",0.000000000,""
"West Nile virus infection","Locally acquired cases","Notification rate","N/100000","2016","LU","Luxembourg",0.000000000,""
"West Nile virus infection","Locally acquired cases","Notification rate","N/100000","2016","LV","Latvia",0.000000000,""
"West Nile virus infection","Locally acquired cases","Notification rate","N/100000","2016","ME","Montenegro",0.000000000,""
"West Nile virus infection","Locally acquired cases","Notification rate","N/100000","2016","MK","North Macedonia",0.000000000,""
"West Nile virus infection","Locally acquired cases","Notification rate","N/100000","2016","MT","Malta",0.000000000,""
"West Nile virus infection","Locally acquired cases","Notification rate","N/100000","2016","NL","Netherlands",0.000000000,""
"West Nile virus infection","Locally acquired cases","Notification rate","N/100000","2016","NO","Norway",0.000000000,""
"West Nile virus infection","Locally acquired cases","Notification rate","N/100000","2016","PL","Poland",0.000000000,""
"West Nile virus infection","Locally acquired cases","Notification rate","N/100000","2016","PT","Portugal",0.000000000,""
"West Nile virus infection","Locally acquired cases","Notification rate","N/100000","2016","RO","Romania",0.470633840,""
"West Nile virus infection","Locally acquired cases","Notification rate","N/100000","2016","RS","Serbia",0.621787540,""
"West Nile virus infection","Locally acquired cases","Notification rate","N/100000","2016","RU","Russia",0.092606160,""
"West Nile virus infection","Locally acquired cases","Notification rate","N/100000","2016","SE","Sweden",0.000000000,""
"West Nile virus infection","Locally acquired cases","Notification rate","N/100000","2016","SI","Slovenia",0.000000000,""
"West Nile virus infection","Locally acquired cases","Notification rate","N/100000","2016","SK","Slovakia",0.000000000,""
"West Nile virus infection","Locally acquired cases","Notification rate","N/100000","2016","SY","Syria",0.010420040,""
"West Nile virus infection","Locally acquired cases","Notification rate","N/100000","2016","TN","Tunisia",0.008674060,""
"West Nile virus infection","Locally acquired cases","Notification rate","N/100000","2016","TR","Türkiye",0.002539970,""
"West Nile virus infection","Locally acquired cases","Notification rate","N/100000","2016","UA","Ukraine",0.002347920,""
"West Nile virus infection","Locally acquired cases","Notification rate","N/100000","2016","UK","United Kingdom",0.000000000,""
"West Nile virus infection","Locally acquired cases","Notification rate","N/100000","2016","XK","Kosovo",0.000000000,""
"West Nile virus infection","Locally acquired cases","Notification rate","N/100000","2017","AL","Albania",0.000000000,""
"West Nile virus infection","Locally acquired cases","Notification rate","N/100000","2017","AT","Austria",0.068392700,""
"West Nile virus infection","Locally acquired cases","Notification rate","N/100000","2017","BE","Belgium",0.000000000,""
"West Nile virus infection","Locally acquired cases","Notification rate","N/100000","2017","BG","Bulgaria",0.014599560,""
"West Nile virus infection","Locally acquired cases","Notification rate","N/100000","2017","CY","Cyprus",0.000000000,""
"West Nile virus infection","Locally acquired cases","Notification rate","N/100000","2017","CZ","Czechia",0.000000000,""
"West Nile virus infection","Locally acquired cases","Notification rate","N/100000","2017","DK","Denmark",0.000000000,""
"West Nile virus infection","Locally acquired cases","Notification rate","N/100000","2017","EE","Estonia",0.000000000,""
"West Nile virus infection","Locally acquired cases","Notification rate","N/100000","2017","EL","Greece",0.445757240,""
"West Nile virus infection","Locally acquired cases","Notification rate","N/100000","2017","ES","Spain",0.000000000,""
"West Nile virus infection","Locally acquired cases","Notification rate","N/100000","2017","EU27_21","EU (without UK)",0.055502000,""
"West Nile virus infection","Locally acquired cases","Notification rate","N/100000","2017","EU27_UK_21","EU (with UK until 2019)",0.046963000,""
"West Nile virus infection","Locally acquired cases","Notification rate","N/100000","2017","EUEEA30_21","EU/EEA (without UK)",0.054657000,""
"West Nile virus infection","Locally acquired cases","Notification rate","N/100000","2017","EUEEAUK_21","EU/EEA (with UK until 2019)",0.046357000,""
"West Nile virus infection","Locally acquired cases","Notification rate","N/100000","2017","FI","Finland",0.000000000,""
"West Nile virus infection","Locally acquired cases","Notification rate","N/100000","2017","FR","France",0.002993570,""
"West Nile virus infection","Locally acquired cases","Notification rate","N/100000","2017","HR","Croatia",0.122586000,""
"West Nile virus infection","Locally acquired cases","Notification rate","N/100000","2017","HU","Hungary",0.205341820,""
"West Nile virus infection","Locally acquired cases","Notification rate","N/100000","2017","IE","Ireland",0.000000000,""
"West Nile virus infection","Locally acquired cases","Notification rate","N/100000","2017","IL","Israel",0.370735960,""
"West Nile virus infection","Locally acquired cases","Notification rate","N/100000","2017","IS","Iceland",0.000000000,""
"West Nile virus infection","Locally acquired cases","Notification rate","N/100000","2017","IT","Italy",0.088235190,""
"West Nile virus infection","Locally acquired cases","Notification rate","N/100000","2017","LT","Lithuania",0.000000000,""
"West Nile virus infection","Locally acquired cases","Notification rate","N/100000","2017","LU","Luxembourg",0.000000000,""
"West Nile virus infection","Locally acquired cases","Notification rate","N/100000","2017","LV","Latvia",0.000000000,""
"West Nile virus infection","Locally acquired cases","Notification rate","N/100000","2017","ME","Montenegro",0.000000000,""
"West Nile virus infection","Locally acquired cases","Notification rate","N/100000","2017","MK","North Macedonia",0.000000000,""
"West Nile virus infection","Locally acquired cases","Notification rate","N/100000","2017","MT","Malta",0.000000000,""
"West Nile virus infection","Locally acquired cases","Notification rate","N/100000","2017","NL","Netherlands",0.000000000,""
"West Nile virus infection","Locally acquired cases","Notification rate","N/100000","2017","NO","Norway",0.000000000,""
"West Nile virus infection","Locally acquired cases","Notification rate","N/100000","2017","PL","Poland",0.000000000,""
"West Nile virus infection","Locally acquired cases","Notification rate","N/100000","2017","PT","Portugal",0.000000000,""
"West Nile virus infection","Locally acquired cases","Notification rate","N/100000","2017","RO","Romania",0.335981320,""
"West Nile virus infection","Locally acquired cases","Notification rate","N/100000","2017","RS","Serbia",0.695995830,""
"West Nile virus infection","Locally acquired cases","Notification rate","N/100000","2017","SE","Sweden",0.000000000,""
"West Nile virus infection","Locally acquired cases","Notification rate","N/100000","2017","SI","Slovenia",0.000000000,""
"West Nile virus infection","Locally acquired cases","Notification rate","N/100000","2017","SK","Slovakia",0.000000000,""
"West Nile virus infection","Locally acquired cases","Notification rate","N/100000","2017","TR","Türkiye",0.008770290,""
"West Nile virus infection","Locally acquired cases","Notification rate","N/100000","2017","UK","United Kingdom",0.000000000,""
"West Nile virus infection","Locally acquired cases","Notification rate","N/100000","2017","XK","Kosovo",0.112137100,""
"West Nile virus infection","Locally acquired cases","Notification rate","N/100000","2018","AL","Albania",0.034839270,""
"West Nile virus infection","Locally acquired cases","Notification rate","N/100000","2018","AT","Austria",0.238034050,""
"West Nile virus infection","Locally acquired cases","Notification rate","N/100000","2018","BE","Belgium",0.000000000,""
"West Nile virus infection","Locally acquired cases","Notification rate","N/100000","2018","BG","Bulgaria",0.221978270,""
"West Nile virus infection","Locally acquired cases","Notification rate","N/100000","2018","CY","Cyprus",0.113817300,""
"West Nile virus infection","Locally acquired cases","Notification rate","N/100000","2018","CZ","Czechia",0.047125100,""
"West Nile virus infection","Locally acquired cases","Notification rate","N/100000","2018","DE","Germany",0.001207840,""
"West Nile virus infection","Locally acquired cases","Notification rate","N/100000","2018","DK","Denmark",0.000000000,""
"West Nile virus infection","Locally acquired cases","Notification rate","N/100000","2018","EE","Estonia",0.000000000,""
"West Nile virus infection","Locally acquired cases","Notification rate","N/100000","2018","EL","Greece",2.932642780,""
"West Nile virus infection","Locally acquired cases","Notification rate","N/100000","2018","ES","Spain",0.000000000,""
"West Nile virus infection","Locally acquired cases","Notification rate","N/100000","2018","EU27_21","EU (without UK)",0.347854000,""
"West Nile virus infection","Locally acquired cases","Notification rate","N/100000","2018","EU27_UK_21","EU (with UK until 2019)",0.302790000,""
"West Nile virus infection","Locally acquired cases","Notification rate","N/100000","2018","EUEEA30_21","EU/EEA (without UK)",0.343500000,""
"West Nile virus infection","Locally acquired cases","Notification rate","N/100000","2018","EUEEAUK_21","EU/EEA (with UK until 2019)",0.299486000,""
"West Nile virus infection","Locally acquired cases","Notification rate","N/100000","2018","FI","Finland",0.000000000,""
"West Nile virus infection","Locally acquired cases","Notification rate","N/100000","2018","FR","France",0.040282740,""
"West Nile virus infection","Locally acquired cases","Notification rate","N/100000","2018","HR","Croatia",1.444819950,""
"West Nile virus infection","Locally acquired cases","Notification rate","N/100000","2018","HU","Hungary",2.213379000,""
"West Nile virus infection","Locally acquired cases","Notification rate","N/100000","2018","IE","Ireland",0.000000000,""
"West Nile virus infection","Locally acquired cases","Notification rate","N/100000","2018","IL","Israel",1.598115350,""
"West Nile virus infection","Locally acquired cases","Notification rate","N/100000","2018","IS","Iceland",0.000000000,""
"West Nile virus infection","Locally acquired cases","Notification rate","N/100000","2018","IT","Italy",1.017722230,""
"West Nile virus infection","Locally acquired cases","Notification rate","N/100000","2018","LT","Lithuania",0.000000000,""
"West Nile virus infection","Locally acquired cases","Notification rate","N/100000","2018","LU","Luxembourg",0.000000000,""
"West Nile virus infection","Locally acquired cases","Notification rate","N/100000","2018","LV","Latvia",0.000000000,""
"West Nile virus infection","Locally acquired cases","Notification rate","N/100000","2018","ME","Montenegro",0.000000000,""
"West Nile virus infection","Locally acquired cases","Notification rate","N/100000","2018","MK","North Macedonia",0.000000000,""
"West Nile virus infection","Locally acquired cases","Notification rate","N/100000","2018","MT","Malta",0.000000000,""
"West Nile virus infection","Locally acquired cases","Notification rate","N/100000","2018","NL","Netherlands",0.000000000,""
"West Nile virus infection","Locally acquired cases","Notification rate","N/100000","2018","NO","Norway",0.000000000,""
"West Nile virus infection","Locally acquired cases","Notification rate","N/100000","2018","PL","Poland",0.000000000,""
"West Nile virus infection","Locally acquired cases","Notification rate","N/100000","2018","PT","Portugal",0.000000000,""
"West Nile virus infection","Locally acquired cases","Notification rate","N/100000","2018","RO","Romania",1.418078010,""
"West Nile virus infection","Locally acquired cases","Notification rate","N/100000","2018","RS","Serbia",5.927348700,""
"West Nile virus infection","Locally acquired cases","Notification rate","N/100000","2018","SE","Sweden",0.000000000,""
"West Nile virus infection","Locally acquired cases","Notification rate","N/100000","2018","SI","Slovenia",0.193528400,""
"West Nile virus infection","Locally acquired cases","Notification rate","N/100000","2018","SK","Slovakia",0.000000000,""
"West Nile virus infection","Locally acquired cases","Notification rate","N/100000","2018","TR","Türkiye",0.032174020,""
"West Nile virus infection","Locally acquired cases","Notification rate","N/100000","2018","UK","United Kingdom",0.000000000,""
"West Nile virus infection","Locally acquired cases","Notification rate","N/100000","2018","XK","Kosovo",0.778423860,""
"West Nile virus infection","Locally acquired cases","Notification rate","N/100000","2019","AL","Albania",0.000000000,""
"West Nile virus infection","Locally acquired cases","Notification rate","N/100000","2019","AT","Austria",0.045152960,""
"West Nile virus infection","Locally acquired cases","Notification rate","N/100000","2019","BE","Belgium",0.000000000,""
"West Nile virus infection","Locally acquired cases","Notification rate","N/100000","2019","BG","Bulgaria",0.075028010,""
"West Nile virus infection","Locally acquired cases","Notification rate","N/100000","2019","CY","Cyprus",2.583706470,""
"West Nile virus infection","Locally acquired cases","Notification rate","N/100000","2019","CZ","Czechia",0.009389840,""
"West Nile virus infection","Locally acquired cases","Notification rate","N/100000","2019","DE","Germany",0.006022700,""
"West Nile virus infection","Locally acquired cases","Notification rate","N/100000","2019","DK","Denmark",0.000000000,""
"West Nile virus infection","Locally acquired cases","Notification rate","N/100000","2019","EE","Estonia",0.000000000,""
"West Nile virus infection","Locally acquired cases","Notification rate","N/100000","2019","EL","Greece",2.116629250,""
"West Nile virus infection","Locally acquired cases","Notification rate","N/100000","2019","ES","Spain",0.000000000,""
"West Nile virus infection","Locally acquired cases","Notification rate","N/100000","2019","EU27_21","EU (without UK)",0.095259000,""
"West Nile virus infection","Locally acquired cases","Notification rate","N/100000","2019","EU27_UK_21","EU (with UK until 2019)",0.082878000,""
"West Nile virus infection","Locally acquired cases","Notification rate","N/100000","2019","EUEEA30_21","EU/EEA (without UK)",0.094060000,""
"West Nile virus infection","Locally acquired cases","Notification rate","N/100000","2019","EUEEAUK_21","EU/EEA (with UK until 2019)",0.081970000,""
"West Nile virus infection","Locally acquired cases","Notification rate","N/100000","2019","FI","Finland",0.000000000,""
"West Nile virus infection","Locally acquired cases","Notification rate","N/100000","2019","FR","France",0.002972180,""
"West Nile virus infection","Locally acquired cases","Notification rate","N/100000","2019","HR","Croatia",0.000000000,""
"West Nile virus infection","Locally acquired cases","Notification rate","N/100000","2019","HU","Hungary",0.371123610,""
"West Nile virus infection","Locally acquired cases","Notification rate","N/100000","2019","IE","Ireland",0.000000000,""
"West Nile virus infection","Locally acquired cases","Notification rate","N/100000","2019","IL","Israel",0.127058560,""
"West Nile virus infection","Locally acquired cases","Notification rate","N/100000","2019","IS","Iceland",0.000000000,""
"West Nile virus infection","Locally acquired cases","Notification rate","N/100000","2019","IT","Italy",0.090275830,""
"West Nile virus infection","Locally acquired cases","Notification rate","N/100000","2019","LT","Lithuania",0.000000000,""
"West Nile virus infection","Locally acquired cases","Notification rate","N/100000","2019","LU","Luxembourg",0.000000000,""
"West Nile virus infection","Locally acquired cases","Notification rate","N/100000","2019","LV","Latvia",0.000000000,""
"West Nile virus infection","Locally acquired cases","Notification rate","N/100000","2019","ME","Montenegro",0.000000000,""
"West Nile virus infection","Locally acquired cases","Notification rate","N/100000","2019","MK","North Macedonia",0.288859830,""
"West Nile virus infection","Locally acquired cases","Notification rate","N/100000","2019","MT","Malta",0.000000000,""
"West Nile virus infection","Locally acquired cases","Notification rate","N/100000","2019","NL","Netherlands",0.000000000,""
"West Nile virus infection","Locally acquired cases","Notification rate","N/100000","2019","NO","Norway",0.000000000,""
"West Nile virus infection","Locally acquired cases","Notification rate","N/100000","2019","PL","Poland",0.000000000,""
"West Nile virus infection","Locally acquired cases","Notification rate","N/100000","2019","PT","Portugal",0.000000000,""
"West Nile virus infection","Locally acquired cases","Notification rate","N/100000","2019","RO","Romania",0.345103630,""
"West Nile virus infection","Locally acquired cases","Notification rate","N/100000","2019","RS","Serbia",0.387721350,""
"West Nile virus infection","Locally acquired cases","Notification rate","N/100000","2019","SE","Sweden",0.000000000,""
"West Nile virus infection","Locally acquired cases","Notification rate","N/100000","2019","SI","Slovenia",0.000000000,""
"West Nile virus infection","Locally acquired cases","Notification rate","N/100000","2019","SK","Slovakia",0.018347200,""
"West Nile virus infection","Locally acquired cases","Notification rate","N/100000","2019","TR","Türkiye",0.012194540,""
"West Nile virus infection","Locally acquired cases","Notification rate","N/100000","2019","UK","United Kingdom",0.000000000,""
"West Nile virus infection","Locally acquired cases","Notification rate","N/100000","2019","XK","Kosovo",0.000000000,""
"West Nile virus infection","Locally acquired cases","Notification rate","N/100000","2020","AL","Albania",0.000000000,""
"West Nile virus infection","Locally acquired cases","Notification rate","N/100000","2020","AT","Austria",0.000000000,""
"West Nile virus infection","Locally acquired cases","Notification rate","N/100000","2020","BE","Belgium",0.000000000,""
"West Nile virus infection","Locally acquired cases","Notification rate","N/100000","2020","BG","Bulgaria",0.015222370,""
"West Nile virus infection","Locally acquired cases","Notification rate","N/100000","2020","CY","Cyprus",0.000000000,""
"West Nile virus infection","Locally acquired cases","Notification rate","N/100000","2020","CZ","Czechia",0.000000000,""
"West Nile virus infection","Locally acquired cases","Notification rate","N/100000","2020","DE","Germany",0.026452890,""
"West Nile virus infection","Locally acquired cases","Notification rate","N/100000","2020","DK","Denmark",0.000000000,""
"West Nile virus infection","Locally acquired cases","Notification rate","N/100000","2020","EE","Estonia",0.000000000,""
"West Nile virus infection","Locally acquired cases","Notification rate","N/100000","2020","EL","Greece",1.343463420,""
"West Nile virus infection","Locally acquired cases","Notification rate","N/100000","2020","ES","Spain",0.162728590,""
"West Nile virus infection","Locally acquired cases","Notification rate","N/100000","2020","EU27_21","EU (without UK)",0.073820000,""
"West Nile virus infection","Locally acquired cases","Notification rate","N/100000","2020","EU27_UK_21","EU (with UK until 2019)",0.073820000,""
"West Nile virus infection","Locally acquired cases","Notification rate","N/100000","2020","EUEEA30_21","EU/EEA (without UK)",0.072886000,""
"West Nile virus infection","Locally acquired cases","Notification rate","N/100000","2020","EUEEAUK_21","EU/EEA (with UK until 2019)",0.072886000,""
"West Nile virus infection","Locally acquired cases","Notification rate","N/100000","2020","FI","Finland",0.000000000,""
"West Nile virus infection","Locally acquired cases","Notification rate","N/100000","2020","FR","France",0.000000000,""
"West Nile virus infection","Locally acquired cases","Notification rate","N/100000","2020","HR","Croatia",0.000000000,""
"West Nile virus infection","Locally acquired cases","Notification rate","N/100000","2020","HU","Hungary",0.030961740,""
"West Nile virus infection","Locally acquired cases","Notification rate","N/100000","2020","IE","Ireland",0.000000000,""
"West Nile virus infection","Locally acquired cases","Notification rate","N/100000","2020","IL","Israel",0.193174740,""
"West Nile virus infection","Locally acquired cases","Notification rate","N/100000","2020","IS","Iceland",0.000000000,""
"West Nile virus infection","Locally acquired cases","Notification rate","N/100000","2020","IT","Italy",0.115691270,""
"West Nile virus infection","Locally acquired cases","Notification rate","N/100000","2020","LT","Lithuania",0.000000000,""
"West Nile virus infection","Locally acquired cases","Notification rate","N/100000","2020","LU","Luxembourg",0.000000000,""
"West Nile virus infection","Locally acquired cases","Notification rate","N/100000","2020","LV","Latvia",0.000000000,""
"West Nile virus infection","Locally acquired cases","Notification rate","N/100000","2020","MK","North Macedonia",0.000000000,""
"West Nile virus infection","Locally acquired cases","Notification rate","N/100000","2020","MT","Malta",0.000000000,""
"West Nile virus infection","Locally acquired cases","Notification rate","N/100000","2020","NL","Netherlands",0.045956970,""
"West Nile virus infection","Locally acquired cases","Notification rate","N/100000","2020","NO","Norway",0.000000000,""
"West Nile virus infection","Locally acquired cases","Notification rate","N/100000","2020","PL","Poland",0.000000000,""
"West Nile virus infection","Locally acquired cases","Notification rate","N/100000","2020","PT","Portugal",0.000000000,""
"West Nile virus infection","Locally acquired cases","Notification rate","N/100000","2020","RO","Romania",0.031041700,""
"West Nile virus infection","Locally acquired cases","Notification rate","N/100000","2020","SE","Sweden",0.000000000,""
"West Nile virus infection","Locally acquired cases","Notification rate","N/100000","2020","SI","Slovenia",0.000000000,""
"West Nile virus infection","Locally acquired cases","Notification rate","N/100000","2020","SK","Slovakia",0.000000000,""
"West Nile virus infection","Locally acquired cases","Notification rate","N/100000","2020","TR","Türkiye",0.000000000,""
"West Nile virus infection","Locally acquired cases","Notification rate","N/100000","2020","XK","Kosovo",0.000000000,""
"West Nile virus infection","Locally acquired cases","Notification rate","N/100000","2021","AL","Albania",0.000000000,""
"West Nile virus infection","Locally acquired cases","Notification rate","N/100000","2021","AT","Austria",0.033584600,""
"West Nile virus infection","Locally acquired cases","Notification rate","N/100000","2021","BA","Bosnia and Herzegovina",0.000000000,""
"West Nile virus infection","Locally acquired cases","Notification rate","N/100000","2021","BE","Belgium",0.000000000,""
"West Nile virus infection","Locally acquired cases","Notification rate","N/100000","2021","BG","Bulgaria",0.000000000,""
"West Nile virus infection","Locally acquired cases","Notification rate","N/100000","2021","CY","Cyprus",0.000000000,""
"West Nile virus infection","Locally acquired cases","Notification rate","N/100000","2021","CZ","Czechia",0.000000000,""
"West Nile virus infection","Locally acquired cases","Notification rate","N/100000","2021","DE","Germany",0.004810290,""
"West Nile virus infection","Locally acquired cases","Notification rate","N/100000","2021","DK","Denmark",0.000000000,""
"West Nile virus infection","Locally acquired cases","Notification rate","N/100000","2021","EE","Estonia",0.000000000,""
"West Nile virus infection","Locally acquired cases","Notification rate","N/100000","2021","EL","Greece",0.552505220,""
"West Nile virus infection","Locally acquired cases","Notification rate","N/100000","2021","ES","Spain",0.012658010,""
"West Nile virus infection","Locally acquired cases","Notification rate","N/100000","2021","EU27_21","EU (without UK)",0.034090000,""
"West Nile virus infection","Locally acquired cases","Notification rate","N/100000","2021","EU27_UK_21","EU (with UK until 2019)",0.034090000,""
"West Nile virus infection","Locally acquired cases","Notification rate","N/100000","2021","EUEEA30_21","EU/EEA (without UK)",0.033652000,""
"West Nile virus infection","Locally acquired cases","Notification rate","N/100000","2021","EUEEAUK_21","EU/EEA (with UK until 2019)",0.033652000,""
"West Nile virus infection","Locally acquired cases","Notification rate","N/100000","2021","FI","Finland",0.000000000,""
"West Nile virus infection","Locally acquired cases","Notification rate","N/100000","2021","FR","France",0.001476480,""
"West Nile virus infection","Locally acquired cases","Notification rate","N/100000","2021","HR","Croatia",0.000000000,""
"West Nile virus infection","Locally acquired cases","Notification rate","N/100000","2021","HU","Hungary",0.072527870,""
"West Nile virus infection","Locally acquired cases","Notification rate","N/100000","2021","IE","Ireland",0.000000000,""
"West Nile virus infection","Locally acquired cases","Notification rate","N/100000","2021","IS","Iceland",0.000000000,""
"West Nile virus infection","Locally acquired cases","Notification rate","N/100000","2021","IT","Italy",0.109730170,""
"West Nile virus infection","Locally acquired cases","Notification rate","N/100000","2021","LI","Liechtenstein",0.000000000,""
"West Nile virus infection","Locally acquired cases","Notification rate","N/100000","2021","LT","Lithuania",0.000000000,""
"West Nile virus infection","Locally acquired cases","Notification rate","N/100000","2021","LU","Luxembourg",0.000000000,""
"West Nile virus infection","Locally acquired cases","Notification rate","N/100000","2021","LV","Latvia",0.000000000,""
"West Nile virus infection","Locally acquired cases","Notification rate","N/100000","2021","ME","Montenegro",0.000000000,""
"West Nile virus infection","Locally acquired cases","Notification rate","N/100000","2021","MK","North Macedonia",0.145011040,""
"West Nile virus infection","Locally acquired cases","Notification rate","N/100000","2021","MT","Malta",0.000000000,""
"West Nile virus infection","Locally acquired cases","Notification rate","N/100000","2021","NL","Netherlands",0.000000000,""
"West Nile virus infection","Locally acquired cases","Notification rate","N/100000","2021","NO","Norway",0.000000000,""
"West Nile virus infection","Locally acquired cases","Notification rate","N/100000","2021","PL","Poland",0.000000000,""
"West Nile virus infection","Locally acquired cases","Notification rate","N/100000","2021","PT","Portugal",0.000000000,""
"West Nile virus infection","Locally acquired cases","Notification rate","N/100000","2021","RO","Romania",0.036455170,""
"West Nile virus infection","Locally acquired cases","Notification rate","N/100000","2021","RS","Serbia",0.261949740,""
"West Nile virus infection","Locally acquired cases","Notification rate","N/100000","2021","SE","Sweden",0.000000000,""
"West Nile virus infection","Locally acquired cases","Notification rate","N/100000","2021","SI","Slovenia",0.000000000,""
"West Nile virus infection","Locally acquired cases","Notification rate","N/100000","2021","SK","Slovakia",0.000000000,""
"West Nile virus infection","Locally acquired cases","Notification rate","N/100000","2021","TR","Türkiye",0.000000000,""
"West Nile virus infection","Locally acquired cases","Notification rate","N/100000","2021","XK","Kosovo",0.000000000,""
"West Nile virus infection","Locally acquired cases","Notification rate","N/100000","2022","AL","Albania",0.000000000,""
"West Nile virus infection","Locally acquired cases","Notification rate","N/100000","2022","AT","Austria",0.066823110,""
"West Nile virus infection","Locally acquired cases","Notification rate","N/100000","2022","BA","Bosnia and Herzegovina",0.000000000,""
"West Nile virus infection","Locally acquired cases","Notification rate","N/100000","2022","BE","Belgium",0.000000000,""
"West Nile virus infection","Locally acquired cases","Notification rate","N/100000","2022","BG","Bulgaria",0.015426180,""
"West Nile virus infection","Locally acquired cases","Notification rate","N/100000","2022","CY","Cyprus",0.000000000,""
"West Nile virus infection","Locally acquired cases","Notification rate","N/100000","2022","CZ","Czechia",0.000000000,""
"West Nile virus infection","Locally acquired cases","Notification rate","N/100000","2022","DE","Germany",0.020423570,""
"West Nile virus infection","Locally acquired cases","Notification rate","N/100000","2022","DK","Denmark",0.000000000,""
"West Nile virus infection","Locally acquired cases","Notification rate","N/100000","2022","EE","Estonia",0.000000000,""
"West Nile virus infection","Locally acquired cases","Notification rate","N/100000","2022","EL","Greece",2.734282600,""
"West Nile virus infection","Locally acquired cases","Notification rate","N/100000","2022","ES","Spain",0.008423380,""
"West Nile virus infection","Locally acquired cases","Notification rate","N/100000","2022","EU27_21","EU (without UK)",0.250239000,""
"West Nile virus infection","Locally acquired cases","Notification rate","N/100000","2022","EU27_UK_21","EU (with UK until 2019)",0.250239000,""
"West Nile virus infection","Locally acquired cases","Notification rate","N/100000","2022","EUEEA30_21","EU/EEA (without UK)",0.247004000,""
"West Nile virus infection","Locally acquired cases","Notification rate","N/100000","2022","EUEEAUK_21","EU/EEA (with UK until 2019)",0.247004000,""
"West Nile virus infection","Locally acquired cases","Notification rate","N/100000","2022","FI","Finland",0.000000000,""
"West Nile virus infection","Locally acquired cases","Notification rate","N/100000","2022","FR","France",0.008811640,""
"West Nile virus infection","Locally acquired cases","Notification rate","N/100000","2022","HR","Croatia",0.129456370,""
"West Nile virus infection","Locally acquired cases","Notification rate","N/100000","2022","HU","Hungary",0.145675470,""
"West Nile virus infection","Locally acquired cases","Notification rate","N/100000","2022","IE","Ireland",0.000000000,""
"West Nile virus infection","Locally acquired cases","Notification rate","N/100000","2022","IS","Iceland",0.000000000,""
"West Nile virus infection","Locally acquired cases","Notification rate","N/100000","2022","IT","Italy",1.224798180,""
"West Nile virus infection","Locally acquired cases","Notification rate","N/100000","2022","LI","Liechtenstein",0.000000000,""
"West Nile virus infection","Locally acquired cases","Notification rate","N/100000","2022","LT","Lithuania",0.000000000,""
"West Nile virus infection","Locally acquired cases","Notification rate","N/100000","2022","LU","Luxembourg",0.000000000,""
"West Nile virus infection","Locally acquired cases","Notification rate","N/100000","2022","LV","Latvia",0.000000000,""
"West Nile virus infection","Locally acquired cases","Notification rate","N/100000","2022","ME","Montenegro",0.000000000,""
"West Nile virus infection","Locally acquired cases","Notification rate","N/100000","2022","MK","North Macedonia",0.054433200,""
"West Nile virus infection","Locally acquired cases","Notification rate","N/100000","2022","MT","Malta",0.000000000,""
"West Nile virus infection","Locally acquired cases","Notification rate","N/100000","2022","NL","Netherlands",0.000000000,""
"West Nile virus infection","Locally acquired cases","Notification rate","N/100000","2022","NO","Norway",0.000000000,""
"West Nile virus infection","Locally acquired cases","Notification rate","N/100000","2022","PL","Poland",0.000000000,""
"West Nile virus infection","Locally acquired cases","Notification rate","N/100000","2022","PT","Portugal",0.000000000,""
"West Nile virus infection","Locally acquired cases","Notification rate","N/100000","2022","RO","Romania",0.278325450,""
"West Nile virus infection","Locally acquired cases","Notification rate","N/100000","2022","RS","Serbia",3.619187870,""
"West Nile virus infection","Locally acquired cases","Notification rate","N/100000","2022","SE","Sweden",0.000000000,""
"West Nile virus infection","Locally acquired cases","Notification rate","N/100000","2022","SI","Slovenia",0.000000000,""
"West Nile virus infection","Locally acquired cases","Notification rate","N/100000","2022","SK","Slovakia",0.018400230,""
"West Nile virus infection","Locally acquired cases","Notification rate","N/100000","2022","TR","Türkiye",0.000000000,""
"West Nile virus infection","Locally acquired cases","Notification rate","N/100000","2022","XK","Kosovo",0.000000000,""
"West Nile virus infection","Locally acquired cases","Notification rate","N/100000","2023","AT","Austria",0.000000000,""
"West Nile virus infection","Locally acquired cases","Notification rate","N/100000","2023","BA","Bosnia and Herzegovina",0.000000000,""
"West Nile virus infection","Locally acquired cases","Notification rate","N/100000","2023","BE","Belgium",0.000000000,""
"West Nile virus infection","Locally acquired cases","Notification rate","N/100000","2023","BG","Bulgaria",0.000000000,""
"West Nile virus infection","Locally acquired cases","Notification rate","N/100000","2023","CY","Cyprus",0.632188510,""
"West Nile virus infection","Locally acquired cases","Notification rate","N/100000","2023","CZ","Czechia",0.000000000,""
"West Nile virus infection","Locally acquired cases","Notification rate","N/100000","2023","DE","Germany",0.008421710,""
"West Nile virus infection","Locally acquired cases","Notification rate","N/100000","2023","DK","Denmark",0.000000000,""
"West Nile virus infection","Locally acquired cases","Notification rate","N/100000","2023","EE","Estonia",0.000000000,""
"West Nile virus infection","Locally acquired cases","Notification rate","N/100000","2023","EL","Greece",1.555600920,""
"West Nile virus infection","Locally acquired cases","Notification rate","N/100000","2023","ES","Spain",0.043672330,""
"West Nile virus infection","Locally acquired cases","Notification rate","N/100000","2023","EU27_21","EU (without UK)",0.159483000,""
"West Nile virus infection","Locally acquired cases","Notification rate","N/100000","2023","EU27_UK_21","EU (with UK until 2019)",0.159483000,""
"West Nile virus infection","Locally acquired cases","Notification rate","N/100000","2023","EUEEA30_21","EU/EEA (without UK)",0.157403000,""
"West Nile virus infection","Locally acquired cases","Notification rate","N/100000","2023","EUEEAUK_21","EU/EEA (with UK until 2019)",0.157403000,""
"West Nile virus infection","Locally acquired cases","Notification rate","N/100000","2023","FI","Finland",0.000000000,""
"West Nile virus infection","Locally acquired cases","Notification rate","N/100000","2023","FR","France",0.062978550,""
"West Nile virus infection","Locally acquired cases","Notification rate","N/100000","2023","HR","Croatia",0.000000000,""
"West Nile virus infection","Locally acquired cases","Notification rate","N/100000","2023","HU","Hungary",0.312508330,""
"West Nile virus infection","Locally acquired cases","Notification rate","N/100000","2023","IE","Ireland",0.000000000,""
"West Nile virus infection","Locally acquired cases","Notification rate","N/100000","2023","IS","Iceland",0.000000000,""
"West Nile virus infection","Locally acquired cases","Notification rate","N/100000","2023","IT","Italy",0.577993520,""
"West Nile virus infection","Locally acquired cases","Notification rate","N/100000","2023","LI","Liechtenstein",0.000000000,""
"West Nile virus infection","Locally acquired cases","Notification rate","N/100000","2023","LT","Lithuania",0.000000000,""
"West Nile virus infection","Locally acquired cases","Notification rate","N/100000","2023","LU","Luxembourg",0.000000000,""
"West Nile virus infection","Locally acquired cases","Notification rate","N/100000","2023","LV","Latvia",0.000000000,""
"West Nile virus infection","Locally acquired cases","Notification rate","N/100000","2023","ME","Montenegro",0.000000000,""
"West Nile virus infection","Locally acquired cases","Notification rate","N/100000","2023","MK","North Macedonia",0.109292360,""
"West Nile virus infection","Locally acquired cases","Notification rate","N/100000","2023","MT","Malta",0.000000000,""
"West Nile virus infection","Locally acquired cases","Notification rate","N/100000","2023","NL","Netherlands",0.000000000,""
"West Nile virus infection","Locally acquired cases","Notification rate","N/100000","2023","NO","Norway",0.000000000,""
"West Nile virus infection","Locally acquired cases","Notification rate","N/100000","2023","PL","Poland",0.000000000,""
"West Nile virus infection","Locally acquired cases","Notification rate","N/100000","2023","PT","Portugal",0.000000000,""
"West Nile virus infection","Locally acquired cases","Notification rate","N/100000","2023","RO","Romania",0.545801450,""
"West Nile virus infection","Locally acquired cases","Notification rate","N/100000","2023","RS","Serbia",1.385292440,""
"West Nile virus infection","Locally acquired cases","Notification rate","N/100000","2023","SE","Sweden",0.000000000,""
"West Nile virus infection","Locally acquired cases","Notification rate","N/100000","2023","SI","Slovenia",0.000000000,""
"West Nile virus infection","Locally acquired cases","Notification rate","N/100000","2023","SK","Slovakia",0.000000000,""
"West Nile virus infection","Locally acquired cases","Notification rate","N/100000","2023","TR","Türkiye",0.000000000,""
"West Nile virus infection","Locally acquired cases","Notification rate","N/100000","2023","XK","Kosovo",0.000000000,""
"West Nile virus infection","Locally acquired cases","Notification rate","N/100000","2024","AL","Albania",3.729472060,""
"West Nile virus infection","Locally acquired cases","Notification rate","N/100000","2024","AT","Austria",0.371229690,""
"West Nile virus infection","Locally acquired cases","Notification rate","N/100000","2024","BE","Belgium",0.000000000,""
"West Nile virus infection","Locally acquired cases","Notification rate","N/100000","2024","BG","Bulgaria",0.294780170,""
"West Nile virus infection","Locally acquired cases","Notification rate","N/100000","2024","CY","Cyprus",0.206961130,""
"West Nile virus infection","Locally acquired cases","Notification rate","N/100000","2024","CZ","Czechia",0.018347680,""
"West Nile virus infection","Locally acquired cases","Notification rate","N/100000","2024","DE","Germany",0.075488830,""
"West Nile virus infection","Locally acquired cases","Notification rate","N/100000","2024","DK","Denmark",0.000000000,""
"West Nile virus infection","Locally acquired cases","Notification rate","N/100000","2024","EE","Estonia",0.000000000,""
"West Nile virus infection","Locally acquired cases","Notification rate","N/100000","2024","EL","Greece",2.105623450,""
"West Nile virus infection","Locally acquired cases","Notification rate","N/100000","2024","ES","Spain",0.327027960,""
"West Nile virus infection","Locally acquired cases","Notification rate","N/100000","2024","EU27_21","EU (without UK)",0.278651000,""
"West Nile virus infection","Locally acquired cases","Notification rate","N/100000","2024","EU27_UK_21","EU (with UK until 2019)",0.278651000,""
"West Nile virus infection","Locally acquired cases","Notification rate","N/100000","2024","EUEEA30_21","EU/EEA (without UK)",0.274995000,""
"West Nile virus infection","Locally acquired cases","Notification rate","N/100000","2024","EUEEAUK_21","EU/EEA (with UK until 2019)",0.274995000,""
"West Nile virus infection","Locally acquired cases","Notification rate","N/100000","2024","FI","Finland",0.000000000,""
"West Nile virus infection","Locally acquired cases","Notification rate","N/100000","2024","FR","France",0.056961440,""
"West Nile virus infection","Locally acquired cases","Notification rate","N/100000","2024","HR","Croatia",0.517870810,""
"West Nile virus infection","Locally acquired cases","Notification rate","N/100000","2024","HU","Hungary",1.158104530,""
"West Nile virus infection","Locally acquired cases","Notification rate","N/100000","2024","IE","Ireland",0.000000000,""
"West Nile virus infection","Locally acquired cases","Notification rate","N/100000","2024","IS","Iceland",0.000000000,""
"West Nile virus infection","Locally acquired cases","Notification rate","N/100000","2024","IT","Italy",0.802086030,""
"West Nile virus infection","Locally acquired cases","Notification rate","N/100000","2024","LI","Liechtenstein",0.000000000,""
"West Nile virus infection","Locally acquired cases","Notification rate","N/100000","2024","LT","Lithuania",0.000000000,""
"West Nile virus infection","Locally acquired cases","Notification rate","N/100000","2024","LU","Luxembourg",0.000000000,""
"West Nile virus infection","Locally acquired cases","Notification rate","N/100000","2024","LV","Latvia",0.000000000,""
"West Nile virus infection","Locally acquired cases","Notification rate","N/100000","2024","ME","Montenegro",0.000000000,""
"West Nile virus infection","Locally acquired cases","Notification rate","N/100000","2024","MK","North Macedonia",0.109292360,""
"West Nile virus infection","Locally acquired cases","Notification rate","N/100000","2024","MT","Malta",0.000000000,""
"West Nile virus infection","Locally acquired cases","Notification rate","N/100000","2024","NL","Netherlands",0.000000000,""
"West Nile virus infection","Locally acquired cases","Notification rate","N/100000","2024","NO","Norway",0.000000000,""
"West Nile virus infection","Locally acquired cases","Notification rate","N/100000","2024","PL","Poland",0.000000000,""
"West Nile virus infection","Locally acquired cases","Notification rate","N/100000","2024","PT","Portugal",0.000000000,""
"West Nile virus infection","Locally acquired cases","Notification rate","N/100000","2024","RO","Romania",0.524450510,""
"West Nile virus infection","Locally acquired cases","Notification rate","N/100000","2024","RS","Serbia",0.999217580,""
"West Nile virus infection","Locally acquired cases","Notification rate","N/100000","2024","SE","Sweden",0.000000000,""
"West Nile virus infection","Locally acquired cases","Notification rate","N/100000","2024","SI","Slovenia",0.235410540,""
"West Nile virus infection","Locally acquired cases","Notification rate","N/100000","2024","SK","Slovakia",0.110605450,""
"West Nile virus infection","Locally acquired cases","Notification rate","N/100000","2024","TR","Türkiye",0.105420510,""
"West Nile virus infection","Locally acquired cases","Notification rate","N/100000","2024","XK","Kosovo",0.225482820,""
"West Nile virus infection","Locally acquired cases","Reported cases","N","2008","AT","Austria",0.000000000,""
"West Nile virus infection","Locally acquired cases","Reported cases","N","2008","BE","Belgium",0.000000000,""
"West Nile virus infection","Locally acquired cases","Reported cases","N","2008","BG","Bulgaria",0.000000000,""
"West Nile virus infection","Locally acquired cases","Reported cases","N","2008","CY","Cyprus",0.000000000,""
"West Nile virus infection","Locally acquired cases","Reported cases","N","2008","CZ","Czechia",0.000000000,""
"West Nile virus infection","Locally acquired cases","Reported cases","N","2008","EE","Estonia",0.000000000,""
"West Nile virus infection","Locally acquired cases","Reported cases","N","2008","EL","Greece",0.000000000,""
"West Nile virus infection","Locally acquired cases","Reported cases","N","2008","ES","Spain",0.000000000,""
"West Nile virus infection","Locally acquired cases","Reported cases","N","2008","EU27_21","EU (without UK)",24.000000000,""
"West Nile virus infection","Locally acquired cases","Reported cases","N","2008","EU27_UK_21","EU (with UK until 2019)",24.000000000,""
"West Nile virus infection","Locally acquired cases","Reported cases","N","2008","EUEEA30_21","EU/EEA (without UK)",24.000000000,""
"West Nile virus infection","Locally acquired cases","Reported cases","N","2008","EUEEAUK_21","EU/EEA (with UK until 2019)",24.000000000,""
"West Nile virus infection","Locally acquired cases","Reported cases","N","2008","FI","Finland",0.000000000,""
"West Nile virus infection","Locally acquired cases","Reported cases","N","2008","FR","France",0.000000000,""
"West Nile virus infection","Locally acquired cases","Reported cases","N","2008","HU","Hungary",19.000000000,""
"West Nile virus infection","Locally acquired cases","Reported cases","N","2008","IE","Ireland",0.000000000,""
"West Nile virus infection","Locally acquired cases","Reported cases","N","2008","IT","Italy",3.000000000,""
"West Nile virus infection","Locally acquired cases","Reported cases","N","2008","LT","Lithuania",0.000000000,""
"West Nile virus infection","Locally acquired cases","Reported cases","N","2008","LU","Luxembourg",0.000000000,""
"West Nile virus infection","Locally acquired cases","Reported cases","N","2008","LV","Latvia",0.000000000,""
"West Nile virus infection","Locally acquired cases","Reported cases","N","2008","MT","Malta",0.000000000,""
"West Nile virus infection","Locally acquired cases","Reported cases","N","2008","NL","Netherlands",0.000000000,""
"West Nile virus infection","Locally acquired cases","Reported cases","N","2008","NO","Norway",0.000000000,""
"West Nile virus infection","Locally acquired cases","Reported cases","N","2008","PL","Poland",0.000000000,""
"West Nile virus infection","Locally acquired cases","Reported cases","N","2008","RO","Romania",2.000000000,""
"West Nile virus infection","Locally acquired cases","Reported cases","N","2008","SE","Sweden",0.000000000,""
"West Nile virus infection","Locally acquired cases","Reported cases","N","2008","SI","Slovenia",0.000000000,""
"West Nile virus infection","Locally acquired cases","Reported cases","N","2008","SK","Slovakia",0.000000000,""
"West Nile virus infection","Locally acquired cases","Reported cases","N","2008","UK","United Kingdom",0.000000000,""
"West Nile virus infection","Locally acquired cases","Reported cases","N","2009","AT","Austria",2.000000000,""
"West Nile virus infection","Locally acquired cases","Reported cases","N","2009","BE","Belgium",0.000000000,""
"West Nile virus infection","Locally acquired cases","Reported cases","N","2009","CY","Cyprus",0.000000000,""
"West Nile virus infection","Locally acquired cases","Reported cases","N","2009","CZ","Czechia",0.000000000,""
"West Nile virus infection","Locally acquired cases","Reported cases","N","2009","EE","Estonia",0.000000000,""
"West Nile virus infection","Locally acquired cases","Reported cases","N","2009","EL","Greece",0.000000000,""
"West Nile virus infection","Locally acquired cases","Reported cases","N","2009","ES","Spain",0.000000000,""
"West Nile virus infection","Locally acquired cases","Reported cases","N","2009","EU27_21","EU (without UK)",27.000000000,""
"West Nile virus infection","Locally acquired cases","Reported cases","N","2009","EU27_UK_21","EU (with UK until 2019)",27.000000000,""
"West Nile virus infection","Locally acquired cases","Reported cases","N","2009","EUEEA30_21","EU/EEA (without UK)",27.000000000,""
"West Nile virus infection","Locally acquired cases","Reported cases","N","2009","EUEEAUK_21","EU/EEA (with UK until 2019)",27.000000000,""
"West Nile virus infection","Locally acquired cases","Reported cases","N","2009","FI","Finland",0.000000000,""
"West Nile virus infection","Locally acquired cases","Reported cases","N","2009","FR","France",0.000000000,""
"West Nile virus infection","Locally acquired cases","Reported cases","N","2009","HU","Hungary",7.000000000,""
"West Nile virus infection","Locally acquired cases","Reported cases","N","2009","IE","Ireland",0.000000000,""
"West Nile virus infection","Locally acquired cases","Reported cases","N","2009","IT","Italy",16.000000000,""
"West Nile virus infection","Locally acquired cases","Reported cases","N","2009","LT","Lithuania",0.000000000,""
"West Nile virus infection","Locally acquired cases","Reported cases","N","2009","LU","Luxembourg",0.000000000,""
"West Nile virus infection","Locally acquired cases","Reported cases","N","2009","LV","Latvia",0.000000000,""
"West Nile virus infection","Locally acquired cases","Reported cases","N","2009","MT","Malta",0.000000000,""
"West Nile virus infection","Locally acquired cases","Reported cases","N","2009","NL","Netherlands",0.000000000,""
"West Nile virus infection","Locally acquired cases","Reported cases","N","2009","NO","Norway",0.000000000,""
"West Nile virus infection","Locally acquired cases","Reported cases","N","2009","PL","Poland",0.000000000,""
"West Nile virus infection","Locally acquired cases","Reported cases","N","2009","RO","Romania",2.000000000,""
"West Nile virus infection","Locally acquired cases","Reported cases","N","2009","SE","Sweden",0.000000000,""
"West Nile virus infection","Locally acquired cases","Reported cases","N","2009","SI","Slovenia",0.000000000,""
"West Nile virus infection","Locally acquired cases","Reported cases","N","2009","SK","Slovakia",0.000000000,""
"West Nile virus infection","Locally acquired cases","Reported cases","N","2009","UK","United Kingdom",0.000000000,""
"West Nile virus infection","Locally acquired cases","Reported cases","N","2010","AT","Austria",1.000000000,""
"West Nile virus infection","Locally acquired cases","Reported cases","N","2010","BE","Belgium",0.000000000,""
"West Nile virus infection","Locally acquired cases","Reported cases","N","2010","CY","Cyprus",0.000000000,""
"West Nile virus infection","Locally acquired cases","Reported cases","N","2010","CZ","Czechia",0.000000000,""
"West Nile virus infection","Locally acquired cases","Reported cases","N","2010","DK","Denmark",0.000000000,""
"West Nile virus infection","Locally acquired cases","Reported cases","N","2010","EE","Estonia",0.000000000,""
"West Nile virus infection","Locally acquired cases","Reported cases","N","2010","EL","Greece",262.000000000,""
"West Nile virus infection","Locally acquired cases","Reported cases","N","2010","ES","Spain",2.000000000,""
"West Nile virus infection","Locally acquired cases","Reported cases","N","2010","EU27_21","EU (without UK)",347.000000000,""
"West Nile virus infection","Locally acquired cases","Reported cases","N","2010","EU27_UK_21","EU (with UK until 2019)",347.000000000,""
"West Nile virus infection","Locally acquired cases","Reported cases","N","2010","EUEEA30_21","EU/EEA (without UK)",347.000000000,""
"West Nile virus infection","Locally acquired cases","Reported cases","N","2010","EUEEAUK_21","EU/EEA (with UK until 2019)",347.000000000,""
"West Nile virus infection","Locally acquired cases","Reported cases","N","2010","FI","Finland",0.000000000,""
"West Nile virus infection","Locally acquired cases","Reported cases","N","2010","FR","France",0.000000000,""
"West Nile virus infection","Locally acquired cases","Reported cases","N","2010","HU","Hungary",18.000000000,""
"West Nile virus infection","Locally acquired cases","Reported cases","N","2010","IE","Ireland",0.000000000,""
"West Nile virus infection","Locally acquired cases","Reported cases","N","2010","IL","Israel",0.000000000,""
"West Nile virus infection","Locally acquired cases","Reported cases","N","2010","IT","Italy",7.000000000,""
"West Nile virus infection","Locally acquired cases","Reported cases","N","2010","LT","Lithuania",0.000000000,""
"West Nile virus infection","Locally acquired cases","Reported cases","N","2010","LU","Luxembourg",0.000000000,""
"West Nile virus infection","Locally acquired cases","Reported cases","N","2010","LV","Latvia",0.000000000,""
"West Nile virus infection","Locally acquired cases","Reported cases","N","2010","MT","Malta",0.000000000,""
"West Nile virus infection","Locally acquired cases","Reported cases","N","2010","NL","Netherlands",0.000000000,""
"West Nile virus infection","Locally acquired cases","Reported cases","N","2010","NO","Norway",0.000000000,""
"West Nile virus infection","Locally acquired cases","Reported cases","N","2010","PL","Poland",0.000000000,""
"West Nile virus infection","Locally acquired cases","Reported cases","N","2010","RO","Romania",57.000000000,""
"West Nile virus infection","Locally acquired cases","Reported cases","N","2010","RU","Russia",0.000000000,""
"West Nile virus infection","Locally acquired cases","Reported cases","N","2010","SE","Sweden",0.000000000,""
"West Nile virus infection","Locally acquired cases","Reported cases","N","2010","SI","Slovenia",0.000000000,""
"West Nile virus infection","Locally acquired cases","Reported cases","N","2010","SK","Slovakia",0.000000000,""
"West Nile virus infection","Locally acquired cases","Reported cases","N","2010","TR","Türkiye",47.000000000,""
"West Nile virus infection","Locally acquired cases","Reported cases","N","2010","UK","United Kingdom",0.000000000,""
"West Nile virus infection","Locally acquired cases","Reported cases","N","2011","AL","Albania",15.000000000,""
"West Nile virus infection","Locally acquired cases","Reported cases","N","2011","AT","Austria",0.000000000,""
"West Nile virus infection","Locally acquired cases","Reported cases","N","2011","BE","Belgium",0.000000000,""
"West Nile virus infection","Locally acquired cases","Reported cases","N","2011","CY","Cyprus",0.000000000,""
"West Nile virus infection","Locally acquired cases","Reported cases","N","2011","CZ","Czechia",0.000000000,""
"West Nile virus infection","Locally acquired cases","Reported cases","N","2011","DK","Denmark",0.000000000,""
"West Nile virus infection","Locally acquired cases","Reported cases","N","2011","EE","Estonia",0.000000000,""
"West Nile virus infection","Locally acquired cases","Reported cases","N","2011","EL","Greece",99.000000000,""
"West Nile virus infection","Locally acquired cases","Reported cases","N","2011","ES","Spain",0.000000000,""
"West Nile virus infection","Locally acquired cases","Reported cases","N","2011","EU27_21","EU (without UK)",146.000000000,""
"West Nile virus infection","Locally acquired cases","Reported cases","N","2011","EU27_UK_21","EU (with UK until 2019)",146.000000000,""
"West Nile virus infection","Locally acquired cases","Reported cases","N","2011","EUEEA30_21","EU/EEA (without UK)",146.000000000,""
"West Nile virus infection","Locally acquired cases","Reported cases","N","2011","EUEEAUK_21","EU/EEA (with UK until 2019)",146.000000000,""
"West Nile virus infection","Locally acquired cases","Reported cases","N","2011","FI","Finland",0.000000000,""
"West Nile virus infection","Locally acquired cases","Reported cases","N","2011","FR","France",0.000000000,""
"West Nile virus infection","Locally acquired cases","Reported cases","N","2011","HU","Hungary",4.000000000,""
"West Nile virus infection","Locally acquired cases","Reported cases","N","2011","IE","Ireland",0.000000000,""
"West Nile virus infection","Locally acquired cases","Reported cases","N","2011","IL","Israel",0.000000000,""
"West Nile virus infection","Locally acquired cases","Reported cases","N","2011","IT","Italy",32.000000000,""
"West Nile virus infection","Locally acquired cases","Reported cases","N","2011","LT","Lithuania",0.000000000,""
"West Nile virus infection","Locally acquired cases","Reported cases","N","2011","LU","Luxembourg",0.000000000,""
"West Nile virus infection","Locally acquired cases","Reported cases","N","2011","LV","Latvia",0.000000000,""
"West Nile virus infection","Locally acquired cases","Reported cases","N","2011","MK","North Macedonia",0.000000000,""
"West Nile virus infection","Locally acquired cases","Reported cases","N","2011","MT","Malta",0.000000000,""
"West Nile virus infection","Locally acquired cases","Reported cases","N","2011","NL","Netherlands",0.000000000,""
"West Nile virus infection","Locally acquired cases","Reported cases","N","2011","NO","Norway",0.000000000,""
"West Nile virus infection","Locally acquired cases","Reported cases","N","2011","PL","Poland",0.000000000,""
"West Nile virus infection","Locally acquired cases","Reported cases","N","2011","RO","Romania",11.000000000,""
"West Nile virus infection","Locally acquired cases","Reported cases","N","2011","RU","Russia",0.000000000,""
"West Nile virus infection","Locally acquired cases","Reported cases","N","2011","SE","Sweden",0.000000000,""
"West Nile virus infection","Locally acquired cases","Reported cases","N","2011","SI","Slovenia",0.000000000,""
"West Nile virus infection","Locally acquired cases","Reported cases","N","2011","SK","Slovakia",0.000000000,""
"West Nile virus infection","Locally acquired cases","Reported cases","N","2011","TN","Tunisia",0.000000000,""
"West Nile virus infection","Locally acquired cases","Reported cases","N","2011","TR","Türkiye",5.000000000,""
"West Nile virus infection","Locally acquired cases","Reported cases","N","2011","UA","Ukraine",0.000000000,""
"West Nile virus infection","Locally acquired cases","Reported cases","N","2011","UK","United Kingdom",0.000000000,""
"West Nile virus infection","Locally acquired cases","Reported cases","N","2012","AL","Albania",0.000000000,""
"West Nile virus infection","Locally acquired cases","Reported cases","N","2012","AT","Austria",0.000000000,""
"West Nile virus infection","Locally acquired cases","Reported cases","N","2012","BE","Belgium",0.000000000,""
"West Nile virus infection","Locally acquired cases","Reported cases","N","2012","BG","Bulgaria",2.000000000,""
"West Nile virus infection","Locally acquired cases","Reported cases","N","2012","CY","Cyprus",0.000000000,""
"West Nile virus infection","Locally acquired cases","Reported cases","N","2012","CZ","Czechia",0.000000000,""
"West Nile virus infection","Locally acquired cases","Reported cases","N","2012","DK","Denmark",0.000000000,""
"West Nile virus infection","Locally acquired cases","Reported cases","N","2012","DZ","Algeria",0.000000000,""
"West Nile virus infection","Locally acquired cases","Reported cases","N","2012","EE","Estonia",0.000000000,""
"West Nile virus infection","Locally acquired cases","Reported cases","N","2012","EL","Greece",161.000000000,""
"West Nile virus infection","Locally acquired cases","Reported cases","N","2012","ES","Spain",0.000000000,""
"West Nile virus infection","Locally acquired cases","Reported cases","N","2012","EU27_21","EU (without UK)",274.000000000,""
"West Nile virus infection","Locally acquired cases","Reported cases","N","2012","EU27_UK_21","EU (with UK until 2019)",274.000000000,""
"West Nile virus infection","Locally acquired cases","Reported cases","N","2012","EUEEA30_21","EU/EEA (without UK)",274.000000000,""
"West Nile virus infection","Locally acquired cases","Reported cases","N","2012","EUEEAUK_21","EU/EEA (with UK until 2019)",274.000000000,""
"West Nile virus infection","Locally acquired cases","Reported cases","N","2012","FI","Finland",0.000000000,""
"West Nile virus infection","Locally acquired cases","Reported cases","N","2012","FR","France",0.000000000,""
"West Nile virus infection","Locally acquired cases","Reported cases","N","2012","HR","Croatia",6.000000000,""
"West Nile virus infection","Locally acquired cases","Reported cases","N","2012","HU","Hungary",17.000000000,""
"West Nile virus infection","Locally acquired cases","Reported cases","N","2012","IE","Ireland",0.000000000,""
"West Nile virus infection","Locally acquired cases","Reported cases","N","2012","IL","Israel",0.000000000,""
"West Nile virus infection","Locally acquired cases","Reported cases","N","2012","IT","Italy",73.000000000,""
"West Nile virus infection","Locally acquired cases","Reported cases","N","2012","LT","Lithuania",0.000000000,""
"West Nile virus infection","Locally acquired cases","Reported cases","N","2012","LU","Luxembourg",0.000000000,""
"West Nile virus infection","Locally acquired cases","Reported cases","N","2012","LV","Latvia",0.000000000,""
"West Nile virus infection","Locally acquired cases","Reported cases","N","2012","ME","Montenegro",1.000000000,""
"West Nile virus infection","Locally acquired cases","Reported cases","N","2012","MK","North Macedonia",0.000000000,""
"West Nile virus infection","Locally acquired cases","Reported cases","N","2012","MT","Malta",0.000000000,""
"West Nile virus infection","Locally acquired cases","Reported cases","N","2012","NL","Netherlands",0.000000000,""
"West Nile virus infection","Locally acquired cases","Reported cases","N","2012","NO","Norway",0.000000000,""
"West Nile virus infection","Locally acquired cases","Reported cases","N","2012","PL","Poland",0.000000000,""
"West Nile virus infection","Locally acquired cases","Reported cases","N","2012","PS","Palestine",0.000000000,""
"West Nile virus infection","Locally acquired cases","Reported cases","N","2012","RO","Romania",15.000000000,""
"West Nile virus infection","Locally acquired cases","Reported cases","N","2012","RS","Serbia",0.000000000,""
"West Nile virus infection","Locally acquired cases","Reported cases","N","2012","RU","Russia",0.000000000,""
"West Nile virus infection","Locally acquired cases","Reported cases","N","2012","SE","Sweden",0.000000000,""
"West Nile virus infection","Locally acquired cases","Reported cases","N","2012","SI","Slovenia",0.000000000,""
"West Nile virus infection","Locally acquired cases","Reported cases","N","2012","SK","Slovakia",0.000000000,""
"West Nile virus infection","Locally acquired cases","Reported cases","N","2012","TN","Tunisia",0.000000000,""
"West Nile virus infection","Locally acquired cases","Reported cases","N","2012","UA","Ukraine",0.000000000,""
"West Nile virus infection","Locally acquired cases","Reported cases","N","2012","UK","United Kingdom",0.000000000,""
"West Nile virus infection","Locally acquired cases","Reported cases","N","2012","XK","Kosovo",7.000000000,""
"West Nile virus infection","Locally acquired cases","Reported cases","N","2013","AL","Albania",0.000000000,""
"West Nile virus infection","Locally acquired cases","Reported cases","N","2013","AT","Austria",0.000000000,""
"West Nile virus infection","Locally acquired cases","Reported cases","N","2013","BA","Bosnia and Herzegovina",0.000000000,""
"West Nile virus infection","Locally acquired cases","Reported cases","N","2013","BE","Belgium",0.000000000,""
"West Nile virus infection","Locally acquired cases","Reported cases","N","2013","BG","Bulgaria",0.000000000,""
"West Nile virus infection","Locally acquired cases","Reported cases","N","2013","CY","Cyprus",0.000000000,""
"West Nile virus infection","Locally acquired cases","Reported cases","N","2013","CZ","Czechia",1.000000000,""
"West Nile virus infection","Locally acquired cases","Reported cases","N","2013","DK","Denmark",0.000000000,""
"West Nile virus infection","Locally acquired cases","Reported cases","N","2013","EE","Estonia",0.000000000,""
"West Nile virus infection","Locally acquired cases","Reported cases","N","2013","EL","Greece",86.000000000,""
"West Nile virus infection","Locally acquired cases","Reported cases","N","2013","ES","Spain",0.000000000,""
"West Nile virus infection","Locally acquired cases","Reported cases","N","2013","EU27_21","EU (without UK)",293.000000000,""
"West Nile virus infection","Locally acquired cases","Reported cases","N","2013","EU27_UK_21","EU (with UK until 2019)",293.000000000,""
"West Nile virus infection","Locally acquired cases","Reported cases","N","2013","EUEEA30_21","EU/EEA (without UK)",293.000000000,""
"West Nile virus infection","Locally acquired cases","Reported cases","N","2013","EUEEAUK_21","EU/EEA (with UK until 2019)",293.000000000,""
"West Nile virus infection","Locally acquired cases","Reported cases","N","2013","FI","Finland",0.000000000,""
"West Nile virus infection","Locally acquired cases","Reported cases","N","2013","FR","France",0.000000000,""
"West Nile virus infection","Locally acquired cases","Reported cases","N","2013","HR","Croatia",20.000000000,""
"West Nile virus infection","Locally acquired cases","Reported cases","N","2013","HU","Hungary",35.000000000,""
"West Nile virus infection","Locally acquired cases","Reported cases","N","2013","IE","Ireland",0.000000000,""
"West Nile virus infection","Locally acquired cases","Reported cases","N","2013","IL","Israel",0.000000000,""
"West Nile virus infection","Locally acquired cases","Reported cases","N","2013","IT","Italy",126.000000000,""
"West Nile virus infection","Locally acquired cases","Reported cases","N","2013","LT","Lithuania",0.000000000,""
"West Nile virus infection","Locally acquired cases","Reported cases","N","2013","LU","Luxembourg",0.000000000,""
"West Nile virus infection","Locally acquired cases","Reported cases","N","2013","LV","Latvia",0.000000000,""
"West Nile virus infection","Locally acquired cases","Reported cases","N","2013","ME","Montenegro",3.000000000,""
"West Nile virus infection","Locally acquired cases","Reported cases","N","2013","MK","North Macedonia",0.000000000,""
"West Nile virus infection","Locally acquired cases","Reported cases","N","2013","MT","Malta",0.000000000,""
"West Nile virus infection","Locally acquired cases","Reported cases","N","2013","NL","Netherlands",0.000000000,""
"West Nile virus infection","Locally acquired cases","Reported cases","N","2013","NO","Norway",0.000000000,""
"West Nile virus infection","Locally acquired cases","Reported cases","N","2013","PL","Poland",0.000000000,""
"West Nile virus infection","Locally acquired cases","Reported cases","N","2013","RO","Romania",24.000000000,""
"West Nile virus infection","Locally acquired cases","Reported cases","N","2013","RS","Serbia",0.000000000,""
"West Nile virus infection","Locally acquired cases","Reported cases","N","2013","RU","Russia",0.000000000,""
"West Nile virus infection","Locally acquired cases","Reported cases","N","2013","SE","Sweden",0.000000000,""
"West Nile virus infection","Locally acquired cases","Reported cases","N","2013","SI","Slovenia",1.000000000,""
"West Nile virus infection","Locally acquired cases","Reported cases","N","2013","SK","Slovakia",0.000000000,""
"West Nile virus infection","Locally acquired cases","Reported cases","N","2013","TN","Tunisia",0.000000000,""
"West Nile virus infection","Locally acquired cases","Reported cases","N","2013","UA","Ukraine",0.000000000,""
"West Nile virus infection","Locally acquired cases","Reported cases","N","2013","UK","United Kingdom",0.000000000,""
"West Nile virus infection","Locally acquired cases","Reported cases","N","2013","XK","Kosovo",3.000000000,""
"West Nile virus infection","Locally acquired cases","Reported cases","N","2014","AL","Albania",0.000000000,""
"West Nile virus infection","Locally acquired cases","Reported cases","N","2014","AT","Austria",2.000000000,""
"West Nile virus infection","Locally acquired cases","Reported cases","N","2014","BA","Bosnia and Herzegovina",13.000000000,""
"West Nile virus infection","Locally acquired cases","Reported cases","N","2014","BE","Belgium",0.000000000,""
"West Nile virus infection","Locally acquired cases","Reported cases","N","2014","BG","Bulgaria",0.000000000,""
"West Nile virus infection","Locally acquired cases","Reported cases","N","2014","CY","Cyprus",0.000000000,""
"West Nile virus infection","Locally acquired cases","Reported cases","N","2014","CZ","Czechia",0.000000000,""
"West Nile virus infection","Locally acquired cases","Reported cases","N","2014","DK","Denmark",0.000000000,""
"West Nile virus infection","Locally acquired cases","Reported cases","N","2014","EE","Estonia",0.000000000,""
"West Nile virus infection","Locally acquired cases","Reported cases","N","2014","EL","Greece",15.000000000,""
"West Nile virus infection","Locally acquired cases","Reported cases","N","2014","ES","Spain",0.000000000,""
"West Nile virus infection","Locally acquired cases","Reported cases","N","2014","EU27_21","EU (without UK)",75.000000000,""
"West Nile virus infection","Locally acquired cases","Reported cases","N","2014","EU27_UK_21","EU (with UK until 2019)",75.000000000,""
"West Nile virus infection","Locally acquired cases","Reported cases","N","2014","EUEEA30_21","EU/EEA (without UK)",75.000000000,""
"West Nile virus infection","Locally acquired cases","Reported cases","N","2014","EUEEAUK_21","EU/EEA (with UK until 2019)",75.000000000,""
"West Nile virus infection","Locally acquired cases","Reported cases","N","2014","FI","Finland",0.000000000,""
"West Nile virus infection","Locally acquired cases","Reported cases","N","2014","FR","France",0.000000000,""
"West Nile virus infection","Locally acquired cases","Reported cases","N","2014","HR","Croatia",1.000000000,""
"West Nile virus infection","Locally acquired cases","Reported cases","N","2014","HU","Hungary",10.000000000,""
"West Nile virus infection","Locally acquired cases","Reported cases","N","2014","IE","Ireland",0.000000000,""
"West Nile virus infection","Locally acquired cases","Reported cases","N","2014","IL","Israel",18.000000000,""
"West Nile virus infection","Locally acquired cases","Reported cases","N","2014","IT","Italy",24.000000000,""
"West Nile virus infection","Locally acquired cases","Reported cases","N","2014","LT","Lithuania",0.000000000,""
"West Nile virus infection","Locally acquired cases","Reported cases","N","2014","LU","Luxembourg",0.000000000,""
"West Nile virus infection","Locally acquired cases","Reported cases","N","2014","LV","Latvia",0.000000000,""
"West Nile virus infection","Locally acquired cases","Reported cases","N","2014","ME","Montenegro",0.000000000,""
"West Nile virus infection","Locally acquired cases","Reported cases","N","2014","MK","North Macedonia",0.000000000,""
"West Nile virus infection","Locally acquired cases","Reported cases","N","2014","MT","Malta",0.000000000,""
"West Nile virus infection","Locally acquired cases","Reported cases","N","2014","NL","Netherlands",0.000000000,""
"West Nile virus infection","Locally acquired cases","Reported cases","N","2014","NO","Norway",0.000000000,""
"West Nile virus infection","Locally acquired cases","Reported cases","N","2014","PL","Poland",0.000000000,""
"West Nile virus infection","Locally acquired cases","Reported cases","N","2014","PS","Palestine",1.000000000,""
"West Nile virus infection","Locally acquired cases","Reported cases","N","2014","RO","Romania",23.000000000,""
"West Nile virus infection","Locally acquired cases","Reported cases","N","2014","RS","Serbia",77.000000000,""
"West Nile virus infection","Locally acquired cases","Reported cases","N","2014","RU","Russia",29.000000000,""
"West Nile virus infection","Locally acquired cases","Reported cases","N","2014","SE","Sweden",0.000000000,""
"West Nile virus infection","Locally acquired cases","Reported cases","N","2014","SI","Slovenia",0.000000000,""
"West Nile virus infection","Locally acquired cases","Reported cases","N","2014","SK","Slovakia",0.000000000,""
"West Nile virus infection","Locally acquired cases","Reported cases","N","2014","UK","United Kingdom",0.000000000,""
"West Nile virus infection","Locally acquired cases","Reported cases","N","2014","XK","Kosovo",1.000000000,""
"West Nile virus infection","Locally acquired cases","Reported cases","N","2015","AL","Albania",0.000000000,""
"West Nile virus infection","Locally acquired cases","Reported cases","N","2015","AT","Austria",6.000000000,""
"West Nile virus infection","Locally acquired cases","Reported cases","N","2015","BE","Belgium",0.000000000,""
"West Nile virus infection","Locally acquired cases","Reported cases","N","2015","BG","Bulgaria",2.000000000,""
"West Nile virus infection","Locally acquired cases","Reported cases","N","2015","CY","Cyprus",0.000000000,""
"West Nile virus infection","Locally acquired cases","Reported cases","N","2015","CZ","Czechia",0.000000000,""
"West Nile virus infection","Locally acquired cases","Reported cases","N","2015","DK","Denmark",0.000000000,""
"West Nile virus infection","Locally acquired cases","Reported cases","N","2015","EE","Estonia",0.000000000,""
"West Nile virus infection","Locally acquired cases","Reported cases","N","2015","EL","Greece",0.000000000,""
"West Nile virus infection","Locally acquired cases","Reported cases","N","2015","ES","Spain",0.000000000,""
"West Nile virus infection","Locally acquired cases","Reported cases","N","2015","EU27_21","EU (without UK)",122.000000000,""
"West Nile virus infection","Locally acquired cases","Reported cases","N","2015","EU27_UK_21","EU (with UK until 2019)",122.000000000,""
"West Nile virus infection","Locally acquired cases","Reported cases","N","2015","EUEEA30_21","EU/EEA (without UK)",122.000000000,""
"West Nile virus infection","Locally acquired cases","Reported cases","N","2015","EUEEAUK_21","EU/EEA (with UK until 2019)",122.000000000,""
"West Nile virus infection","Locally acquired cases","Reported cases","N","2015","FI","Finland",0.000000000,""
"West Nile virus infection","Locally acquired cases","Reported cases","N","2015","FR","France",1.000000000,""
"West Nile virus infection","Locally acquired cases","Reported cases","N","2015","HR","Croatia",1.000000000,""
"West Nile virus infection","Locally acquired cases","Reported cases","N","2015","HU","Hungary",18.000000000,""
"West Nile virus infection","Locally acquired cases","Reported cases","N","2015","IE","Ireland",0.000000000,""
"West Nile virus infection","Locally acquired cases","Reported cases","N","2015","IL","Israel",125.000000000,""
"West Nile virus infection","Locally acquired cases","Reported cases","N","2015","IT","Italy",61.000000000,""
"West Nile virus infection","Locally acquired cases","Reported cases","N","2015","LT","Lithuania",0.000000000,""
"West Nile virus infection","Locally acquired cases","Reported cases","N","2015","LU","Luxembourg",0.000000000,""
"West Nile virus infection","Locally acquired cases","Reported cases","N","2015","LV","Latvia",0.000000000,""
"West Nile virus infection","Locally acquired cases","Reported cases","N","2015","ME","Montenegro",0.000000000,""
"West Nile virus infection","Locally acquired cases","Reported cases","N","2015","MK","North Macedonia",0.000000000,""
"West Nile virus infection","Locally acquired cases","Reported cases","N","2015","MT","Malta",0.000000000,""
"West Nile virus infection","Locally acquired cases","Reported cases","N","2015","NL","Netherlands",0.000000000,""
"West Nile virus infection","Locally acquired cases","Reported cases","N","2015","NO","Norway",0.000000000,""
"West Nile virus infection","Locally acquired cases","Reported cases","N","2015","PL","Poland",0.000000000,""
"West Nile virus infection","Locally acquired cases","Reported cases","N","2015","PS","Palestine",1.000000000,""
"West Nile virus infection","Locally acquired cases","Reported cases","N","2015","PT","Portugal",1.000000000,""
"West Nile virus infection","Locally acquired cases","Reported cases","N","2015","RO","Romania",32.000000000,""
"West Nile virus infection","Locally acquired cases","Reported cases","N","2015","RS","Serbia",28.000000000,""
"West Nile virus infection","Locally acquired cases","Reported cases","N","2015","RU","Russia",39.000000000,""
"West Nile virus infection","Locally acquired cases","Reported cases","N","2015","SE","Sweden",0.000000000,""
"West Nile virus infection","Locally acquired cases","Reported cases","N","2015","SI","Slovenia",0.000000000,""
"West Nile virus infection","Locally acquired cases","Reported cases","N","2015","SK","Slovakia",0.000000000,""
"West Nile virus infection","Locally acquired cases","Reported cases","N","2015","UK","United Kingdom",0.000000000,""
"West Nile virus infection","Locally acquired cases","Reported cases","N","2015","XK","Kosovo",1.000000000,""
"West Nile virus infection","Locally acquired cases","Reported cases","N","2016","AL","Albania",0.000000000,""
"West Nile virus infection","Locally acquired cases","Reported cases","N","2016","AT","Austria",5.000000000,""
"West Nile virus infection","Locally acquired cases","Reported cases","N","2016","BE","Belgium",0.000000000,""
"West Nile virus infection","Locally acquired cases","Reported cases","N","2016","BG","Bulgaria",2.000000000,""
"West Nile virus infection","Locally acquired cases","Reported cases","N","2016","CY","Cyprus",1.000000000,""
"West Nile virus infection","Locally acquired cases","Reported cases","N","2016","CZ","Czechia",0.000000000,""
"West Nile virus infection","Locally acquired cases","Reported cases","N","2016","DK","Denmark",0.000000000,""
"West Nile virus infection","Locally acquired cases","Reported cases","N","2016","EE","Estonia",0.000000000,""
"West Nile virus infection","Locally acquired cases","Reported cases","N","2016","EG","Egypt",1.000000000,""
"West Nile virus infection","Locally acquired cases","Reported cases","N","2016","EL","Greece",0.000000000,""
"West Nile virus infection","Locally acquired cases","Reported cases","N","2016","ES","Spain",3.000000000,""
"West Nile virus infection","Locally acquired cases","Reported cases","N","2016","EU27_21","EU (without UK)",226.000000000,""
"West Nile virus infection","Locally acquired cases","Reported cases","N","2016","EU27_UK_21","EU (with UK until 2019)",226.000000000,""
"West Nile virus infection","Locally acquired cases","Reported cases","N","2016","EUEEA30_21","EU/EEA (without UK)",226.000000000,""
"West Nile virus infection","Locally acquired cases","Reported cases","N","2016","EUEEAUK_21","EU/EEA (with UK until 2019)",226.000000000,""
"West Nile virus infection","Locally acquired cases","Reported cases","N","2016","FI","Finland",0.000000000,""
"West Nile virus infection","Locally acquired cases","Reported cases","N","2016","FR","France",0.000000000,""
"West Nile virus infection","Locally acquired cases","Reported cases","N","2016","HR","Croatia",2.000000000,""
"West Nile virus infection","Locally acquired cases","Reported cases","N","2016","HU","Hungary",44.000000000,""
"West Nile virus infection","Locally acquired cases","Reported cases","N","2016","IE","Ireland",0.000000000,""
"West Nile virus infection","Locally acquired cases","Reported cases","N","2016","IL","Israel",84.000000000,""
"West Nile virus infection","Locally acquired cases","Reported cases","N","2016","IT","Italy",76.000000000,""
"West Nile virus infection","Locally acquired cases","Reported cases","N","2016","LT","Lithuania",0.000000000,""
"West Nile virus infection","Locally acquired cases","Reported cases","N","2016","LU","Luxembourg",0.000000000,""
"West Nile virus infection","Locally acquired cases","Reported cases","N","2016","LV","Latvia",0.000000000,""
"West Nile virus infection","Locally acquired cases","Reported cases","N","2016","ME","Montenegro",0.000000000,""
"West Nile virus infection","Locally acquired cases","Reported cases","N","2016","MK","North Macedonia",0.000000000,""
"West Nile virus infection","Locally acquired cases","Reported cases","N","2016","MT","Malta",0.000000000,""
"West Nile virus infection","Locally acquired cases","Reported cases","N","2016","NL","Netherlands",0.000000000,""
"West Nile virus infection","Locally acquired cases","Reported cases","N","2016","NO","Norway",0.000000000,""
"West Nile virus infection","Locally acquired cases","Reported cases","N","2016","PL","Poland",0.000000000,""
"West Nile virus infection","Locally acquired cases","Reported cases","N","2016","PT","Portugal",0.000000000,""
"West Nile virus infection","Locally acquired cases","Reported cases","N","2016","RO","Romania",93.000000000,""
"West Nile virus infection","Locally acquired cases","Reported cases","N","2016","RS","Serbia",44.000000000,""
"West Nile virus infection","Locally acquired cases","Reported cases","N","2016","RU","Russia",135.000000000,""
"West Nile virus infection","Locally acquired cases","Reported cases","N","2016","SE","Sweden",0.000000000,""
"West Nile virus infection","Locally acquired cases","Reported cases","N","2016","SI","Slovenia",0.000000000,""
"West Nile virus infection","Locally acquired cases","Reported cases","N","2016","SK","Slovakia",0.000000000,""
"West Nile virus infection","Locally acquired cases","Reported cases","N","2016","SY","Syria",2.000000000,""
"West Nile virus infection","Locally acquired cases","Reported cases","N","2016","TN","Tunisia",1.000000000,""
"West Nile virus infection","Locally acquired cases","Reported cases","N","2016","TR","Türkiye",2.000000000,""
"West Nile virus infection","Locally acquired cases","Reported cases","N","2016","UA","Ukraine",1.000000000,""
"West Nile virus infection","Locally acquired cases","Reported cases","N","2016","UK","United Kingdom",0.000000000,""
"West Nile virus infection","Locally acquired cases","Reported cases","N","2016","XK","Kosovo",0.000000000,""
"West Nile virus infection","Locally acquired cases","Reported cases","N","2017","AL","Albania",0.000000000,""
"West Nile virus infection","Locally acquired cases","Reported cases","N","2017","AT","Austria",6.000000000,""
"West Nile virus infection","Locally acquired cases","Reported cases","N","2017","BE","Belgium",0.000000000,""
"West Nile virus infection","Locally acquired cases","Reported cases","N","2017","BG","Bulgaria",1.000000000,""
"West Nile virus infection","Locally acquired cases","Reported cases","N","2017","CY","Cyprus",0.000000000,""
"West Nile virus infection","Locally acquired cases","Reported cases","N","2017","CZ","Czechia",0.000000000,""
"West Nile virus infection","Locally acquired cases","Reported cases","N","2017","DK","Denmark",0.000000000,""
"West Nile virus infection","Locally acquired cases","Reported cases","N","2017","EE","Estonia",0.000000000,""
"West Nile virus infection","Locally acquired cases","Reported cases","N","2017","EL","Greece",48.000000000,""
"West Nile virus infection","Locally acquired cases","Reported cases","N","2017","ES","Spain",0.000000000,""
"West Nile virus infection","Locally acquired cases","Reported cases","N","2017","EU27_21","EU (without UK)",201.000000000,""
"West Nile virus infection","Locally acquired cases","Reported cases","N","2017","EU27_UK_21","EU (with UK until 2019)",201.000000000,""
"West Nile virus infection","Locally acquired cases","Reported cases","N","2017","EUEEA30_21","EU/EEA (without UK)",201.000000000,""
"West Nile virus infection","Locally acquired cases","Reported cases","N","2017","EUEEAUK_21","EU/EEA (with UK until 2019)",201.000000000,""
"West Nile virus infection","Locally acquired cases","Reported cases","N","2017","FI","Finland",0.000000000,""
"West Nile virus infection","Locally acquired cases","Reported cases","N","2017","FR","France",2.000000000,""
"West Nile virus infection","Locally acquired cases","Reported cases","N","2017","HR","Croatia",5.000000000,""
"West Nile virus infection","Locally acquired cases","Reported cases","N","2017","HU","Hungary",20.000000000,""
"West Nile virus infection","Locally acquired cases","Reported cases","N","2017","IE","Ireland",0.000000000,""
"West Nile virus infection","Locally acquired cases","Reported cases","N","2017","IL","Israel",31.000000000,""
"West Nile virus infection","Locally acquired cases","Reported cases","N","2017","IS","Iceland",0.000000000,""
"West Nile virus infection","Locally acquired cases","Reported cases","N","2017","IT","Italy",53.000000000,""
"West Nile virus infection","Locally acquired cases","Reported cases","N","2017","LT","Lithuania",0.000000000,""
"West Nile virus infection","Locally acquired cases","Reported cases","N","2017","LU","Luxembourg",0.000000000,""
"West Nile virus infection","Locally acquired cases","Reported cases","N","2017","LV","Latvia",0.000000000,""
"West Nile virus infection","Locally acquired cases","Reported cases","N","2017","ME","Montenegro",0.000000000,""
"West Nile virus infection","Locally acquired cases","Reported cases","N","2017","MK","North Macedonia",0.000000000,""
"West Nile virus infection","Locally acquired cases","Reported cases","N","2017","MT","Malta",0.000000000,""
"West Nile virus infection","Locally acquired cases","Reported cases","N","2017","NL","Netherlands",0.000000000,""
"West Nile virus infection","Locally acquired cases","Reported cases","N","2017","NO","Norway",0.000000000,""
"West Nile virus infection","Locally acquired cases","Reported cases","N","2017","PL","Poland",0.000000000,""
"West Nile virus infection","Locally acquired cases","Reported cases","N","2017","PT","Portugal",0.000000000,""
"West Nile virus infection","Locally acquired cases","Reported cases","N","2017","RO","Romania",66.000000000,""
"West Nile virus infection","Locally acquired cases","Reported cases","N","2017","RS","Serbia",49.000000000,""
"West Nile virus infection","Locally acquired cases","Reported cases","N","2017","SE","Sweden",0.000000000,""
"West Nile virus infection","Locally acquired cases","Reported cases","N","2017","SI","Slovenia",0.000000000,""
"West Nile virus infection","Locally acquired cases","Reported cases","N","2017","SK","Slovakia",0.000000000,""
"West Nile virus infection","Locally acquired cases","Reported cases","N","2017","TR","Türkiye",7.000000000,""
"West Nile virus infection","Locally acquired cases","Reported cases","N","2017","UK","United Kingdom",0.000000000,""
"West Nile virus infection","Locally acquired cases","Reported cases","N","2017","XK","Kosovo",2.000000000,""
"West Nile virus infection","Locally acquired cases","Reported cases","N","2018","AL","Albania",1.000000000,""
"West Nile virus infection","Locally acquired cases","Reported cases","N","2018","AT","Austria",21.000000000,""
"West Nile virus infection","Locally acquired cases","Reported cases","N","2018","BE","Belgium",0.000000000,""
"West Nile virus infection","Locally acquired cases","Reported cases","N","2018","BG","Bulgaria",15.000000000,""
"West Nile virus infection","Locally acquired cases","Reported cases","N","2018","CY","Cyprus",1.000000000,""
"West Nile virus infection","Locally acquired cases","Reported cases","N","2018","CZ","Czechia",5.000000000,""
"West Nile virus infection","Locally acquired cases","Reported cases","N","2018","DE","Germany",1.000000000,""
"West Nile virus infection","Locally acquired cases","Reported cases","N","2018","DK","Denmark",0.000000000,""
"West Nile virus infection","Locally acquired cases","Reported cases","N","2018","EE","Estonia",0.000000000,""
"West Nile virus infection","Locally acquired cases","Reported cases","N","2018","EL","Greece",315.000000000,""
"West Nile virus infection","Locally acquired cases","Reported cases","N","2018","ES","Spain",0.000000000,""
"West Nile virus infection","Locally acquired cases","Reported cases","N","2018","EU27_21","EU (without UK)",1549.000000000,""
"West Nile virus infection","Locally acquired cases","Reported cases","N","2018","EU27_UK_21","EU (with UK until 2019)",1549.000000000,""
"West Nile virus infection","Locally acquired cases","Reported cases","N","2018","EUEEA30_21","EU/EEA (without UK)",1549.000000000,""
"West Nile virus infection","Locally acquired cases","Reported cases","N","2018","EUEEAUK_21","EU/EEA (with UK until 2019)",1549.000000000,""
"West Nile virus infection","Locally acquired cases","Reported cases","N","2018","FI","Finland",0.000000000,""
"West Nile virus infection","Locally acquired cases","Reported cases","N","2018","FR","France",27.000000000,""
"West Nile virus infection","Locally acquired cases","Reported cases","N","2018","HR","Croatia",58.000000000,""
"West Nile virus infection","Locally acquired cases","Reported cases","N","2018","HU","Hungary",215.000000000,""
"West Nile virus infection","Locally acquired cases","Reported cases","N","2018","IE","Ireland",0.000000000,""
"West Nile virus infection","Locally acquired cases","Reported cases","N","2018","IL","Israel",136.000000000,""
"West Nile virus infection","Locally acquired cases","Reported cases","N","2018","IS","Iceland",0.000000000,""
"West Nile virus infection","Locally acquired cases","Reported cases","N","2018","IT","Italy",610.000000000,""
"West Nile virus infection","Locally acquired cases","Reported cases","N","2018","LT","Lithuania",0.000000000,""
"West Nile virus infection","Locally acquired cases","Reported cases","N","2018","LU","Luxembourg",0.000000000,""
"West Nile virus infection","Locally acquired cases","Reported cases","N","2018","LV","Latvia",0.000000000,""
"West Nile virus infection","Locally acquired cases","Reported cases","N","2018","ME","Montenegro",0.000000000,""
"West Nile virus infection","Locally acquired cases","Reported cases","N","2018","MK","North Macedonia",0.000000000,""
"West Nile virus infection","Locally acquired cases","Reported cases","N","2018","MT","Malta",0.000000000,""
"West Nile virus infection","Locally acquired cases","Reported cases","N","2018","NL","Netherlands",0.000000000,""
"West Nile virus infection","Locally acquired cases","Reported cases","N","2018","NO","Norway",0.000000000,""
"West Nile virus infection","Locally acquired cases","Reported cases","N","2018","PL","Poland",0.000000000,""
"West Nile virus infection","Locally acquired cases","Reported cases","N","2018","PT","Portugal",0.000000000,""
"West Nile virus infection","Locally acquired cases","Reported cases","N","2018","RO","Romania",277.000000000,""
"West Nile virus infection","Locally acquired cases","Reported cases","N","2018","RS","Serbia",415.000000000,""
"West Nile virus infection","Locally acquired cases","Reported cases","N","2018","SE","Sweden",0.000000000,""
"West Nile virus infection","Locally acquired cases","Reported cases","N","2018","SI","Slovenia",4.000000000,""
"West Nile virus infection","Locally acquired cases","Reported cases","N","2018","SK","Slovakia",0.000000000,""
"West Nile virus infection","Locally acquired cases","Reported cases","N","2018","TR","Türkiye",26.000000000,""
"West Nile virus infection","Locally acquired cases","Reported cases","N","2018","UK","United Kingdom",0.000000000,""
"West Nile virus infection","Locally acquired cases","Reported cases","N","2018","XK","Kosovo",14.000000000,""
"West Nile virus infection","Locally acquired cases","Reported cases","N","2019","AL","Albania",0.000000000,""
"West Nile virus infection","Locally acquired cases","Reported cases","N","2019","AT","Austria",4.000000000,""
"West Nile virus infection","Locally acquired cases","Reported cases","N","2019","BE","Belgium",0.000000000,""
"West Nile virus infection","Locally acquired cases","Reported cases","N","2019","BG","Bulgaria",5.000000000,""
"West Nile virus infection","Locally acquired cases","Reported cases","N","2019","CY","Cyprus",23.000000000,""
"West Nile virus infection","Locally acquired cases","Reported cases","N","2019","CZ","Czechia",1.000000000,""
"West Nile virus infection","Locally acquired cases","Reported cases","N","2019","DE","Germany",5.000000000,""
"West Nile virus infection","Locally acquired cases","Reported cases","N","2019","DK","Denmark",0.000000000,""
"West Nile virus infection","Locally acquired cases","Reported cases","N","2019","EE","Estonia",0.000000000,""
"West Nile virus infection","Locally acquired cases","Reported cases","N","2019","EL","Greece",227.000000000,""
"West Nile virus infection","Locally acquired cases","Reported cases","N","2019","ES","Spain",0.000000000,""
"West Nile virus infection","Locally acquired cases","Reported cases","N","2019","EU27_21","EU (without UK)",425.000000000,""
"West Nile virus infection","Locally acquired cases","Reported cases","N","2019","EU27_UK_21","EU (with UK until 2019)",425.000000000,""
"West Nile virus infection","Locally acquired cases","Reported cases","N","2019","EUEEA30_21","EU/EEA (without UK)",425.000000000,""
"West Nile virus infection","Locally acquired cases","Reported cases","N","2019","EUEEAUK_21","EU/EEA (with UK until 2019)",425.000000000,""
"West Nile virus infection","Locally acquired cases","Reported cases","N","2019","FI","Finland",0.000000000,""
"West Nile virus infection","Locally acquired cases","Reported cases","N","2019","FR","France",2.000000000,""
"West Nile virus infection","Locally acquired cases","Reported cases","N","2019","HR","Croatia",0.000000000,""
"West Nile virus infection","Locally acquired cases","Reported cases","N","2019","HU","Hungary",36.000000000,""
"West Nile virus infection","Locally acquired cases","Reported cases","N","2019","IE","Ireland",0.000000000,""
"West Nile virus infection","Locally acquired cases","Reported cases","N","2019","IL","Israel",11.000000000,""
"West Nile virus infection","Locally acquired cases","Reported cases","N","2019","IS","Iceland",0.000000000,""
"West Nile virus infection","Locally acquired cases","Reported cases","N","2019","IT","Italy",54.000000000,""
"West Nile virus infection","Locally acquired cases","Reported cases","N","2019","LT","Lithuania",0.000000000,""
"West Nile virus infection","Locally acquired cases","Reported cases","N","2019","LU","Luxembourg",0.000000000,""
"West Nile virus infection","Locally acquired cases","Reported cases","N","2019","LV","Latvia",0.000000000,""
"West Nile virus infection","Locally acquired cases","Reported cases","N","2019","ME","Montenegro",0.000000000,""
"West Nile virus infection","Locally acquired cases","Reported cases","N","2019","MK","North Macedonia",6.000000000,""
"West Nile virus infection","Locally acquired cases","Reported cases","N","2019","MT","Malta",0.000000000,""
"West Nile virus infection","Locally acquired cases","Reported cases","N","2019","NL","Netherlands",0.000000000,""
"West Nile virus infection","Locally acquired cases","Reported cases","N","2019","NO","Norway",0.000000000,""
"West Nile virus infection","Locally acquired cases","Reported cases","N","2019","PL","Poland",0.000000000,""
"West Nile virus infection","Locally acquired cases","Reported cases","N","2019","PT","Portugal",0.000000000,""
"West Nile virus infection","Locally acquired cases","Reported cases","N","2019","RO","Romania",67.000000000,""
"West Nile virus infection","Locally acquired cases","Reported cases","N","2019","RS","Serbia",27.000000000,""
"West Nile virus infection","Locally acquired cases","Reported cases","N","2019","SE","Sweden",0.000000000,""
"West Nile virus infection","Locally acquired cases","Reported cases","N","2019","SI","Slovenia",0.000000000,""
"West Nile virus infection","Locally acquired cases","Reported cases","N","2019","SK","Slovakia",1.000000000,""
"West Nile virus infection","Locally acquired cases","Reported cases","N","2019","TR","Türkiye",10.000000000,""
"West Nile virus infection","Locally acquired cases","Reported cases","N","2019","UK","United Kingdom",0.000000000,""
"West Nile virus infection","Locally acquired cases","Reported cases","N","2019","XK","Kosovo",0.000000000,""
"West Nile virus infection","Locally acquired cases","Reported cases","N","2020","AL","Albania",0.000000000,""
"West Nile virus infection","Locally acquired cases","Reported cases","N","2020","AT","Austria",0.000000000,""
"West Nile virus infection","Locally acquired cases","Reported cases","N","2020","BE","Belgium",0.000000000,""
"West Nile virus infection","Locally acquired cases","Reported cases","N","2020","BG","Bulgaria",1.000000000,""
"West Nile virus infection","Locally acquired cases","Reported cases","N","2020","CY","Cyprus",0.000000000,""
"West Nile virus infection","Locally acquired cases","Reported cases","N","2020","CZ","Czechia",0.000000000,""
"West Nile virus infection","Locally acquired cases","Reported cases","N","2020","DE","Germany",22.000000000,""
"West Nile virus infection","Locally acquired cases","Reported cases","N","2020","DK","Denmark",0.000000000,""
"West Nile virus infection","Locally acquired cases","Reported cases","N","2020","EE","Estonia",0.000000000,""
"West Nile virus infection","Locally acquired cases","Reported cases","N","2020","EL","Greece",144.000000000,""
"West Nile virus infection","Locally acquired cases","Reported cases","N","2020","ES","Spain",77.000000000,""
"West Nile virus infection","Locally acquired cases","Reported cases","N","2020","EU27_21","EU (without UK)",330.000000000,""
"West Nile virus infection","Locally acquired cases","Reported cases","N","2020","EU27_UK_21","EU (with UK until 2019)",330.000000000,""
"West Nile virus infection","Locally acquired cases","Reported cases","N","2020","EUEEA30_21","EU/EEA (without UK)",330.000000000,""
"West Nile virus infection","Locally acquired cases","Reported cases","N","2020","EUEEAUK_21","EU/EEA (with UK until 2019)",330.000000000,""
"West Nile virus infection","Locally acquired cases","Reported cases","N","2020","FI","Finland",0.000000000,""
"West Nile virus infection","Locally acquired cases","Reported cases","N","2020","FR","France",0.000000000,""
"West Nile virus infection","Locally acquired cases","Reported cases","N","2020","HR","Croatia",0.000000000,""
"West Nile virus infection","Locally acquired cases","Reported cases","N","2020","HU","Hungary",3.000000000,""
"West Nile virus infection","Locally acquired cases","Reported cases","N","2020","IE","Ireland",0.000000000,""
"West Nile virus infection","Locally acquired cases","Reported cases","N","2020","IL","Israel",17.000000000,""
"West Nile virus infection","Locally acquired cases","Reported cases","N","2020","IS","Iceland",0.000000000,""
"West Nile virus infection","Locally acquired cases","Reported cases","N","2020","IT","Italy",69.000000000,""
"West Nile virus infection","Locally acquired cases","Reported cases","N","2020","LT","Lithuania",0.000000000,""
"West Nile virus infection","Locally acquired cases","Reported cases","N","2020","LU","Luxembourg",0.000000000,""
"West Nile virus infection","Locally acquired cases","Reported cases","N","2020","LV","Latvia",0.000000000,""
"West Nile virus infection","Locally acquired cases","Reported cases","N","2020","MK","North Macedonia",0.000000000,""
"West Nile virus infection","Locally acquired cases","Reported cases","N","2020","MT","Malta",0.000000000,""
"West Nile virus infection","Locally acquired cases","Reported cases","N","2020","NL","Netherlands",8.000000000,""
"West Nile virus infection","Locally acquired cases","Reported cases","N","2020","NO","Norway",0.000000000,""
"West Nile virus infection","Locally acquired cases","Reported cases","N","2020","PL","Poland",0.000000000,""
"West Nile virus infection","Locally acquired cases","Reported cases","N","2020","PT","Portugal",0.000000000,""
"West Nile virus infection","Locally acquired cases","Reported cases","N","2020","RO","Romania",6.000000000,""
"West Nile virus infection","Locally acquired cases","Reported cases","N","2020","SE","Sweden",0.000000000,""
"West Nile virus infection","Locally acquired cases","Reported cases","N","2020","SI","Slovenia",0.000000000,""
"West Nile virus infection","Locally acquired cases","Reported cases","N","2020","SK","Slovakia",0.000000000,""
"West Nile virus infection","Locally acquired cases","Reported cases","N","2020","TR","Türkiye",0.000000000,""
"West Nile virus infection","Locally acquired cases","Reported cases","N","2020","XK","Kosovo",0.000000000,""
"West Nile virus infection","Locally acquired cases","Reported cases","N","2021","AL","Albania",0.000000000,""
"West Nile virus infection","Locally acquired cases","Reported cases","N","2021","AT","Austria",3.000000000,""
"West Nile virus infection","Locally acquired cases","Reported cases","N","2021","BA","Bosnia and Herzegovina",0.000000000,""
"West Nile virus infection","Locally acquired cases","Reported cases","N","2021","BE","Belgium",0.000000000,""
"West Nile virus infection","Locally acquired cases","Reported cases","N","2021","BG","Bulgaria",0.000000000,""
"West Nile virus infection","Locally acquired cases","Reported cases","N","2021","CY","Cyprus",0.000000000,""
"West Nile virus infection","Locally acquired cases","Reported cases","N","2021","CZ","Czechia",0.000000000,""
"West Nile virus infection","Locally acquired cases","Reported cases","N","2021","DE","Germany",4.000000000,""
"West Nile virus infection","Locally acquired cases","Reported cases","N","2021","DK","Denmark",0.000000000,""
"West Nile virus infection","Locally acquired cases","Reported cases","N","2021","EE","Estonia",0.000000000,""
"West Nile virus infection","Locally acquired cases","Reported cases","N","2021","EL","Greece",59.000000000,""
"West Nile virus infection","Locally acquired cases","Reported cases","N","2021","ES","Spain",6.000000000,""
"West Nile virus infection","Locally acquired cases","Reported cases","N","2021","EU27_21","EU (without UK)",152.000000000,""
"West Nile virus infection","Locally acquired cases","Reported cases","N","2021","EU27_UK_21","EU (with UK until 2019)",152.000000000,""
"West Nile virus infection","Locally acquired cases","Reported cases","N","2021","EUEEA30_21","EU/EEA (without UK)",152.000000000,""
"West Nile virus infection","Locally acquired cases","Reported cases","N","2021","EUEEAUK_21","EU/EEA (with UK until 2019)",152.000000000,""
"West Nile virus infection","Locally acquired cases","Reported cases","N","2021","FI","Finland",0.000000000,""
"West Nile virus infection","Locally acquired cases","Reported cases","N","2021","FR","France",1.000000000,""
"West Nile virus infection","Locally acquired cases","Reported cases","N","2021","HR","Croatia",0.000000000,""
"West Nile virus infection","Locally acquired cases","Reported cases","N","2021","HU","Hungary",7.000000000,""
"West Nile virus infection","Locally acquired cases","Reported cases","N","2021","IE","Ireland",0.000000000,""
"West Nile virus infection","Locally acquired cases","Reported cases","N","2021","IS","Iceland",0.000000000,""
"West Nile virus infection","Locally acquired cases","Reported cases","N","2021","IT","Italy",65.000000000,""
"West Nile virus infection","Locally acquired cases","Reported cases","N","2021","LI","Liechtenstein",0.000000000,""
"West Nile virus infection","Locally acquired cases","Reported cases","N","2021","LT","Lithuania",0.000000000,""
"West Nile virus infection","Locally acquired cases","Reported cases","N","2021","LU","Luxembourg",0.000000000,""
"West Nile virus infection","Locally acquired cases","Reported cases","N","2021","LV","Latvia",0.000000000,""
"West Nile virus infection","Locally acquired cases","Reported cases","N","2021","ME","Montenegro",0.000000000,""
"West Nile virus infection","Locally acquired cases","Reported cases","N","2021","MK","North Macedonia",3.000000000,""
"West Nile virus infection","Locally acquired cases","Reported cases","N","2021","MT","Malta",0.000000000,""
"West Nile virus infection","Locally acquired cases","Reported cases","N","2021","NL","Netherlands",0.000000000,""
"West Nile virus infection","Locally acquired cases","Reported cases","N","2021","NO","Norway",0.000000000,""
"West Nile virus infection","Locally acquired cases","Reported cases","N","2021","PL","Poland",0.000000000,""
"West Nile virus infection","Locally acquired cases","Reported cases","N","2021","PT","Portugal",0.000000000,""
"West Nile virus infection","Locally acquired cases","Reported cases","N","2021","RO","Romania",7.000000000,""
"West Nile virus infection","Locally acquired cases","Reported cases","N","2021","RS","Serbia",18.000000000,""
"West Nile virus infection","Locally acquired cases","Reported cases","N","2021","SE","Sweden",0.000000000,""
"West Nile virus infection","Locally acquired cases","Reported cases","N","2021","SI","Slovenia",0.000000000,""
"West Nile virus infection","Locally acquired cases","Reported cases","N","2021","SK","Slovakia",0.000000000,""
"West Nile virus infection","Locally acquired cases","Reported cases","N","2021","TR","Türkiye",0.000000000,""
"West Nile virus infection","Locally acquired cases","Reported cases","N","2021","XK","Kosovo",0.000000000,""
"West Nile virus infection","Locally acquired cases","Reported cases","N","2022","AL","Albania",0.000000000,""
"West Nile virus infection","Locally acquired cases","Reported cases","N","2022","AT","Austria",6.000000000,""
"West Nile virus infection","Locally acquired cases","Reported cases","N","2022","BA","Bosnia and Herzegovina",0.000000000,""
"West Nile virus infection","Locally acquired cases","Reported cases","N","2022","BE","Belgium",0.000000000,""
"West Nile virus infection","Locally acquired cases","Reported cases","N","2022","BG","Bulgaria",1.000000000,""
"West Nile virus infection","Locally acquired cases","Reported cases","N","2022","CY","Cyprus",0.000000000,""
"West Nile virus infection","Locally acquired cases","Reported cases","N","2022","CZ","Czechia",0.000000000,""
"West Nile virus infection","Locally acquired cases","Reported cases","N","2022","DE","Germany",17.000000000,""
"West Nile virus infection","Locally acquired cases","Reported cases","N","2022","DK","Denmark",0.000000000,""
"West Nile virus infection","Locally acquired cases","Reported cases","N","2022","EE","Estonia",0.000000000,""
"West Nile virus infection","Locally acquired cases","Reported cases","N","2022","EL","Greece",286.000000000,""
"West Nile virus infection","Locally acquired cases","Reported cases","N","2022","ES","Spain",4.000000000,""
"West Nile virus infection","Locally acquired cases","Reported cases","N","2022","EU27_21","EU (without UK)",1116.000000000,""
"West Nile virus infection","Locally acquired cases","Reported cases","N","2022","EU27_UK_21","EU (with UK until 2019)",1116.000000000,""
"West Nile virus infection","Locally acquired cases","Reported cases","N","2022","EUEEA30_21","EU/EEA (without UK)",1116.000000000,""
"West Nile virus infection","Locally acquired cases","Reported cases","N","2022","EUEEAUK_21","EU/EEA (with UK until 2019)",1116.000000000,""
"West Nile virus infection","Locally acquired cases","Reported cases","N","2022","FI","Finland",0.000000000,""
"West Nile virus infection","Locally acquired cases","Reported cases","N","2022","FR","France",6.000000000,""
"West Nile virus infection","Locally acquired cases","Reported cases","N","2022","HR","Croatia",5.000000000,""
"West Nile virus infection","Locally acquired cases","Reported cases","N","2022","HU","Hungary",14.000000000,""
"West Nile virus infection","Locally acquired cases","Reported cases","N","2022","IE","Ireland",0.000000000,""
"West Nile virus infection","Locally acquired cases","Reported cases","N","2022","IS","Iceland",0.000000000,""
"West Nile virus infection","Locally acquired cases","Reported cases","N","2022","IT","Italy",723.000000000,""
"West Nile virus infection","Locally acquired cases","Reported cases","N","2022","LI","Liechtenstein",0.000000000,""
"West Nile virus infection","Locally acquired cases","Reported cases","N","2022","LT","Lithuania",0.000000000,""
"West Nile virus infection","Locally acquired cases","Reported cases","N","2022","LU","Luxembourg",0.000000000,""
"West Nile virus infection","Locally acquired cases","Reported cases","N","2022","LV","Latvia",0.000000000,""
"West Nile virus infection","Locally acquired cases","Reported cases","N","2022","ME","Montenegro",0.000000000,""
"West Nile virus infection","Locally acquired cases","Reported cases","N","2022","MK","North Macedonia",1.000000000,""
"West Nile virus infection","Locally acquired cases","Reported cases","N","2022","MT","Malta",0.000000000,""
"West Nile virus infection","Locally acquired cases","Reported cases","N","2022","NL","Netherlands",0.000000000,""
"West Nile virus infection","Locally acquired cases","Reported cases","N","2022","NO","Norway",0.000000000,""
"West Nile virus infection","Locally acquired cases","Reported cases","N","2022","PL","Poland",0.000000000,""
"West Nile virus infection","Locally acquired cases","Reported cases","N","2022","PT","Portugal",0.000000000,""
"West Nile virus infection","Locally acquired cases","Reported cases","N","2022","RO","Romania",53.000000000,""
"West Nile virus infection","Locally acquired cases","Reported cases","N","2022","RS","Serbia",246.000000000,""
"West Nile virus infection","Locally acquired cases","Reported cases","N","2022","SE","Sweden",0.000000000,""
"West Nile virus infection","Locally acquired cases","Reported cases","N","2022","SI","Slovenia",0.000000000,""
"West Nile virus infection","Locally acquired cases","Reported cases","N","2022","SK","Slovakia",1.000000000,""
"West Nile virus infection","Locally acquired cases","Reported cases","N","2022","TR","Türkiye",0.000000000,""
"West Nile virus infection","Locally acquired cases","Reported cases","N","2022","XK","Kosovo",0.000000000,""
"West Nile virus infection","Locally acquired cases","Reported cases","N","2023","AT","Austria",0.000000000,""
"West Nile virus infection","Locally acquired cases","Reported cases","N","2023","BA","Bosnia and Herzegovina",0.000000000,""
"West Nile virus infection","Locally acquired cases","Reported cases","N","2023","BE","Belgium",0.000000000,""
"West Nile virus infection","Locally acquired cases","Reported cases","N","2023","BG","Bulgaria",0.000000000,""
"West Nile virus infection","Locally acquired cases","Reported cases","N","2023","CY","Cyprus",6.000000000,""
"West Nile virus infection","Locally acquired cases","Reported cases","N","2023","CZ","Czechia",0.000000000,""
"West Nile virus infection","Locally acquired cases","Reported cases","N","2023","DE","Germany",7.000000000,""
"West Nile virus infection","Locally acquired cases","Reported cases","N","2023","DK","Denmark",0.000000000,""
"West Nile virus infection","Locally acquired cases","Reported cases","N","2023","EE","Estonia",0.000000000,""
"West Nile virus infection","Locally acquired cases","Reported cases","N","2023","EL","Greece",162.000000000,""
"West Nile virus infection","Locally acquired cases","Reported cases","N","2023","ES","Spain",21.000000000,""
"West Nile virus infection","Locally acquired cases","Reported cases","N","2023","EU27_21","EU (without UK)",714.000000000,""
"West Nile virus infection","Locally acquired cases","Reported cases","N","2023","EU27_UK_21","EU (with UK until 2019)",714.000000000,""
"West Nile virus infection","Locally acquired cases","Reported cases","N","2023","EUEEA30_21","EU/EEA (without UK)",714.000000000,""
"West Nile virus infection","Locally acquired cases","Reported cases","N","2023","EUEEAUK_21","EU/EEA (with UK until 2019)",714.000000000,""
"West Nile virus infection","Locally acquired cases","Reported cases","N","2023","FI","Finland",0.000000000,""
"West Nile virus infection","Locally acquired cases","Reported cases","N","2023","FR","France",43.000000000,""
"West Nile virus infection","Locally acquired cases","Reported cases","N","2023","HR","Croatia",0.000000000,""
"West Nile virus infection","Locally acquired cases","Reported cases","N","2023","HU","Hungary",30.000000000,""
"West Nile virus infection","Locally acquired cases","Reported cases","N","2023","IE","Ireland",0.000000000,""
"West Nile virus infection","Locally acquired cases","Reported cases","N","2023","IS","Iceland",0.000000000,""
"West Nile virus infection","Locally acquired cases","Reported cases","N","2023","IT","Italy",341.000000000,""
"West Nile virus infection","Locally acquired cases","Reported cases","N","2023","LI","Liechtenstein",0.000000000,""
"West Nile virus infection","Locally acquired cases","Reported cases","N","2023","LT","Lithuania",0.000000000,""
"West Nile virus infection","Locally acquired cases","Reported cases","N","2023","LU","Luxembourg",0.000000000,""
"West Nile virus infection","Locally acquired cases","Reported cases","N","2023","LV","Latvia",0.000000000,""
"West Nile virus infection","Locally acquired cases","Reported cases","N","2023","ME","Montenegro",0.000000000,""
"West Nile virus infection","Locally acquired cases","Reported cases","N","2023","MK","North Macedonia",2.000000000,""
"West Nile virus infection","Locally acquired cases","Reported cases","N","2023","MT","Malta",0.000000000,""
"West Nile virus infection","Locally acquired cases","Reported cases","N","2023","NL","Netherlands",0.000000000,""
"West Nile virus infection","Locally acquired cases","Reported cases","N","2023","NO","Norway",0.000000000,""
"West Nile virus infection","Locally acquired cases","Reported cases","N","2023","PL","Poland",0.000000000,""
"West Nile virus infection","Locally acquired cases","Reported cases","N","2023","PT","Portugal",0.000000000,""
"West Nile virus infection","Locally acquired cases","Reported cases","N","2023","RO","Romania",104.000000000,""
"West Nile virus infection","Locally acquired cases","Reported cases","N","2023","RS","Serbia",92.000000000,""
"West Nile virus infection","Locally acquired cases","Reported cases","N","2023","SE","Sweden",0.000000000,""
"West Nile virus infection","Locally acquired cases","Reported cases","N","2023","SI","Slovenia",0.000000000,""
"West Nile virus infection","Locally acquired cases","Reported cases","N","2023","SK","Slovakia",0.000000000,""
"West Nile virus infection","Locally acquired cases","Reported cases","N","2023","TR","Türkiye",0.000000000,""
"West Nile virus infection","Locally acquired cases","Reported cases","N","2023","XK","Kosovo",0.000000000,""
"West Nile virus infection","Locally acquired cases","Reported cases","N","2024","AL","Albania",103.000000000,""
"West Nile virus infection","Locally acquired cases","Reported cases","N","2024","AT","Austria",34.000000000,""
"West Nile virus infection","Locally acquired cases","Reported cases","N","2024","BE","Belgium",0.000000000,""
"West Nile virus infection","Locally acquired cases","Reported cases","N","2024","BG","Bulgaria",19.000000000,""
"West Nile virus infection","Locally acquired cases","Reported cases","N","2024","CY","Cyprus",2.000000000,""
"West Nile virus infection","Locally acquired cases","Reported cases","N","2024","CZ","Czechia",2.000000000,""
"West Nile virus infection","Locally acquired cases","Reported cases","N","2024","DE","Germany",63.000000000,""
"West Nile virus infection","Locally acquired cases","Reported cases","N","2024","DK","Denmark",0.000000000,""
"West Nile virus infection","Locally acquired cases","Reported cases","N","2024","EE","Estonia",0.000000000,""
"West Nile virus infection","Locally acquired cases","Reported cases","N","2024","EL","Greece",219.000000000,""
"West Nile virus infection","Locally acquired cases","Reported cases","N","2024","ES","Spain",159.000000000,""
"West Nile virus infection","Locally acquired cases","Reported cases","N","2024","EU27_21","EU (without UK)",1252.000000000,""
"West Nile virus infection","Locally acquired cases","Reported cases","N","2024","EU27_UK_21","EU (with UK until 2019)",1252.000000000,""
"West Nile virus infection","Locally acquired cases","Reported cases","N","2024","EUEEA30_21","EU/EEA (without UK)",1252.000000000,""
"West Nile virus infection","Locally acquired cases","Reported cases","N","2024","EUEEAUK_21","EU/EEA (with UK until 2019)",1252.000000000,""
"West Nile virus infection","Locally acquired cases","Reported cases","N","2024","FI","Finland",0.000000000,""
"West Nile virus infection","Locally acquired cases","Reported cases","N","2024","FR","France",39.000000000,""
"West Nile virus infection","Locally acquired cases","Reported cases","N","2024","HR","Croatia",20.000000000,""
"West Nile virus infection","Locally acquired cases","Reported cases","N","2024","HU","Hungary",111.000000000,""
"West Nile virus infection","Locally acquired cases","Reported cases","N","2024","IE","Ireland",0.000000000,""
"West Nile virus infection","Locally acquired cases","Reported cases","N","2024","IS","Iceland",0.000000000,""
"West Nile virus infection","Locally acquired cases","Reported cases","N","2024","IT","Italy",473.000000000,""
"West Nile virus infection","Locally acquired cases","Reported cases","N","2024","LI","Liechtenstein",0.000000000,""
"West Nile virus infection","Locally acquired cases","Reported cases","N","2024","LT","Lithuania",0.000000000,""
"West Nile virus infection","Locally acquired cases","Reported cases","N","2024","LU","Luxembourg",0.000000000,""
"West Nile virus infection","Locally acquired cases","Reported cases","N","2024","LV","Latvia",0.000000000,""
"West Nile virus infection","Locally acquired cases","Reported cases","N","2024","ME","Montenegro",0.000000000,""
"West Nile virus infection","Locally acquired cases","Reported cases","N","2024","MK","North Macedonia",2.000000000,""
"West Nile virus infection","Locally acquired cases","Reported cases","N","2024","MT","Malta",0.000000000,""
"West Nile virus infection","Locally acquired cases","Reported cases","N","2024","NL","Netherlands",0.000000000,""
"West Nile virus infection","Locally acquired cases","Reported cases","N","2024","NO","Norway",0.000000000,""
"West Nile virus infection","Locally acquired cases","Reported cases","N","2024","PL","Poland",0.000000000,""
"West Nile virus infection","Locally acquired cases","Reported cases","N","2024","PT","Portugal",0.000000000,""
"West Nile virus infection","Locally acquired cases","Reported cases","N","2024","RO","Romania",100.000000000,""
"West Nile virus infection","Locally acquired cases","Reported cases","N","2024","RS","Serbia",66.000000000,""
"West Nile virus infection","Locally acquired cases","Reported cases","N","2024","SE","Sweden",0.000000000,""
"West Nile virus infection","Locally acquired cases","Reported cases","N","2024","SI","Slovenia",5.000000000,""
"West Nile virus infection","Locally acquired cases","Reported cases","N","2024","SK","Slovakia",6.000000000,""
"West Nile virus infection","Locally acquired cases","Reported cases","N","2024","TR","Türkiye",90.000000000,""
"West Nile virus infection","Locally acquired cases","Reported cases","N","2024","XK","Kosovo",4.000000000,""
