"HealthTopic","Population","Indicator","Unit","Time","RegionCode","RegionName","NumValue","TxtValue"
"Chikungunya virus disease","All cases","Age standardised rate","N/100000","2008","AT","Austria",0.000000000,""
"Chikungunya virus disease","All cases","Age standardised rate","N/100000","2008","BE","Belgium",0.000000000,""
"Chikungunya virus disease","All cases","Age standardised rate","N/100000","2008","CZ","Czechia",0.000000000,""
"Chikungunya virus disease","All cases","Age standardised rate","N/100000","2008","DE","Germany",0.019834140,""
"Chikungunya virus disease","All cases","Age standardised rate","N/100000","2008","EE","Estonia",0.000000000,""
"Chikungunya virus disease","All cases","Age standardised rate","N/100000","2008","EL","Greece",0.000000000,""
"Chikungunya virus disease","All cases","Age standardised rate","N/100000","2008","ES","Spain",-,""
"Chikungunya virus disease","All cases","Age standardised rate","N/100000","2008","EU27_21","EU (without UK)",0.007728000,""
"Chikungunya virus disease","All cases","Age standardised rate","N/100000","2008","EU27_UK_21","EU (with UK until 2019)",0.008851000,""
"Chikungunya virus disease","All cases","Age standardised rate","N/100000","2008","EUEEA30_21","EU/EEA (without UK)",0.007728000,""
"Chikungunya virus disease","All cases","Age standardised rate","N/100000","2008","EUEEAUK_21","EU/EEA (with UK until 2019)",0.008851000,""
"Chikungunya virus disease","All cases","Age standardised rate","N/100000","2008","FI","Finland",0.000000000,""
"Chikungunya virus disease","All cases","Age standardised rate","N/100000","2008","FR","France",0.001539640,""
"Chikungunya virus disease","All cases","Age standardised rate","N/100000","2008","HU","Hungary",0.000000000,""
"Chikungunya virus disease","All cases","Age standardised rate","N/100000","2008","IE","Ireland",0.000000000,""
"Chikungunya virus disease","All cases","Age standardised rate","N/100000","2008","IT","Italy",0.015118420,""
"Chikungunya virus disease","All cases","Age standardised rate","N/100000","2008","LT","Lithuania",0.000000000,""
"Chikungunya virus disease","All cases","Age standardised rate","N/100000","2008","LU","Luxembourg",0.000000000,""
"Chikungunya virus disease","All cases","Age standardised rate","N/100000","2008","LV","Latvia",0.000000000,""
"Chikungunya virus disease","All cases","Age standardised rate","N/100000","2008","MT","Malta",0.000000000,""
"Chikungunya virus disease","All cases","Age standardised rate","N/100000","2008","PL","Poland",0.000000000,""
"Chikungunya virus disease","All cases","Age standardised rate","N/100000","2008","RO","Romania",0.000000000,""
"Chikungunya virus disease","All cases","Age standardised rate","N/100000","2008","SI","Slovenia",0.000000000,""
"Chikungunya virus disease","All cases","Age standardised rate","N/100000","2008","SK","Slovakia",0.000000000,""
"Chikungunya virus disease","All cases","Age standardised rate","N/100000","2008","UK","United Kingdom",0.015036500,""
"Chikungunya virus disease","All cases","Age standardised rate","N/100000","2009","AT","Austria",0.094989550,""
"Chikungunya virus disease","All cases","Age standardised rate","N/100000","2009","BE","Belgium",0.058428950,""
"Chikungunya virus disease","All cases","Age standardised rate","N/100000","2009","CZ","Czechia",0.000000000,""
"Chikungunya virus disease","All cases","Age standardised rate","N/100000","2009","DE","Germany",0.065639050,""
"Chikungunya virus disease","All cases","Age standardised rate","N/100000","2009","EE","Estonia",0.000000000,""
"Chikungunya virus disease","All cases","Age standardised rate","N/100000","2009","EL","Greece",0.000000000,""
"Chikungunya virus disease","All cases","Age standardised rate","N/100000","2009","ES","Spain",-,""
"Chikungunya virus disease","All cases","Age standardised rate","N/100000","2009","EU27_21","EU (without UK)",0.025165000,""
"Chikungunya virus disease","All cases","Age standardised rate","N/100000","2009","EU27_UK_21","EU (with UK until 2019)",0.035006000,""
"Chikungunya virus disease","All cases","Age standardised rate","N/100000","2009","EUEEA30_21","EU/EEA (without UK)",0.025165000,""
"Chikungunya virus disease","All cases","Age standardised rate","N/100000","2009","EUEEAUK_21","EU/EEA (with UK until 2019)",0.035006000,""
"Chikungunya virus disease","All cases","Age standardised rate","N/100000","2009","FI","Finland",0.064850310,""
"Chikungunya virus disease","All cases","Age standardised rate","N/100000","2009","FR","France",0.020846580,""
"Chikungunya virus disease","All cases","Age standardised rate","N/100000","2009","HU","Hungary",0.000000000,""
"Chikungunya virus disease","All cases","Age standardised rate","N/100000","2009","IE","Ireland",0.000000000,""
"Chikungunya virus disease","All cases","Age standardised rate","N/100000","2009","IT","Italy",0.004978550,""
"Chikungunya virus disease","All cases","Age standardised rate","N/100000","2009","LT","Lithuania",0.000000000,""
"Chikungunya virus disease","All cases","Age standardised rate","N/100000","2009","LU","Luxembourg",0.000000000,""
"Chikungunya virus disease","All cases","Age standardised rate","N/100000","2009","LV","Latvia",0.000000000,""
"Chikungunya virus disease","All cases","Age standardised rate","N/100000","2009","MT","Malta",0.000000000,""
"Chikungunya virus disease","All cases","Age standardised rate","N/100000","2009","PL","Poland",0.000000000,""
"Chikungunya virus disease","All cases","Age standardised rate","N/100000","2009","RO","Romania",0.000000000,""
"Chikungunya virus disease","All cases","Age standardised rate","N/100000","2009","SE","Sweden",0.000000000,""
"Chikungunya virus disease","All cases","Age standardised rate","N/100000","2009","SI","Slovenia",0.000000000,""
"Chikungunya virus disease","All cases","Age standardised rate","N/100000","2009","SK","Slovakia",0.000000000,""
"Chikungunya virus disease","All cases","Age standardised rate","N/100000","2009","UK","United Kingdom",0.090376960,""
"Chikungunya virus disease","All cases","Age standardised rate","N/100000","2010","AT","Austria",0.024549900,""
"Chikungunya virus disease","All cases","Age standardised rate","N/100000","2010","BE","Belgium",-,""
"Chikungunya virus disease","All cases","Age standardised rate","N/100000","2010","CZ","Czechia",0.000000000,""
"Chikungunya virus disease","All cases","Age standardised rate","N/100000","2010","DE","Germany",0.045396710,""
"Chikungunya virus disease","All cases","Age standardised rate","N/100000","2010","DK","Denmark",0.000000000,""
"Chikungunya virus disease","All cases","Age standardised rate","N/100000","2010","EE","Estonia",0.000000000,""
"Chikungunya virus disease","All cases","Age standardised rate","N/100000","2010","EL","Greece",0.000000000,""
"Chikungunya virus disease","All cases","Age standardised rate","N/100000","2010","ES","Spain",-,""
"Chikungunya virus disease","All cases","Age standardised rate","N/100000","2010","EU27_21","EU (without UK)",0.026216000,""
"Chikungunya virus disease","All cases","Age standardised rate","N/100000","2010","EU27_UK_21","EU (with UK until 2019)",0.041480000,""
"Chikungunya virus disease","All cases","Age standardised rate","N/100000","2010","EUEEA30_21","EU/EEA (without UK)",0.026216000,""
"Chikungunya virus disease","All cases","Age standardised rate","N/100000","2010","EUEEAUK_21","EU/EEA (with UK until 2019)",0.041480000,""
"Chikungunya virus disease","All cases","Age standardised rate","N/100000","2010","FI","Finland",0.021655460,""
"Chikungunya virus disease","All cases","Age standardised rate","N/100000","2010","FR","France",0.068415910,""
"Chikungunya virus disease","All cases","Age standardised rate","N/100000","2010","HU","Hungary",0.000000000,""
"Chikungunya virus disease","All cases","Age standardised rate","N/100000","2010","IE","Ireland",0.020273160,""
"Chikungunya virus disease","All cases","Age standardised rate","N/100000","2010","IT","Italy",0.012663270,""
"Chikungunya virus disease","All cases","Age standardised rate","N/100000","2010","LT","Lithuania",0.000000000,""
"Chikungunya virus disease","All cases","Age standardised rate","N/100000","2010","LU","Luxembourg",0.000000000,""
"Chikungunya virus disease","All cases","Age standardised rate","N/100000","2010","LV","Latvia",0.000000000,""
"Chikungunya virus disease","All cases","Age standardised rate","N/100000","2010","MT","Malta",0.000000000,""
"Chikungunya virus disease","All cases","Age standardised rate","N/100000","2010","PL","Poland",0.000000000,""
"Chikungunya virus disease","All cases","Age standardised rate","N/100000","2010","RO","Romania",0.000000000,""
"Chikungunya virus disease","All cases","Age standardised rate","N/100000","2010","SE","Sweden",0.000000000,""
"Chikungunya virus disease","All cases","Age standardised rate","N/100000","2010","SI","Slovenia",0.000000000,""
"Chikungunya virus disease","All cases","Age standardised rate","N/100000","2010","SK","Slovakia",0.000000000,""
"Chikungunya virus disease","All cases","Age standardised rate","N/100000","2010","UK","United Kingdom",0.128165990,""
"Chikungunya virus disease","All cases","Age standardised rate","N/100000","2011","AT","Austria",0.021991420,""
"Chikungunya virus disease","All cases","Age standardised rate","N/100000","2011","BE","Belgium",-,""
"Chikungunya virus disease","All cases","Age standardised rate","N/100000","2011","CZ","Czechia",0.000000000,""
"Chikungunya virus disease","All cases","Age standardised rate","N/100000","2011","DE","Germany",0.015706600,""
"Chikungunya virus disease","All cases","Age standardised rate","N/100000","2011","DK","Denmark",0.000000000,""
"Chikungunya virus disease","All cases","Age standardised rate","N/100000","2011","EE","Estonia",0.000000000,""
"Chikungunya virus disease","All cases","Age standardised rate","N/100000","2011","EL","Greece",0.000000000,""
"Chikungunya virus disease","All cases","Age standardised rate","N/100000","2011","ES","Spain",-,""
"Chikungunya virus disease","All cases","Age standardised rate","N/100000","2011","EU27_21","EU (without UK)",0.008126000,""
"Chikungunya virus disease","All cases","Age standardised rate","N/100000","2011","EU27_UK_21","EU (with UK until 2019)",0.010339000,""
"Chikungunya virus disease","All cases","Age standardised rate","N/100000","2011","EUEEA30_21","EU/EEA (without UK)",0.008126000,""
"Chikungunya virus disease","All cases","Age standardised rate","N/100000","2011","EUEEAUK_21","EU/EEA (with UK until 2019)",0.010339000,""
"Chikungunya virus disease","All cases","Age standardised rate","N/100000","2011","FI","Finland",0.000000000,""
"Chikungunya virus disease","All cases","Age standardised rate","N/100000","2011","FR","France",0.018857870,""
"Chikungunya virus disease","All cases","Age standardised rate","N/100000","2011","HU","Hungary",0.000000000,""
"Chikungunya virus disease","All cases","Age standardised rate","N/100000","2011","IE","Ireland",0.000000000,""
"Chikungunya virus disease","All cases","Age standardised rate","N/100000","2011","IT","Italy",0.003474740,""
"Chikungunya virus disease","All cases","Age standardised rate","N/100000","2011","LT","Lithuania",0.000000000,""
"Chikungunya virus disease","All cases","Age standardised rate","N/100000","2011","LU","Luxembourg",0.000000000,""
"Chikungunya virus disease","All cases","Age standardised rate","N/100000","2011","LV","Latvia",0.000000000,""
"Chikungunya virus disease","All cases","Age standardised rate","N/100000","2011","MT","Malta",0.000000000,""
"Chikungunya virus disease","All cases","Age standardised rate","N/100000","2011","PL","Poland",0.000000000,""
"Chikungunya virus disease","All cases","Age standardised rate","N/100000","2011","RO","Romania",0.000000000,""
"Chikungunya virus disease","All cases","Age standardised rate","N/100000","2011","SE","Sweden",0.000000000,""
"Chikungunya virus disease","All cases","Age standardised rate","N/100000","2011","SI","Slovenia",0.000000000,""
"Chikungunya virus disease","All cases","Age standardised rate","N/100000","2011","SK","Slovakia",0.000000000,""
"Chikungunya virus disease","All cases","Age standardised rate","N/100000","2011","UK","United Kingdom",0.022776560,""
"Chikungunya virus disease","All cases","Age standardised rate","N/100000","2012","AT","Austria",0.000000000,""
"Chikungunya virus disease","All cases","Age standardised rate","N/100000","2012","BE","Belgium",-,""
"Chikungunya virus disease","All cases","Age standardised rate","N/100000","2012","CZ","Czechia",0.000000000,""
"Chikungunya virus disease","All cases","Age standardised rate","N/100000","2012","DE","Germany",0.011282760,""
"Chikungunya virus disease","All cases","Age standardised rate","N/100000","2012","DK","Denmark",0.000000000,""
"Chikungunya virus disease","All cases","Age standardised rate","N/100000","2012","EE","Estonia",0.000000000,""
"Chikungunya virus disease","All cases","Age standardised rate","N/100000","2012","EL","Greece",0.000000000,""
"Chikungunya virus disease","All cases","Age standardised rate","N/100000","2012","ES","Spain",-,""
"Chikungunya virus disease","All cases","Age standardised rate","N/100000","2012","EU27_21","EU (without UK)",0.008032000,""
"Chikungunya virus disease","All cases","Age standardised rate","N/100000","2012","EU27_UK_21","EU (with UK until 2019)",0.012034000,""
"Chikungunya virus disease","All cases","Age standardised rate","N/100000","2012","EUEEA30_21","EU/EEA (without UK)",0.008032000,""
"Chikungunya virus disease","All cases","Age standardised rate","N/100000","2012","EUEEAUK_21","EU/EEA (with UK until 2019)",0.012034000,""
"Chikungunya virus disease","All cases","Age standardised rate","N/100000","2012","FI","Finland",0.000000000,""
"Chikungunya virus disease","All cases","Age standardised rate","N/100000","2012","FR","France",0.018027840,""
"Chikungunya virus disease","All cases","Age standardised rate","N/100000","2012","HR","Croatia",0.000000000,""
"Chikungunya virus disease","All cases","Age standardised rate","N/100000","2012","HU","Hungary",0.000000000,""
"Chikungunya virus disease","All cases","Age standardised rate","N/100000","2012","IE","Ireland",0.000000000,""
"Chikungunya virus disease","All cases","Age standardised rate","N/100000","2012","IT","Italy",0.009547320,""
"Chikungunya virus disease","All cases","Age standardised rate","N/100000","2012","LT","Lithuania",0.000000000,""
"Chikungunya virus disease","All cases","Age standardised rate","N/100000","2012","LU","Luxembourg",0.000000000,""
"Chikungunya virus disease","All cases","Age standardised rate","N/100000","2012","LV","Latvia",0.000000000,""
"Chikungunya virus disease","All cases","Age standardised rate","N/100000","2012","MT","Malta",0.000000000,""
"Chikungunya virus disease","All cases","Age standardised rate","N/100000","2012","PL","Poland",0.000000000,""
"Chikungunya virus disease","All cases","Age standardised rate","N/100000","2012","RO","Romania",0.000000000,""
"Chikungunya virus disease","All cases","Age standardised rate","N/100000","2012","SE","Sweden",0.023884180,""
"Chikungunya virus disease","All cases","Age standardised rate","N/100000","2012","SI","Slovenia",0.000000000,""
"Chikungunya virus disease","All cases","Age standardised rate","N/100000","2012","SK","Slovakia",0.000000000,""
"Chikungunya virus disease","All cases","Age standardised rate","N/100000","2012","UK","United Kingdom",0.034660610,""
"Chikungunya virus disease","All cases","Age standardised rate","N/100000","2013","AT","Austria",0.000000000,""
"Chikungunya virus disease","All cases","Age standardised rate","N/100000","2013","BE","Belgium",0.066438140,""
"Chikungunya virus disease","All cases","Age standardised rate","N/100000","2013","CZ","Czechia",0.000000000,""
"Chikungunya virus disease","All cases","Age standardised rate","N/100000","2013","DE","Germany",0.019929380,""
"Chikungunya virus disease","All cases","Age standardised rate","N/100000","2013","DK","Denmark",0.000000000,""
"Chikungunya virus disease","All cases","Age standardised rate","N/100000","2013","EE","Estonia",0.000000000,""
"Chikungunya virus disease","All cases","Age standardised rate","N/100000","2013","EL","Greece",0.000000000,""
"Chikungunya virus disease","All cases","Age standardised rate","N/100000","2013","ES","Spain",-,""
"Chikungunya virus disease","All cases","Age standardised rate","N/100000","2013","EU27_21","EU (without UK)",0.012766000,""
"Chikungunya virus disease","All cases","Age standardised rate","N/100000","2013","EU27_UK_21","EU (with UK until 2019)",0.017128000,""
"Chikungunya virus disease","All cases","Age standardised rate","N/100000","2013","EUEEA30_21","EU/EEA (without UK)",0.012766000,""
"Chikungunya virus disease","All cases","Age standardised rate","N/100000","2013","EUEEAUK_21","EU/EEA (with UK until 2019)",0.017128000,""
"Chikungunya virus disease","All cases","Age standardised rate","N/100000","2013","FI","Finland",0.021796670,""
"Chikungunya virus disease","All cases","Age standardised rate","N/100000","2013","FR","France",0.019211510,""
"Chikungunya virus disease","All cases","Age standardised rate","N/100000","2013","HR","Croatia",0.000000000,""
"Chikungunya virus disease","All cases","Age standardised rate","N/100000","2013","HU","Hungary",0.000000000,""
"Chikungunya virus disease","All cases","Age standardised rate","N/100000","2013","IE","Ireland",0.000000000,""
"Chikungunya virus disease","All cases","Age standardised rate","N/100000","2013","IT","Italy",0.005378490,""
"Chikungunya virus disease","All cases","Age standardised rate","N/100000","2013","LT","Lithuania",0.000000000,""
"Chikungunya virus disease","All cases","Age standardised rate","N/100000","2013","LU","Luxembourg",0.000000000,""
"Chikungunya virus disease","All cases","Age standardised rate","N/100000","2013","LV","Latvia",0.000000000,""
"Chikungunya virus disease","All cases","Age standardised rate","N/100000","2013","MT","Malta",0.000000000,""
"Chikungunya virus disease","All cases","Age standardised rate","N/100000","2013","PL","Poland",0.000000000,""
"Chikungunya virus disease","All cases","Age standardised rate","N/100000","2013","RO","Romania",0.000000000,""
"Chikungunya virus disease","All cases","Age standardised rate","N/100000","2013","SE","Sweden",0.056963710,""
"Chikungunya virus disease","All cases","Age standardised rate","N/100000","2013","SI","Slovenia",0.000000000,""
"Chikungunya virus disease","All cases","Age standardised rate","N/100000","2013","SK","Slovakia",0.000000000,""
"Chikungunya virus disease","All cases","Age standardised rate","N/100000","2013","UK","United Kingdom",0.041680970,""
"Chikungunya virus disease","All cases","Age standardised rate","N/100000","2014","BE","Belgium",0.685863130,""
"Chikungunya virus disease","All cases","Age standardised rate","N/100000","2014","CZ","Czechia",0.029138150,""
"Chikungunya virus disease","All cases","Age standardised rate","N/100000","2014","DE","Germany",0.202176860,""
"Chikungunya virus disease","All cases","Age standardised rate","N/100000","2014","DK","Denmark",0.050441510,""
"Chikungunya virus disease","All cases","Age standardised rate","N/100000","2014","EE","Estonia",0.000000000,""
"Chikungunya virus disease","All cases","Age standardised rate","N/100000","2014","EL","Greece",0.009530890,""
"Chikungunya virus disease","All cases","Age standardised rate","N/100000","2014","ES","Spain",0.567303660,""
"Chikungunya virus disease","All cases","Age standardised rate","N/100000","2014","EU27_21","EU (without UK)",0.235698000,""
"Chikungunya virus disease","All cases","Age standardised rate","N/100000","2014","EU27_UK_21","EU (with UK until 2019)",0.268627000,""
"Chikungunya virus disease","All cases","Age standardised rate","N/100000","2014","EUEEA30_21","EU/EEA (without UK)",0.235698000,""
"Chikungunya virus disease","All cases","Age standardised rate","N/100000","2014","EUEEAUK_21","EU/EEA (with UK until 2019)",0.268627000,""
"Chikungunya virus disease","All cases","Age standardised rate","N/100000","2014","FI","Finland",0.082035580,""
"Chikungunya virus disease","All cases","Age standardised rate","N/100000","2014","FR","France",0.549820750,""
"Chikungunya virus disease","All cases","Age standardised rate","N/100000","2014","HR","Croatia",0.000000000,""
"Chikungunya virus disease","All cases","Age standardised rate","N/100000","2014","HU","Hungary",0.020414940,""
"Chikungunya virus disease","All cases","Age standardised rate","N/100000","2014","IE","Ireland",0.020755340,""
"Chikungunya virus disease","All cases","Age standardised rate","N/100000","2014","IT","Italy",0.061272750,""
"Chikungunya virus disease","All cases","Age standardised rate","N/100000","2014","LT","Lithuania",0.000000000,""
"Chikungunya virus disease","All cases","Age standardised rate","N/100000","2014","LU","Luxembourg",0.000000000,""
"Chikungunya virus disease","All cases","Age standardised rate","N/100000","2014","LV","Latvia",0.000000000,""
"Chikungunya virus disease","All cases","Age standardised rate","N/100000","2014","MT","Malta",0.000000000,""
"Chikungunya virus disease","All cases","Age standardised rate","N/100000","2014","NL","Netherlands",-,""
"Chikungunya virus disease","All cases","Age standardised rate","N/100000","2014","PL","Poland",0.000000000,""
"Chikungunya virus disease","All cases","Age standardised rate","N/100000","2014","RO","Romania",0.000000000,""
"Chikungunya virus disease","All cases","Age standardised rate","N/100000","2014","SE","Sweden",0.211207410,""
"Chikungunya virus disease","All cases","Age standardised rate","N/100000","2014","SI","Slovenia",0.000000000,""
"Chikungunya virus disease","All cases","Age standardised rate","N/100000","2014","SK","Slovakia",0.000000000,""
"Chikungunya virus disease","All cases","Age standardised rate","N/100000","2014","UK","United Kingdom",0.472550710,""
"Chikungunya virus disease","All cases","Age standardised rate","N/100000","2015","BE","Belgium",0.409792020,""
"Chikungunya virus disease","All cases","Age standardised rate","N/100000","2015","CZ","Czechia",0.009144850,""
"Chikungunya virus disease","All cases","Age standardised rate","N/100000","2015","DE","Germany",0.145270190,""
"Chikungunya virus disease","All cases","Age standardised rate","N/100000","2015","DK","Denmark",0.015740980,""
"Chikungunya virus disease","All cases","Age standardised rate","N/100000","2015","EE","Estonia",0.000000000,""
"Chikungunya virus disease","All cases","Age standardised rate","N/100000","2015","EL","Greece",0.000000000,""
"Chikungunya virus disease","All cases","Age standardised rate","N/100000","2015","ES","Spain",0.452571390,""
"Chikungunya virus disease","All cases","Age standardised rate","N/100000","2015","EU27_21","EU (without UK)",0.122710000,""
"Chikungunya virus disease","All cases","Age standardised rate","N/100000","2015","EU27_UK_21","EU (with UK until 2019)",0.128377000,""
"Chikungunya virus disease","All cases","Age standardised rate","N/100000","2015","EUEEA30_21","EU/EEA (without UK)",0.122710000,""
"Chikungunya virus disease","All cases","Age standardised rate","N/100000","2015","EUEEAUK_21","EU/EEA (with UK until 2019)",0.128377000,""
"Chikungunya virus disease","All cases","Age standardised rate","N/100000","2015","FI","Finland",0.115891370,""
"Chikungunya virus disease","All cases","Age standardised rate","N/100000","2015","FR","France",0.109375580,""
"Chikungunya virus disease","All cases","Age standardised rate","N/100000","2015","HR","Croatia",0.000000000,""
"Chikungunya virus disease","All cases","Age standardised rate","N/100000","2015","HU","Hungary",0.021558930,""
"Chikungunya virus disease","All cases","Age standardised rate","N/100000","2015","IE","Ireland",0.022927830,""
"Chikungunya virus disease","All cases","Age standardised rate","N/100000","2015","IT","Italy",0.033374750,""
"Chikungunya virus disease","All cases","Age standardised rate","N/100000","2015","LT","Lithuania",0.000000000,""
"Chikungunya virus disease","All cases","Age standardised rate","N/100000","2015","LU","Luxembourg",0.000000000,""
"Chikungunya virus disease","All cases","Age standardised rate","N/100000","2015","LV","Latvia",0.107002690,""
"Chikungunya virus disease","All cases","Age standardised rate","N/100000","2015","MT","Malta",0.000000000,""
"Chikungunya virus disease","All cases","Age standardised rate","N/100000","2015","NL","Netherlands",-,""
"Chikungunya virus disease","All cases","Age standardised rate","N/100000","2015","PL","Poland",0.000000000,""
"Chikungunya virus disease","All cases","Age standardised rate","N/100000","2015","PT","Portugal",0.000000000,""
"Chikungunya virus disease","All cases","Age standardised rate","N/100000","2015","RO","Romania",0.000000000,""
"Chikungunya virus disease","All cases","Age standardised rate","N/100000","2015","SE","Sweden",0.226956440,""
"Chikungunya virus disease","All cases","Age standardised rate","N/100000","2015","SI","Slovenia",0.000000000,""
"Chikungunya virus disease","All cases","Age standardised rate","N/100000","2015","SK","Slovakia",0.000000000,""
"Chikungunya virus disease","All cases","Age standardised rate","N/100000","2015","UK","United Kingdom",0.164168130,""
"Chikungunya virus disease","All cases","Age standardised rate","N/100000","2016","AT","Austria",0.103019920,""
"Chikungunya virus disease","All cases","Age standardised rate","N/100000","2016","BE","Belgium",0.265015710,""
"Chikungunya virus disease","All cases","Age standardised rate","N/100000","2016","CZ","Czechia",0.070143070,""
"Chikungunya virus disease","All cases","Age standardised rate","N/100000","2016","DE","Germany",0.092496260,""
"Chikungunya virus disease","All cases","Age standardised rate","N/100000","2016","DK","Denmark",0.040978230,""
"Chikungunya virus disease","All cases","Age standardised rate","N/100000","2016","EE","Estonia",0.000000000,""
"Chikungunya virus disease","All cases","Age standardised rate","N/100000","2016","EL","Greece",0.020058990,""
"Chikungunya virus disease","All cases","Age standardised rate","N/100000","2016","ES","Spain",0.222091860,""
"Chikungunya virus disease","All cases","Age standardised rate","N/100000","2016","EU27_21","EU (without UK)",0.075894000,""
"Chikungunya virus disease","All cases","Age standardised rate","N/100000","2016","EU27_UK_21","EU (with UK until 2019)",0.101349000,""
"Chikungunya virus disease","All cases","Age standardised rate","N/100000","2016","EUEEA30_21","EU/EEA (without UK)",0.075894000,""
"Chikungunya virus disease","All cases","Age standardised rate","N/100000","2016","EUEEAUK_21","EU/EEA (with UK until 2019)",0.101349000,""
"Chikungunya virus disease","All cases","Age standardised rate","N/100000","2016","FI","Finland",0.000000000,""
"Chikungunya virus disease","All cases","Age standardised rate","N/100000","2016","FR","France",0.066160370,""
"Chikungunya virus disease","All cases","Age standardised rate","N/100000","2016","HR","Croatia",0.000000000,""
"Chikungunya virus disease","All cases","Age standardised rate","N/100000","2016","HU","Hungary",0.010367380,""
"Chikungunya virus disease","All cases","Age standardised rate","N/100000","2016","IE","Ireland",0.000000000,""
"Chikungunya virus disease","All cases","Age standardised rate","N/100000","2016","IT","Italy",0.026533570,""
"Chikungunya virus disease","All cases","Age standardised rate","N/100000","2016","LT","Lithuania",0.000000000,""
"Chikungunya virus disease","All cases","Age standardised rate","N/100000","2016","LU","Luxembourg",0.000000000,""
"Chikungunya virus disease","All cases","Age standardised rate","N/100000","2016","LV","Latvia",0.000000000,""
"Chikungunya virus disease","All cases","Age standardised rate","N/100000","2016","MT","Malta",0.218219510,""
"Chikungunya virus disease","All cases","Age standardised rate","N/100000","2016","NL","Netherlands",-,""
"Chikungunya virus disease","All cases","Age standardised rate","N/100000","2016","PL","Poland",0.000000000,""
"Chikungunya virus disease","All cases","Age standardised rate","N/100000","2016","PT","Portugal",0.028894800,""
"Chikungunya virus disease","All cases","Age standardised rate","N/100000","2016","RO","Romania",0.000000000,""
"Chikungunya virus disease","All cases","Age standardised rate","N/100000","2016","SE","Sweden",0.214169130,""
"Chikungunya virus disease","All cases","Age standardised rate","N/100000","2016","SI","Slovenia",0.100780300,""
"Chikungunya virus disease","All cases","Age standardised rate","N/100000","2016","SK","Slovakia",0.000000000,""
"Chikungunya virus disease","All cases","Age standardised rate","N/100000","2016","UK","United Kingdom",0.264572580,""
"Chikungunya virus disease","All cases","Age standardised rate","N/100000","2017","AT","Austria",0.057499040,""
"Chikungunya virus disease","All cases","Age standardised rate","N/100000","2017","BE","Belgium",0.086509530,""
"Chikungunya virus disease","All cases","Age standardised rate","N/100000","2017","CZ","Czechia",0.000000000,""
"Chikungunya virus disease","All cases","Age standardised rate","N/100000","2017","DE","Germany",0.043157070,""
"Chikungunya virus disease","All cases","Age standardised rate","N/100000","2017","DK","Denmark",0.016620210,""
"Chikungunya virus disease","All cases","Age standardised rate","N/100000","2017","EE","Estonia",0.000000000,""
"Chikungunya virus disease","All cases","Age standardised rate","N/100000","2017","EL","Greece",0.000000000,""
"Chikungunya virus disease","All cases","Age standardised rate","N/100000","2017","ES","Spain",0.114922440,""
"Chikungunya virus disease","All cases","Age standardised rate","N/100000","2017","EU27_21","EU (without UK)",0.100856000,""
"Chikungunya virus disease","All cases","Age standardised rate","N/100000","2017","EU27_UK_21","EU (with UK until 2019)",0.109117000,""
"Chikungunya virus disease","All cases","Age standardised rate","N/100000","2017","EUEEA30_21","EU/EEA (without UK)",0.100856000,""
"Chikungunya virus disease","All cases","Age standardised rate","N/100000","2017","EUEEAUK_21","EU/EEA (with UK until 2019)",0.109117000,""
"Chikungunya virus disease","All cases","Age standardised rate","N/100000","2017","FI","Finland",0.077314300,""
"Chikungunya virus disease","All cases","Age standardised rate","N/100000","2017","FR","France",0.054498380,""
"Chikungunya virus disease","All cases","Age standardised rate","N/100000","2017","HR","Croatia",0.000000000,""
"Chikungunya virus disease","All cases","Age standardised rate","N/100000","2017","HU","Hungary",0.009509180,""
"Chikungunya virus disease","All cases","Age standardised rate","N/100000","2017","IE","Ireland",0.000000000,""
"Chikungunya virus disease","All cases","Age standardised rate","N/100000","2017","IT","Italy",0.440774280,""
"Chikungunya virus disease","All cases","Age standardised rate","N/100000","2017","LT","Lithuania",0.000000000,""
"Chikungunya virus disease","All cases","Age standardised rate","N/100000","2017","LU","Luxembourg",0.000000000,""
"Chikungunya virus disease","All cases","Age standardised rate","N/100000","2017","LV","Latvia",0.000000000,""
"Chikungunya virus disease","All cases","Age standardised rate","N/100000","2017","MT","Malta",0.000000000,""
"Chikungunya virus disease","All cases","Age standardised rate","N/100000","2017","NL","Netherlands",-,""
"Chikungunya virus disease","All cases","Age standardised rate","N/100000","2017","PL","Poland",0.000000000,""
"Chikungunya virus disease","All cases","Age standardised rate","N/100000","2017","PT","Portugal",0.000000000,""
"Chikungunya virus disease","All cases","Age standardised rate","N/100000","2017","RO","Romania",0.000000000,""
"Chikungunya virus disease","All cases","Age standardised rate","N/100000","2017","SE","Sweden",0.122528570,""
"Chikungunya virus disease","All cases","Age standardised rate","N/100000","2017","SI","Slovenia",0.000000000,""
"Chikungunya virus disease","All cases","Age standardised rate","N/100000","2017","SK","Slovakia",0.000000000,""
"Chikungunya virus disease","All cases","Age standardised rate","N/100000","2017","UK","United Kingdom",0.161793390,""
"Chikungunya virus disease","All cases","Age standardised rate","N/100000","2018","AT","Austria",0.009875830,""
"Chikungunya virus disease","All cases","Age standardised rate","N/100000","2018","BE","Belgium",0.029726520,""
"Chikungunya virus disease","All cases","Age standardised rate","N/100000","2018","CZ","Czechia",0.058711260,""
"Chikungunya virus disease","All cases","Age standardised rate","N/100000","2018","DE","Germany",0.032965610,""
"Chikungunya virus disease","All cases","Age standardised rate","N/100000","2018","DK","Denmark",0.016512250,""
"Chikungunya virus disease","All cases","Age standardised rate","N/100000","2018","EE","Estonia",0.000000000,""
"Chikungunya virus disease","All cases","Age standardised rate","N/100000","2018","EL","Greece",0.010438810,""
"Chikungunya virus disease","All cases","Age standardised rate","N/100000","2018","ES","Spain",0.061722750,""
"Chikungunya virus disease","All cases","Age standardised rate","N/100000","2018","EU27_21","EU (without UK)",0.027298000,""
"Chikungunya virus disease","All cases","Age standardised rate","N/100000","2018","EU27_UK_21","EU (with UK until 2019)",0.036071000,""
"Chikungunya virus disease","All cases","Age standardised rate","N/100000","2018","EUEEA30_21","EU/EEA (without UK)",0.027298000,""
"Chikungunya virus disease","All cases","Age standardised rate","N/100000","2018","EUEEAUK_21","EU/EEA (with UK until 2019)",0.036071000,""
"Chikungunya virus disease","All cases","Age standardised rate","N/100000","2018","FI","Finland",0.017616780,""
"Chikungunya virus disease","All cases","Age standardised rate","N/100000","2018","FR","France",0.023363280,""
"Chikungunya virus disease","All cases","Age standardised rate","N/100000","2018","HR","Croatia",0.000000000,""
"Chikungunya virus disease","All cases","Age standardised rate","N/100000","2018","HU","Hungary",0.029566640,""
"Chikungunya virus disease","All cases","Age standardised rate","N/100000","2018","IE","Ireland",0.000000000,""
"Chikungunya virus disease","All cases","Age standardised rate","N/100000","2018","IT","Italy",0.006447880,""
"Chikungunya virus disease","All cases","Age standardised rate","N/100000","2018","LT","Lithuania",0.000000000,""
"Chikungunya virus disease","All cases","Age standardised rate","N/100000","2018","LU","Luxembourg",0.000000000,""
"Chikungunya virus disease","All cases","Age standardised rate","N/100000","2018","LV","Latvia",0.000000000,""
"Chikungunya virus disease","All cases","Age standardised rate","N/100000","2018","MT","Malta",0.000000000,""
"Chikungunya virus disease","All cases","Age standardised rate","N/100000","2018","NL","Netherlands",-,""
"Chikungunya virus disease","All cases","Age standardised rate","N/100000","2018","PL","Poland",0.000000000,""
"Chikungunya virus disease","All cases","Age standardised rate","N/100000","2018","PT","Portugal",0.007346960,""
"Chikungunya virus disease","All cases","Age standardised rate","N/100000","2018","RO","Romania",0.010643100,""
"Chikungunya virus disease","All cases","Age standardised rate","N/100000","2018","SE","Sweden",0.196958440,""
"Chikungunya virus disease","All cases","Age standardised rate","N/100000","2018","SI","Slovenia",0.000000000,""
"Chikungunya virus disease","All cases","Age standardised rate","N/100000","2018","SK","Slovakia",0.000000000,""
"Chikungunya virus disease","All cases","Age standardised rate","N/100000","2018","UK","United Kingdom",0.091728770,""
"Chikungunya virus disease","All cases","Age standardised rate","N/100000","2019","AT","Austria",0.185434270,""
"Chikungunya virus disease","All cases","Age standardised rate","N/100000","2019","BE","Belgium",0.530485990,""
"Chikungunya virus disease","All cases","Age standardised rate","N/100000","2019","CZ","Czechia",0.148698620,""
"Chikungunya virus disease","All cases","Age standardised rate","N/100000","2019","DE","Germany",0.105101450,""
"Chikungunya virus disease","All cases","Age standardised rate","N/100000","2019","DK","Denmark",0.150433000,""
"Chikungunya virus disease","All cases","Age standardised rate","N/100000","2019","EE","Estonia",0.000000000,""
"Chikungunya virus disease","All cases","Age standardised rate","N/100000","2019","EL","Greece",0.021318130,""
"Chikungunya virus disease","All cases","Age standardised rate","N/100000","2019","ES","Spain",0.093989530,""
"Chikungunya virus disease","All cases","Age standardised rate","N/100000","2019","EU27_21","EU (without UK)",0.106985000,""
"Chikungunya virus disease","All cases","Age standardised rate","N/100000","2019","EU27_UK_21","EU (with UK until 2019)",0.112580000,""
"Chikungunya virus disease","All cases","Age standardised rate","N/100000","2019","EUEEA30_21","EU/EEA (without UK)",0.106985000,""
"Chikungunya virus disease","All cases","Age standardised rate","N/100000","2019","EUEEAUK_21","EU/EEA (with UK until 2019)",0.112580000,""
"Chikungunya virus disease","All cases","Age standardised rate","N/100000","2019","FI","Finland",0.198724710,""
"Chikungunya virus disease","All cases","Age standardised rate","N/100000","2019","FR","France",0.166347240,""
"Chikungunya virus disease","All cases","Age standardised rate","N/100000","2019","HR","Croatia",0.000000000,""
"Chikungunya virus disease","All cases","Age standardised rate","N/100000","2019","HU","Hungary",0.053662350,""
"Chikungunya virus disease","All cases","Age standardised rate","N/100000","2019","IE","Ireland",0.020827950,""
"Chikungunya virus disease","All cases","Age standardised rate","N/100000","2019","IT","Italy",0.040269160,""
"Chikungunya virus disease","All cases","Age standardised rate","N/100000","2019","LT","Lithuania",0.000000000,""
"Chikungunya virus disease","All cases","Age standardised rate","N/100000","2019","LU","Luxembourg",0.155521210,""
"Chikungunya virus disease","All cases","Age standardised rate","N/100000","2019","LV","Latvia",0.000000000,""
"Chikungunya virus disease","All cases","Age standardised rate","N/100000","2019","MT","Malta",0.000000000,""
"Chikungunya virus disease","All cases","Age standardised rate","N/100000","2019","NL","Netherlands",-,""
"Chikungunya virus disease","All cases","Age standardised rate","N/100000","2019","PL","Poland",0.005354800,""
"Chikungunya virus disease","All cases","Age standardised rate","N/100000","2019","PT","Portugal",0.000000000,""
"Chikungunya virus disease","All cases","Age standardised rate","N/100000","2019","RO","Romania",0.000000000,""
"Chikungunya virus disease","All cases","Age standardised rate","N/100000","2019","SE","Sweden",0.577949110,""
"Chikungunya virus disease","All cases","Age standardised rate","N/100000","2019","SI","Slovenia",0.000000000,""
"Chikungunya virus disease","All cases","Age standardised rate","N/100000","2019","SK","Slovakia",0.000000000,""
"Chikungunya virus disease","All cases","Age standardised rate","N/100000","2019","UK","United Kingdom",0.147953750,""
"Chikungunya virus disease","All cases","Age standardised rate","N/100000","2020","AT","Austria",0.000000000,""
"Chikungunya virus disease","All cases","Age standardised rate","N/100000","2020","BE","Belgium",0.066976610,""
"Chikungunya virus disease","All cases","Age standardised rate","N/100000","2020","CZ","Czechia",0.000000000,""
"Chikungunya virus disease","All cases","Age standardised rate","N/100000","2020","DE","Germany",0.031368330,""
"Chikungunya virus disease","All cases","Age standardised rate","N/100000","2020","DK","Denmark",0.016389800,""
"Chikungunya virus disease","All cases","Age standardised rate","N/100000","2020","EE","Estonia",0.000000000,""
"Chikungunya virus disease","All cases","Age standardised rate","N/100000","2020","EL","Greece",0.000000000,""
"Chikungunya virus disease","All cases","Age standardised rate","N/100000","2020","ES","Spain",0.020061090,""
"Chikungunya virus disease","All cases","Age standardised rate","N/100000","2020","EU27_21","EU (without UK)",0.015775000,""
"Chikungunya virus disease","All cases","Age standardised rate","N/100000","2020","EU27_UK_21","EU (with UK until 2019)",0.015775000,""
"Chikungunya virus disease","All cases","Age standardised rate","N/100000","2020","EUEEA30_21","EU/EEA (without UK)",0.015775000,""
"Chikungunya virus disease","All cases","Age standardised rate","N/100000","2020","EUEEAUK_21","EU/EEA (with UK until 2019)",0.015775000,""
"Chikungunya virus disease","All cases","Age standardised rate","N/100000","2020","FI","Finland",0.041424210,""
"Chikungunya virus disease","All cases","Age standardised rate","N/100000","2020","FR","France",0.019499690,""
"Chikungunya virus disease","All cases","Age standardised rate","N/100000","2020","HR","Croatia",0.000000000,""
"Chikungunya virus disease","All cases","Age standardised rate","N/100000","2020","HU","Hungary",0.000000000,""
"Chikungunya virus disease","All cases","Age standardised rate","N/100000","2020","IE","Ireland",0.000000000,""
"Chikungunya virus disease","All cases","Age standardised rate","N/100000","2020","IT","Italy",0.010182390,""
"Chikungunya virus disease","All cases","Age standardised rate","N/100000","2020","LT","Lithuania",0.000000000,""
"Chikungunya virus disease","All cases","Age standardised rate","N/100000","2020","LU","Luxembourg",0.000000000,""
"Chikungunya virus disease","All cases","Age standardised rate","N/100000","2020","LV","Latvia",0.000000000,""
"Chikungunya virus disease","All cases","Age standardised rate","N/100000","2020","MT","Malta",0.000000000,""
"Chikungunya virus disease","All cases","Age standardised rate","N/100000","2020","NL","Netherlands",-,""
"Chikungunya virus disease","All cases","Age standardised rate","N/100000","2020","PL","Poland",0.000000000,""
"Chikungunya virus disease","All cases","Age standardised rate","N/100000","2020","PT","Portugal",0.000000000,""
"Chikungunya virus disease","All cases","Age standardised rate","N/100000","2020","RO","Romania",0.000000000,""
"Chikungunya virus disease","All cases","Age standardised rate","N/100000","2020","SE","Sweden",0.008011070,""
"Chikungunya virus disease","All cases","Age standardised rate","N/100000","2020","SI","Slovenia",0.000000000,""
"Chikungunya virus disease","All cases","Age standardised rate","N/100000","2020","SK","Slovakia",0.000000000,""
"Chikungunya virus disease","All cases","Age standardised rate","N/100000","2021","AT","Austria",0.000000000,""
"Chikungunya virus disease","All cases","Age standardised rate","N/100000","2021","BE","Belgium",0.019549450,""
"Chikungunya virus disease","All cases","Age standardised rate","N/100000","2021","CZ","Czechia",0.000000000,""
"Chikungunya virus disease","All cases","Age standardised rate","N/100000","2021","DE","Germany",0.009068040,""
"Chikungunya virus disease","All cases","Age standardised rate","N/100000","2021","DK","Denmark",0.000000000,""
"Chikungunya virus disease","All cases","Age standardised rate","N/100000","2021","EE","Estonia",0.000000000,""
"Chikungunya virus disease","All cases","Age standardised rate","N/100000","2021","EL","Greece",0.000000000,""
"Chikungunya virus disease","All cases","Age standardised rate","N/100000","2021","ES","Spain",0.002342980,""
"Chikungunya virus disease","All cases","Age standardised rate","N/100000","2021","EU27_21","EU (without UK)",0.003811000,""
"Chikungunya virus disease","All cases","Age standardised rate","N/100000","2021","EU27_UK_21","EU (with UK until 2019)",0.003811000,""
"Chikungunya virus disease","All cases","Age standardised rate","N/100000","2021","EUEEA30_21","EU/EEA (without UK)",0.003811000,""
"Chikungunya virus disease","All cases","Age standardised rate","N/100000","2021","EUEEAUK_21","EU/EEA (with UK until 2019)",0.003811000,""
"Chikungunya virus disease","All cases","Age standardised rate","N/100000","2021","FI","Finland",0.000000000,""
"Chikungunya virus disease","All cases","Age standardised rate","N/100000","2021","FR","France",0.004322500,""
"Chikungunya virus disease","All cases","Age standardised rate","N/100000","2021","HR","Croatia",0.000000000,""
"Chikungunya virus disease","All cases","Age standardised rate","N/100000","2021","HU","Hungary",0.000000000,""
"Chikungunya virus disease","All cases","Age standardised rate","N/100000","2021","IE","Ireland",0.000000000,""
"Chikungunya virus disease","All cases","Age standardised rate","N/100000","2021","IT","Italy",0.000000000,""
"Chikungunya virus disease","All cases","Age standardised rate","N/100000","2021","LI","Liechtenstein",0.000000000,""
"Chikungunya virus disease","All cases","Age standardised rate","N/100000","2021","LT","Lithuania",0.000000000,""
"Chikungunya virus disease","All cases","Age standardised rate","N/100000","2021","LU","Luxembourg",0.000000000,""
"Chikungunya virus disease","All cases","Age standardised rate","N/100000","2021","LV","Latvia",0.000000000,""
"Chikungunya virus disease","All cases","Age standardised rate","N/100000","2021","MT","Malta",0.000000000,""
"Chikungunya virus disease","All cases","Age standardised rate","N/100000","2021","NL","Netherlands",-,""
"Chikungunya virus disease","All cases","Age standardised rate","N/100000","2021","PL","Poland",0.000000000,""
"Chikungunya virus disease","All cases","Age standardised rate","N/100000","2021","PT","Portugal",0.000000000,""
"Chikungunya virus disease","All cases","Age standardised rate","N/100000","2021","RO","Romania",0.000000000,""
"Chikungunya virus disease","All cases","Age standardised rate","N/100000","2021","SE","Sweden",0.021289990,""
"Chikungunya virus disease","All cases","Age standardised rate","N/100000","2021","SI","Slovenia",0.000000000,""
"Chikungunya virus disease","All cases","Age standardised rate","N/100000","2021","SK","Slovakia",0.000000000,""
"Chikungunya virus disease","All cases","Age standardised rate","N/100000","2022","AT","Austria",0.039314010,""
"Chikungunya virus disease","All cases","Age standardised rate","N/100000","2022","BE","Belgium",0.027487400,""
"Chikungunya virus disease","All cases","Age standardised rate","N/100000","2022","CZ","Czechia",0.021760250,""
"Chikungunya virus disease","All cases","Age standardised rate","N/100000","2022","DE","Germany",0.040124890,""
"Chikungunya virus disease","All cases","Age standardised rate","N/100000","2022","DK","Denmark",0.000000000,""
"Chikungunya virus disease","All cases","Age standardised rate","N/100000","2022","EE","Estonia",0.000000000,""
"Chikungunya virus disease","All cases","Age standardised rate","N/100000","2022","EL","Greece",0.000000000,""
"Chikungunya virus disease","All cases","Age standardised rate","N/100000","2022","ES","Spain",0.020508710,""
"Chikungunya virus disease","All cases","Age standardised rate","N/100000","2022","EU27_21","EU (without UK)",0.019509000,""
"Chikungunya virus disease","All cases","Age standardised rate","N/100000","2022","EU27_UK_21","EU (with UK until 2019)",0.019509000,""
"Chikungunya virus disease","All cases","Age standardised rate","N/100000","2022","EUEEA30_21","EU/EEA (without UK)",0.019489000,""
"Chikungunya virus disease","All cases","Age standardised rate","N/100000","2022","EUEEAUK_21","EU/EEA (with UK until 2019)",0.019489000,""
"Chikungunya virus disease","All cases","Age standardised rate","N/100000","2022","FI","Finland",0.000000000,""
"Chikungunya virus disease","All cases","Age standardised rate","N/100000","2022","FR","France",0.035418560,""
"Chikungunya virus disease","All cases","Age standardised rate","N/100000","2022","HR","Croatia",0.000000000,""
"Chikungunya virus disease","All cases","Age standardised rate","N/100000","2022","HU","Hungary",0.022444820,""
"Chikungunya virus disease","All cases","Age standardised rate","N/100000","2022","IE","Ireland",0.000000000,""
"Chikungunya virus disease","All cases","Age standardised rate","N/100000","2022","IS","Iceland",0.000000000,""
"Chikungunya virus disease","All cases","Age standardised rate","N/100000","2022","IT","Italy",0.000000000,""
"Chikungunya virus disease","All cases","Age standardised rate","N/100000","2022","LI","Liechtenstein",0.000000000,""
"Chikungunya virus disease","All cases","Age standardised rate","N/100000","2022","LT","Lithuania",0.000000000,""
"Chikungunya virus disease","All cases","Age standardised rate","N/100000","2022","LU","Luxembourg",0.000000000,""
"Chikungunya virus disease","All cases","Age standardised rate","N/100000","2022","LV","Latvia",0.000000000,""
"Chikungunya virus disease","All cases","Age standardised rate","N/100000","2022","MT","Malta",0.165434490,""
"Chikungunya virus disease","All cases","Age standardised rate","N/100000","2022","NL","Netherlands",-,""
"Chikungunya virus disease","All cases","Age standardised rate","N/100000","2022","PL","Poland",0.004927610,""
"Chikungunya virus disease","All cases","Age standardised rate","N/100000","2022","PT","Portugal",0.000000000,""
"Chikungunya virus disease","All cases","Age standardised rate","N/100000","2022","RO","Romania",0.000000000,""
"Chikungunya virus disease","All cases","Age standardised rate","N/100000","2022","SE","Sweden",0.009852680,""
"Chikungunya virus disease","All cases","Age standardised rate","N/100000","2022","SI","Slovenia",0.000000000,""
"Chikungunya virus disease","All cases","Age standardised rate","N/100000","2022","SK","Slovakia",0.000000000,""
"Chikungunya virus disease","All cases","Age standardised rate","N/100000","2023","AT","Austria",0.078513020,""
"Chikungunya virus disease","All cases","Age standardised rate","N/100000","2023","BE","Belgium",0.124353930,""
"Chikungunya virus disease","All cases","Age standardised rate","N/100000","2023","CZ","Czechia",0.029095140,""
"Chikungunya virus disease","All cases","Age standardised rate","N/100000","2023","DE","Germany",0.109904330,""
"Chikungunya virus disease","All cases","Age standardised rate","N/100000","2023","DK","Denmark",0.055365970,""
"Chikungunya virus disease","All cases","Age standardised rate","N/100000","2023","EE","Estonia",0.000000000,""
"Chikungunya virus disease","All cases","Age standardised rate","N/100000","2023","EL","Greece",0.000000000,""
"Chikungunya virus disease","All cases","Age standardised rate","N/100000","2023","ES","Spain",0.400222140,""
"Chikungunya virus disease","All cases","Age standardised rate","N/100000","2023","EU27_21","EU (without UK)",0.092055000,""
"Chikungunya virus disease","All cases","Age standardised rate","N/100000","2023","EU27_UK_21","EU (with UK until 2019)",0.092055000,""
"Chikungunya virus disease","All cases","Age standardised rate","N/100000","2023","EUEEA30_21","EU/EEA (without UK)",0.091962000,""
"Chikungunya virus disease","All cases","Age standardised rate","N/100000","2023","EUEEAUK_21","EU/EEA (with UK until 2019)",0.091962000,""
"Chikungunya virus disease","All cases","Age standardised rate","N/100000","2023","FI","Finland",0.059420860,""
"Chikungunya virus disease","All cases","Age standardised rate","N/100000","2023","FR","France",0.058241110,""
"Chikungunya virus disease","All cases","Age standardised rate","N/100000","2023","HR","Croatia",0.000000000,""
"Chikungunya virus disease","All cases","Age standardised rate","N/100000","2023","HU","Hungary",0.011580870,""
"Chikungunya virus disease","All cases","Age standardised rate","N/100000","2023","IE","Ireland",0.000000000,""
"Chikungunya virus disease","All cases","Age standardised rate","N/100000","2023","IS","Iceland",0.000000000,""
"Chikungunya virus disease","All cases","Age standardised rate","N/100000","2023","IT","Italy",0.031331680,""
"Chikungunya virus disease","All cases","Age standardised rate","N/100000","2023","LI","Liechtenstein",0.000000000,""
"Chikungunya virus disease","All cases","Age standardised rate","N/100000","2023","LT","Lithuania",0.000000000,""
"Chikungunya virus disease","All cases","Age standardised rate","N/100000","2023","LU","Luxembourg",0.000000000,""
"Chikungunya virus disease","All cases","Age standardised rate","N/100000","2023","LV","Latvia",0.102259260,""
"Chikungunya virus disease","All cases","Age standardised rate","N/100000","2023","MT","Malta",0.000000000,""
"Chikungunya virus disease","All cases","Age standardised rate","N/100000","2023","NL","Netherlands",-,""
"Chikungunya virus disease","All cases","Age standardised rate","N/100000","2023","PL","Poland",0.014542860,""
"Chikungunya virus disease","All cases","Age standardised rate","N/100000","2023","PT","Portugal",0.008219220,""
"Chikungunya virus disease","All cases","Age standardised rate","N/100000","2023","RO","Romania",0.026394780,""
"Chikungunya virus disease","All cases","Age standardised rate","N/100000","2023","SE","Sweden",0.010495630,""
"Chikungunya virus disease","All cases","Age standardised rate","N/100000","2023","SI","Slovenia",0.000000000,""
"Chikungunya virus disease","All cases","Age standardised rate","N/100000","2023","SK","Slovakia",0.000000000,""
"Chikungunya virus disease","All cases","Age standardised rate","N/100000","2024","AT","Austria",0.119414790,""
"Chikungunya virus disease","All cases","Age standardised rate","N/100000","2024","BE","Belgium",0.127285330,""
"Chikungunya virus disease","All cases","Age standardised rate","N/100000","2024","CY","Cyprus",0.000000000,""
"Chikungunya virus disease","All cases","Age standardised rate","N/100000","2024","CZ","Czechia",0.031406170,""
"Chikungunya virus disease","All cases","Age standardised rate","N/100000","2024","DE","Germany",0.063748430,""
"Chikungunya virus disease","All cases","Age standardised rate","N/100000","2024","DK","Denmark",0.019367950,""
"Chikungunya virus disease","All cases","Age standardised rate","N/100000","2024","EE","Estonia",0.000000000,""
"Chikungunya virus disease","All cases","Age standardised rate","N/100000","2024","EL","Greece",0.000000000,""
"Chikungunya virus disease","All cases","Age standardised rate","N/100000","2024","ES","Spain",0.115230400,""
"Chikungunya virus disease","All cases","Age standardised rate","N/100000","2024","EU27_21","EU (without UK)",0.053018000,""
"Chikungunya virus disease","All cases","Age standardised rate","N/100000","2024","EU27_UK_21","EU (with UK until 2019)",0.053018000,""
"Chikungunya virus disease","All cases","Age standardised rate","N/100000","2024","EUEEA30_21","EU/EEA (without UK)",0.053263000,""
"Chikungunya virus disease","All cases","Age standardised rate","N/100000","2024","EUEEAUK_21","EU/EEA (with UK until 2019)",0.053263000,""
"Chikungunya virus disease","All cases","Age standardised rate","N/100000","2024","FI","Finland",0.058752700,""
"Chikungunya virus disease","All cases","Age standardised rate","N/100000","2024","FR","France",0.052216220,""
"Chikungunya virus disease","All cases","Age standardised rate","N/100000","2024","HR","Croatia",0.000000000,""
"Chikungunya virus disease","All cases","Age standardised rate","N/100000","2024","HU","Hungary",0.054028240,""
"Chikungunya virus disease","All cases","Age standardised rate","N/100000","2024","IE","Ireland",0.000000000,""
"Chikungunya virus disease","All cases","Age standardised rate","N/100000","2024","IS","Iceland",0.000000000,""
"Chikungunya virus disease","All cases","Age standardised rate","N/100000","2024","IT","Italy",0.030170830,""
"Chikungunya virus disease","All cases","Age standardised rate","N/100000","2024","LI","Liechtenstein",3.166982200,""
"Chikungunya virus disease","All cases","Age standardised rate","N/100000","2024","LT","Lithuania",0.000000000,""
"Chikungunya virus disease","All cases","Age standardised rate","N/100000","2024","LU","Luxembourg",0.310799250,""
"Chikungunya virus disease","All cases","Age standardised rate","N/100000","2024","LV","Latvia",0.000000000,""
"Chikungunya virus disease","All cases","Age standardised rate","N/100000","2024","MT","Malta",0.142841380,""
"Chikungunya virus disease","All cases","Age standardised rate","N/100000","2024","NL","Netherlands",-,""
"Chikungunya virus disease","All cases","Age standardised rate","N/100000","2024","PL","Poland",0.011297650,""
"Chikungunya virus disease","All cases","Age standardised rate","N/100000","2024","PT","Portugal",0.011629100,""
"Chikungunya virus disease","All cases","Age standardised rate","N/100000","2024","RO","Romania",0.030750310,""
"Chikungunya virus disease","All cases","Age standardised rate","N/100000","2024","SE","Sweden",0.088654770,""
"Chikungunya virus disease","All cases","Age standardised rate","N/100000","2024","SI","Slovenia",0.000000000,""
"Chikungunya virus disease","All cases","Age standardised rate","N/100000","2024","SK","Slovakia",0.000000000,""
"Chikungunya virus disease","All cases","Notification rate","N/100000","2008","AT","Austria",0.000000000,""
"Chikungunya virus disease","All cases","Notification rate","N/100000","2008","BE","Belgium",0.000000000,""
"Chikungunya virus disease","All cases","Notification rate","N/100000","2008","CZ","Czechia",0.000000000,""
"Chikungunya virus disease","All cases","Notification rate","N/100000","2008","DE","Germany",0.020676770,""
"Chikungunya virus disease","All cases","Notification rate","N/100000","2008","EE","Estonia",0.000000000,""
"Chikungunya virus disease","All cases","Notification rate","N/100000","2008","EL","Greece",0.000000000,""
"Chikungunya virus disease","All cases","Notification rate","N/100000","2008","ES","Spain",-,""
"Chikungunya virus disease","All cases","Notification rate","N/100000","2008","EU27_21","EU (without UK)",0.007960000,""
"Chikungunya virus disease","All cases","Notification rate","N/100000","2008","EU27_UK_21","EU (with UK until 2019)",0.008983000,""
"Chikungunya virus disease","All cases","Notification rate","N/100000","2008","EUEEA30_21","EU/EEA (without UK)",0.007960000,""
"Chikungunya virus disease","All cases","Notification rate","N/100000","2008","EUEEAUK_21","EU/EEA (with UK until 2019)",0.008983000,""
"Chikungunya virus disease","All cases","Notification rate","N/100000","2008","FI","Finland",0.000000000,""
"Chikungunya virus disease","All cases","Notification rate","N/100000","2008","FR","France",0.001562320,""
"Chikungunya virus disease","All cases","Notification rate","N/100000","2008","HU","Hungary",0.000000000,""
"Chikungunya virus disease","All cases","Notification rate","N/100000","2008","IE","Ireland",0.000000000,""
"Chikungunya virus disease","All cases","Notification rate","N/100000","2008","IT","Italy",0.015253770,""
"Chikungunya virus disease","All cases","Notification rate","N/100000","2008","LT","Lithuania",0.000000000,""
"Chikungunya virus disease","All cases","Notification rate","N/100000","2008","LU","Luxembourg",0.000000000,""
"Chikungunya virus disease","All cases","Notification rate","N/100000","2008","LV","Latvia",0.000000000,""
"Chikungunya virus disease","All cases","Notification rate","N/100000","2008","MT","Malta",0.000000000,""
"Chikungunya virus disease","All cases","Notification rate","N/100000","2008","PL","Poland",0.000000000,""
"Chikungunya virus disease","All cases","Notification rate","N/100000","2008","RO","Romania",0.000000000,""
"Chikungunya virus disease","All cases","Notification rate","N/100000","2008","SI","Slovenia",0.000000000,""
"Chikungunya virus disease","All cases","Notification rate","N/100000","2008","SK","Slovakia",0.000000000,""
"Chikungunya virus disease","All cases","Notification rate","N/100000","2008","UK","United Kingdom",0.014617110,""
"Chikungunya virus disease","All cases","Notification rate","N/100000","2009","AT","Austria",0.095980760,""
"Chikungunya virus disease","All cases","Notification rate","N/100000","2009","BE","Belgium",0.055797960,""
"Chikungunya virus disease","All cases","Notification rate","N/100000","2009","CZ","Czechia",0.000000000,""
"Chikungunya virus disease","All cases","Notification rate","N/100000","2009","DE","Germany",0.065851760,""
"Chikungunya virus disease","All cases","Notification rate","N/100000","2009","EE","Estonia",0.000000000,""
"Chikungunya virus disease","All cases","Notification rate","N/100000","2009","EL","Greece",0.000000000,""
"Chikungunya virus disease","All cases","Notification rate","N/100000","2009","ES","Spain",-,""
"Chikungunya virus disease","All cases","Notification rate","N/100000","2009","EU27_21","EU (without UK)",0.024921000,""
"Chikungunya virus disease","All cases","Notification rate","N/100000","2009","EU27_UK_21","EU (with UK until 2019)",0.034781000,""
"Chikungunya virus disease","All cases","Notification rate","N/100000","2009","EUEEA30_21","EU/EEA (without UK)",0.024921000,""
"Chikungunya virus disease","All cases","Notification rate","N/100000","2009","EUEEAUK_21","EU/EEA (with UK until 2019)",0.034781000,""
"Chikungunya virus disease","All cases","Notification rate","N/100000","2009","FI","Finland",0.056324120,""
"Chikungunya virus disease","All cases","Notification rate","N/100000","2009","FR","France",0.020201940,""
"Chikungunya virus disease","All cases","Notification rate","N/100000","2009","HU","Hungary",0.000000000,""
"Chikungunya virus disease","All cases","Notification rate","N/100000","2009","IE","Ireland",0.000000000,""
"Chikungunya virus disease","All cases","Notification rate","N/100000","2009","IT","Italy",0.005048750,""
"Chikungunya virus disease","All cases","Notification rate","N/100000","2009","LT","Lithuania",0.000000000,""
"Chikungunya virus disease","All cases","Notification rate","N/100000","2009","LU","Luxembourg",0.000000000,""
"Chikungunya virus disease","All cases","Notification rate","N/100000","2009","LV","Latvia",0.000000000,""
"Chikungunya virus disease","All cases","Notification rate","N/100000","2009","MT","Malta",0.000000000,""
"Chikungunya virus disease","All cases","Notification rate","N/100000","2009","PL","Poland",0.000000000,""
"Chikungunya virus disease","All cases","Notification rate","N/100000","2009","RO","Romania",0.000000000,""
"Chikungunya virus disease","All cases","Notification rate","N/100000","2009","SE","Sweden",0.000000000,""
"Chikungunya virus disease","All cases","Notification rate","N/100000","2009","SI","Slovenia",0.000000000,""
"Chikungunya virus disease","All cases","Notification rate","N/100000","2009","SK","Slovakia",0.000000000,""
"Chikungunya virus disease","All cases","Notification rate","N/100000","2009","UK","United Kingdom",0.090260930,""
"Chikungunya virus disease","All cases","Notification rate","N/100000","2010","AT","Austria",0.023947380,""
"Chikungunya virus disease","All cases","Notification rate","N/100000","2010","BE","Belgium",0.073801380,""
"Chikungunya virus disease","All cases","Notification rate","N/100000","2010","CZ","Czechia",0.000000000,""
"Chikungunya virus disease","All cases","Notification rate","N/100000","2010","DE","Germany",0.045231020,""
"Chikungunya virus disease","All cases","Notification rate","N/100000","2010","DK","Denmark",0.000000000,""
"Chikungunya virus disease","All cases","Notification rate","N/100000","2010","EE","Estonia",0.000000000,""
"Chikungunya virus disease","All cases","Notification rate","N/100000","2010","EL","Greece",0.000000000,""
"Chikungunya virus disease","All cases","Notification rate","N/100000","2010","ES","Spain",-,""
"Chikungunya virus disease","All cases","Notification rate","N/100000","2010","EU27_21","EU (without UK)",0.028170000,""
"Chikungunya virus disease","All cases","Notification rate","N/100000","2010","EU27_UK_21","EU (with UK until 2019)",0.042875000,""
"Chikungunya virus disease","All cases","Notification rate","N/100000","2010","EUEEA30_21","EU/EEA (without UK)",0.028170000,""
"Chikungunya virus disease","All cases","Notification rate","N/100000","2010","EUEEAUK_21","EU/EEA (with UK until 2019)",0.042875000,""
"Chikungunya virus disease","All cases","Notification rate","N/100000","2010","FI","Finland",0.018686600,""
"Chikungunya virus disease","All cases","Notification rate","N/100000","2010","FR","France",0.068049450,""
"Chikungunya virus disease","All cases","Notification rate","N/100000","2010","HU","Hungary",0.000000000,""
"Chikungunya virus disease","All cases","Notification rate","N/100000","2010","IE","Ireland",0.021980780,""
"Chikungunya virus disease","All cases","Notification rate","N/100000","2010","IT","Italy",0.011727190,""
"Chikungunya virus disease","All cases","Notification rate","N/100000","2010","LT","Lithuania",0.000000000,""
"Chikungunya virus disease","All cases","Notification rate","N/100000","2010","LU","Luxembourg",0.000000000,""
"Chikungunya virus disease","All cases","Notification rate","N/100000","2010","LV","Latvia",0.000000000,""
"Chikungunya virus disease","All cases","Notification rate","N/100000","2010","MT","Malta",0.000000000,""
"Chikungunya virus disease","All cases","Notification rate","N/100000","2010","PL","Poland",0.000000000,""
"Chikungunya virus disease","All cases","Notification rate","N/100000","2010","RO","Romania",0.000000000,""
"Chikungunya virus disease","All cases","Notification rate","N/100000","2010","SE","Sweden",0.000000000,""
"Chikungunya virus disease","All cases","Notification rate","N/100000","2010","SI","Slovenia",0.000000000,""
"Chikungunya virus disease","All cases","Notification rate","N/100000","2010","SK","Slovakia",0.000000000,""
"Chikungunya virus disease","All cases","Notification rate","N/100000","2010","UK","United Kingdom",0.126379380,""
"Chikungunya virus disease","All cases","Notification rate","N/100000","2011","AT","Austria",0.023880120,""
"Chikungunya virus disease","All cases","Notification rate","N/100000","2011","BE","Belgium",0.072723050,""
"Chikungunya virus disease","All cases","Notification rate","N/100000","2011","CZ","Czechia",0.000000000,""
"Chikungunya virus disease","All cases","Notification rate","N/100000","2011","DE","Germany",0.016205010,""
"Chikungunya virus disease","All cases","Notification rate","N/100000","2011","DK","Denmark",0.000000000,""
"Chikungunya virus disease","All cases","Notification rate","N/100000","2011","EE","Estonia",0.000000000,""
"Chikungunya virus disease","All cases","Notification rate","N/100000","2011","EL","Greece",0.000000000,""
"Chikungunya virus disease","All cases","Notification rate","N/100000","2011","ES","Spain",-,""
"Chikungunya virus disease","All cases","Notification rate","N/100000","2011","EU27_21","EU (without UK)",0.010448000,""
"Chikungunya virus disease","All cases","Notification rate","N/100000","2011","EU27_UK_21","EU (with UK until 2019)",0.012225000,""
"Chikungunya virus disease","All cases","Notification rate","N/100000","2011","EUEEA30_21","EU/EEA (without UK)",0.010448000,""
"Chikungunya virus disease","All cases","Notification rate","N/100000","2011","EUEEAUK_21","EU/EEA (with UK until 2019)",0.012225000,""
"Chikungunya virus disease","All cases","Notification rate","N/100000","2011","FI","Finland",0.000000000,""
"Chikungunya virus disease","All cases","Notification rate","N/100000","2011","FR","France",0.018467580,""
"Chikungunya virus disease","All cases","Notification rate","N/100000","2011","HU","Hungary",0.000000000,""
"Chikungunya virus disease","All cases","Notification rate","N/100000","2011","IE","Ireland",0.000000000,""
"Chikungunya virus disease","All cases","Notification rate","N/100000","2011","IT","Italy",0.003336190,""
"Chikungunya virus disease","All cases","Notification rate","N/100000","2011","LT","Lithuania",0.000000000,""
"Chikungunya virus disease","All cases","Notification rate","N/100000","2011","LU","Luxembourg",0.000000000,""
"Chikungunya virus disease","All cases","Notification rate","N/100000","2011","LV","Latvia",0.000000000,""
"Chikungunya virus disease","All cases","Notification rate","N/100000","2011","MT","Malta",0.000000000,""
"Chikungunya virus disease","All cases","Notification rate","N/100000","2011","PL","Poland",0.000000000,""
"Chikungunya virus disease","All cases","Notification rate","N/100000","2011","RO","Romania",0.000000000,""
"Chikungunya virus disease","All cases","Notification rate","N/100000","2011","SE","Sweden",0.000000000,""
"Chikungunya virus disease","All cases","Notification rate","N/100000","2011","SI","Slovenia",0.000000000,""
"Chikungunya virus disease","All cases","Notification rate","N/100000","2011","SK","Slovakia",0.000000000,""
"Chikungunya virus disease","All cases","Notification rate","N/100000","2011","UK","United Kingdom",0.022214270,""
"Chikungunya virus disease","All cases","Notification rate","N/100000","2012","AT","Austria",0.000000000,""
"Chikungunya virus disease","All cases","Notification rate","N/100000","2012","BE","Belgium",0.054171720,""
"Chikungunya virus disease","All cases","Notification rate","N/100000","2012","CZ","Czechia",0.000000000,""
"Chikungunya virus disease","All cases","Notification rate","N/100000","2012","DE","Germany",0.011204070,""
"Chikungunya virus disease","All cases","Notification rate","N/100000","2012","DK","Denmark",0.000000000,""
"Chikungunya virus disease","All cases","Notification rate","N/100000","2012","EE","Estonia",0.000000000,""
"Chikungunya virus disease","All cases","Notification rate","N/100000","2012","EL","Greece",0.000000000,""
"Chikungunya virus disease","All cases","Notification rate","N/100000","2012","ES","Spain",-,""
"Chikungunya virus disease","All cases","Notification rate","N/100000","2012","EU27_21","EU (without UK)",0.009192000,""
"Chikungunya virus disease","All cases","Notification rate","N/100000","2012","EU27_UK_21","EU (with UK until 2019)",0.012781000,""
"Chikungunya virus disease","All cases","Notification rate","N/100000","2012","EUEEA30_21","EU/EEA (without UK)",0.009192000,""
"Chikungunya virus disease","All cases","Notification rate","N/100000","2012","EUEEAUK_21","EU/EEA (with UK until 2019)",0.012781000,""
"Chikungunya virus disease","All cases","Notification rate","N/100000","2012","FI","Finland",0.000000000,""
"Chikungunya virus disease","All cases","Notification rate","N/100000","2012","FR","France",0.016851260,""
"Chikungunya virus disease","All cases","Notification rate","N/100000","2012","HR","Croatia",0.000000000,""
"Chikungunya virus disease","All cases","Notification rate","N/100000","2012","HU","Hungary",0.000000000,""
"Chikungunya virus disease","All cases","Notification rate","N/100000","2012","IE","Ireland",0.000000000,""
"Chikungunya virus disease","All cases","Notification rate","N/100000","2012","IT","Italy",0.008318740,""
"Chikungunya virus disease","All cases","Notification rate","N/100000","2012","LT","Lithuania",0.000000000,""
"Chikungunya virus disease","All cases","Notification rate","N/100000","2012","LU","Luxembourg",0.000000000,""
"Chikungunya virus disease","All cases","Notification rate","N/100000","2012","LV","Latvia",0.000000000,""
"Chikungunya virus disease","All cases","Notification rate","N/100000","2012","MT","Malta",0.000000000,""
"Chikungunya virus disease","All cases","Notification rate","N/100000","2012","PL","Poland",0.000000000,""
"Chikungunya virus disease","All cases","Notification rate","N/100000","2012","RO","Romania",0.000000000,""
"Chikungunya virus disease","All cases","Notification rate","N/100000","2012","SE","Sweden",0.021090690,""
"Chikungunya virus disease","All cases","Notification rate","N/100000","2012","SI","Slovenia",0.000000000,""
"Chikungunya virus disease","All cases","Notification rate","N/100000","2012","SK","Slovakia",0.000000000,""
"Chikungunya virus disease","All cases","Notification rate","N/100000","2012","UK","United Kingdom",0.033073420,""
"Chikungunya virus disease","All cases","Notification rate","N/100000","2013","AT","Austria",0.000000000,""
"Chikungunya virus disease","All cases","Notification rate","N/100000","2013","BE","Belgium",0.062848050,""
"Chikungunya virus disease","All cases","Notification rate","N/100000","2013","CZ","Czechia",0.000000000,""
"Chikungunya virus disease","All cases","Notification rate","N/100000","2013","DE","Germany",0.019869910,""
"Chikungunya virus disease","All cases","Notification rate","N/100000","2013","DK","Denmark",0.000000000,""
"Chikungunya virus disease","All cases","Notification rate","N/100000","2013","EE","Estonia",0.000000000,""
"Chikungunya virus disease","All cases","Notification rate","N/100000","2013","EL","Greece",0.000000000,""
"Chikungunya virus disease","All cases","Notification rate","N/100000","2013","ES","Spain",-,""
"Chikungunya virus disease","All cases","Notification rate","N/100000","2013","EU27_21","EU (without UK)",0.012511000,""
"Chikungunya virus disease","All cases","Notification rate","N/100000","2013","EU27_UK_21","EU (with UK until 2019)",0.016761000,""
"Chikungunya virus disease","All cases","Notification rate","N/100000","2013","EUEEA30_21","EU/EEA (without UK)",0.012511000,""
"Chikungunya virus disease","All cases","Notification rate","N/100000","2013","EUEEAUK_21","EU/EEA (with UK until 2019)",0.016761000,""
"Chikungunya virus disease","All cases","Notification rate","N/100000","2013","FI","Finland",0.018427490,""
"Chikungunya virus disease","All cases","Notification rate","N/100000","2013","FR","France",0.018292580,""
"Chikungunya virus disease","All cases","Notification rate","N/100000","2013","HR","Croatia",0.000000000,""
"Chikungunya virus disease","All cases","Notification rate","N/100000","2013","HU","Hungary",0.000000000,""
"Chikungunya virus disease","All cases","Notification rate","N/100000","2013","IE","Ireland",0.000000000,""
"Chikungunya virus disease","All cases","Notification rate","N/100000","2013","IT","Italy",0.004976990,""
"Chikungunya virus disease","All cases","Notification rate","N/100000","2013","LT","Lithuania",0.000000000,""
"Chikungunya virus disease","All cases","Notification rate","N/100000","2013","LU","Luxembourg",0.000000000,""
"Chikungunya virus disease","All cases","Notification rate","N/100000","2013","LV","Latvia",0.000000000,""
"Chikungunya virus disease","All cases","Notification rate","N/100000","2013","MT","Malta",0.000000000,""
"Chikungunya virus disease","All cases","Notification rate","N/100000","2013","PL","Poland",0.000000000,""
"Chikungunya virus disease","All cases","Notification rate","N/100000","2013","RO","Romania",0.000000000,""
"Chikungunya virus disease","All cases","Notification rate","N/100000","2013","SE","Sweden",0.062788480,""
"Chikungunya virus disease","All cases","Notification rate","N/100000","2013","SI","Slovenia",0.000000000,""
"Chikungunya virus disease","All cases","Notification rate","N/100000","2013","SK","Slovakia",0.000000000,""
"Chikungunya virus disease","All cases","Notification rate","N/100000","2013","UK","United Kingdom",0.040685170,""
"Chikungunya virus disease","All cases","Notification rate","N/100000","2014","BE","Belgium",0.661846510,""
"Chikungunya virus disease","All cases","Notification rate","N/100000","2014","CZ","Czechia",0.028537670,""
"Chikungunya virus disease","All cases","Notification rate","N/100000","2014","DE","Germany",0.200575810,""
"Chikungunya virus disease","All cases","Notification rate","N/100000","2014","DK","Denmark",0.053312150,""
"Chikungunya virus disease","All cases","Notification rate","N/100000","2014","EE","Estonia",0.000000000,""
"Chikungunya virus disease","All cases","Notification rate","N/100000","2014","EL","Greece",0.009151800,""
"Chikungunya virus disease","All cases","Notification rate","N/100000","2014","ES","Spain",0.584999770,""
"Chikungunya virus disease","All cases","Notification rate","N/100000","2014","EU27_21","EU (without UK)",0.343279000,""
"Chikungunya virus disease","All cases","Notification rate","N/100000","2014","EU27_UK_21","EU (with UK until 2019)",0.360583000,""
"Chikungunya virus disease","All cases","Notification rate","N/100000","2014","EUEEA30_21","EU/EEA (without UK)",0.343279000,""
"Chikungunya virus disease","All cases","Notification rate","N/100000","2014","EUEEAUK_21","EU/EEA (with UK until 2019)",0.360583000,""
"Chikungunya virus disease","All cases","Notification rate","N/100000","2014","FI","Finland",0.073377390,""
"Chikungunya virus disease","All cases","Notification rate","N/100000","2014","FR","France",1.190944340,""
"Chikungunya virus disease","All cases","Notification rate","N/100000","2014","HR","Croatia",0.000000000,""
"Chikungunya virus disease","All cases","Notification rate","N/100000","2014","HU","Hungary",0.020304120,""
"Chikungunya virus disease","All cases","Notification rate","N/100000","2014","IE","Ireland",0.021561700,""
"Chikungunya virus disease","All cases","Notification rate","N/100000","2014","IT","Italy",0.064627400,""
"Chikungunya virus disease","All cases","Notification rate","N/100000","2014","LT","Lithuania",0.000000000,""
"Chikungunya virus disease","All cases","Notification rate","N/100000","2014","LU","Luxembourg",0.000000000,""
"Chikungunya virus disease","All cases","Notification rate","N/100000","2014","LV","Latvia",0.000000000,""
"Chikungunya virus disease","All cases","Notification rate","N/100000","2014","MT","Malta",0.000000000,""
"Chikungunya virus disease","All cases","Notification rate","N/100000","2014","NL","Netherlands",-,""
"Chikungunya virus disease","All cases","Notification rate","N/100000","2014","PL","Poland",0.000000000,""
"Chikungunya virus disease","All cases","Notification rate","N/100000","2014","RO","Romania",0.000000000,""
"Chikungunya virus disease","All cases","Notification rate","N/100000","2014","SE","Sweden",0.196996030,""
"Chikungunya virus disease","All cases","Notification rate","N/100000","2014","SI","Slovenia",0.000000000,""
"Chikungunya virus disease","All cases","Notification rate","N/100000","2014","SK","Slovakia",0.000000000,""
"Chikungunya virus disease","All cases","Notification rate","N/100000","2014","UK","United Kingdom",0.467745720,""
"Chikungunya virus disease","All cases","Notification rate","N/100000","2015","BE","Belgium",0.391554030,""
"Chikungunya virus disease","All cases","Notification rate","N/100000","2015","CZ","Czechia",0.009489210,""
"Chikungunya virus disease","All cases","Notification rate","N/100000","2015","DE","Germany",0.135472080,""
"Chikungunya virus disease","All cases","Notification rate","N/100000","2015","DK","Denmark",0.017668730,""
"Chikungunya virus disease","All cases","Notification rate","N/100000","2015","EE","Estonia",0.000000000,""
"Chikungunya virus disease","All cases","Notification rate","N/100000","2015","EL","Greece",0.000000000,""
"Chikungunya virus disease","All cases","Notification rate","N/100000","2015","ES","Spain",0.504030930,""
"Chikungunya virus disease","All cases","Notification rate","N/100000","2015","EU27_21","EU (without UK)",0.124771000,""
"Chikungunya virus disease","All cases","Notification rate","N/100000","2015","EU27_UK_21","EU (with UK until 2019)",0.130058000,""
"Chikungunya virus disease","All cases","Notification rate","N/100000","2015","EUEEA30_21","EU/EEA (without UK)",0.124771000,""
"Chikungunya virus disease","All cases","Notification rate","N/100000","2015","EUEEAUK_21","EU/EEA (with UK until 2019)",0.130058000,""
"Chikungunya virus disease","All cases","Notification rate","N/100000","2015","FI","Finland",0.109654070,""
"Chikungunya virus disease","All cases","Notification rate","N/100000","2015","FR","France",0.102320020,""
"Chikungunya virus disease","All cases","Notification rate","N/100000","2015","HR","Croatia",0.000000000,""
"Chikungunya virus disease","All cases","Notification rate","N/100000","2015","HU","Hungary",0.020375190,""
"Chikungunya virus disease","All cases","Notification rate","N/100000","2015","IE","Ireland",0.021378360,""
"Chikungunya virus disease","All cases","Notification rate","N/100000","2015","IT","Italy",0.031511470,""
"Chikungunya virus disease","All cases","Notification rate","N/100000","2015","LT","Lithuania",0.000000000,""
"Chikungunya virus disease","All cases","Notification rate","N/100000","2015","LU","Luxembourg",0.000000000,""
"Chikungunya virus disease","All cases","Notification rate","N/100000","2015","LV","Latvia",0.100700060,""
"Chikungunya virus disease","All cases","Notification rate","N/100000","2015","MT","Malta",0.000000000,""
"Chikungunya virus disease","All cases","Notification rate","N/100000","2015","NL","Netherlands",-,""
"Chikungunya virus disease","All cases","Notification rate","N/100000","2015","PL","Poland",0.000000000,""
"Chikungunya virus disease","All cases","Notification rate","N/100000","2015","PT","Portugal",0.000000000,""
"Chikungunya virus disease","All cases","Notification rate","N/100000","2015","RO","Romania",0.000000000,""
"Chikungunya virus disease","All cases","Notification rate","N/100000","2015","SE","Sweden",0.235961440,""
"Chikungunya virus disease","All cases","Notification rate","N/100000","2015","SI","Slovenia",0.000000000,""
"Chikungunya virus disease","All cases","Notification rate","N/100000","2015","SK","Slovakia",0.000000000,""
"Chikungunya virus disease","All cases","Notification rate","N/100000","2015","UK","United Kingdom",0.163445570,""
"Chikungunya virus disease","All cases","Notification rate","N/100000","2016","AT","Austria",0.103442670,""
"Chikungunya virus disease","All cases","Notification rate","N/100000","2016","BE","Belgium",0.256384930,""
"Chikungunya virus disease","All cases","Notification rate","N/100000","2016","CZ","Czechia",0.066326550,""
"Chikungunya virus disease","All cases","Notification rate","N/100000","2016","DE","Germany",0.090050960,""
"Chikungunya virus disease","All cases","Notification rate","N/100000","2016","DK","Denmark",0.035043140,""
"Chikungunya virus disease","All cases","Notification rate","N/100000","2016","EE","Estonia",0.000000000,""
"Chikungunya virus disease","All cases","Notification rate","N/100000","2016","EL","Greece",0.018546420,""
"Chikungunya virus disease","All cases","Notification rate","N/100000","2016","ES","Spain",0.226201040,""
"Chikungunya virus disease","All cases","Notification rate","N/100000","2016","EU27_21","EU (without UK)",0.074900000,""
"Chikungunya virus disease","All cases","Notification rate","N/100000","2016","EU27_UK_21","EU (with UK until 2019)",0.099669000,""
"Chikungunya virus disease","All cases","Notification rate","N/100000","2016","EUEEA30_21","EU/EEA (without UK)",0.074900000,""
"Chikungunya virus disease","All cases","Notification rate","N/100000","2016","EUEEAUK_21","EU/EEA (with UK until 2019)",0.099669000,""
"Chikungunya virus disease","All cases","Notification rate","N/100000","2016","FI","Finland",0.000000000,""
"Chikungunya virus disease","All cases","Notification rate","N/100000","2016","FR","France",0.063026730,""
"Chikungunya virus disease","All cases","Notification rate","N/100000","2016","HR","Croatia",0.000000000,""
"Chikungunya virus disease","All cases","Notification rate","N/100000","2016","HU","Hungary",0.010225310,""
"Chikungunya virus disease","All cases","Notification rate","N/100000","2016","IE","Ireland",0.000000000,""
"Chikungunya virus disease","All cases","Notification rate","N/100000","2016","IT","Italy",0.028256230,""
"Chikungunya virus disease","All cases","Notification rate","N/100000","2016","LT","Lithuania",0.000000000,""
"Chikungunya virus disease","All cases","Notification rate","N/100000","2016","LU","Luxembourg",0.000000000,""
"Chikungunya virus disease","All cases","Notification rate","N/100000","2016","LV","Latvia",0.000000000,""
"Chikungunya virus disease","All cases","Notification rate","N/100000","2016","MT","Malta",0.222402610,""
"Chikungunya virus disease","All cases","Notification rate","N/100000","2016","NL","Netherlands",-,""
"Chikungunya virus disease","All cases","Notification rate","N/100000","2016","PL","Poland",0.000000000,""
"Chikungunya virus disease","All cases","Notification rate","N/100000","2016","PT","Portugal",0.028933630,""
"Chikungunya virus disease","All cases","Notification rate","N/100000","2016","RO","Romania",0.000000000,""
"Chikungunya virus disease","All cases","Notification rate","N/100000","2016","SE","Sweden",0.203024720,""
"Chikungunya virus disease","All cases","Notification rate","N/100000","2016","SI","Slovenia",0.096890390,""
"Chikungunya virus disease","All cases","Notification rate","N/100000","2016","SK","Slovakia",0.000000000,""
"Chikungunya virus disease","All cases","Notification rate","N/100000","2016","UK","United Kingdom",0.258492610,""
"Chikungunya virus disease","All cases","Notification rate","N/100000","2017","AT","Austria",0.056993920,""
"Chikungunya virus disease","All cases","Notification rate","N/100000","2017","BE","Belgium",0.088092320,""
"Chikungunya virus disease","All cases","Notification rate","N/100000","2017","CZ","Czechia",0.000000000,""
"Chikungunya virus disease","All cases","Notification rate","N/100000","2017","DE","Germany",0.039989500,""
"Chikungunya virus disease","All cases","Notification rate","N/100000","2017","DK","Denmark",0.017395020,""
"Chikungunya virus disease","All cases","Notification rate","N/100000","2017","EE","Estonia",0.000000000,""
"Chikungunya virus disease","All cases","Notification rate","N/100000","2017","EL","Greece",0.000000000,""
"Chikungunya virus disease","All cases","Notification rate","N/100000","2017","ES","Spain",0.109683560,""
"Chikungunya virus disease","All cases","Notification rate","N/100000","2017","EU27_21","EU (without UK)",0.105270000,""
"Chikungunya virus disease","All cases","Notification rate","N/100000","2017","EU27_UK_21","EU (with UK until 2019)",0.112411000,""
"Chikungunya virus disease","All cases","Notification rate","N/100000","2017","EUEEA30_21","EU/EEA (without UK)",0.105270000,""
"Chikungunya virus disease","All cases","Notification rate","N/100000","2017","EUEEAUK_21","EU/EEA (with UK until 2019)",0.112411000,""
"Chikungunya virus disease","All cases","Notification rate","N/100000","2017","FI","Finland",0.072683700,""
"Chikungunya virus disease","All cases","Notification rate","N/100000","2017","FR","France",0.052387510,""
"Chikungunya virus disease","All cases","Notification rate","N/100000","2017","HR","Croatia",0.000000000,""
"Chikungunya virus disease","All cases","Notification rate","N/100000","2017","HU","Hungary",0.010267090,""
"Chikungunya virus disease","All cases","Notification rate","N/100000","2017","IE","Ireland",0.000000000,""
"Chikungunya virus disease","All cases","Notification rate","N/100000","2017","IT","Italy",0.481131530,""
"Chikungunya virus disease","All cases","Notification rate","N/100000","2017","LT","Lithuania",0.000000000,""
"Chikungunya virus disease","All cases","Notification rate","N/100000","2017","LU","Luxembourg",0.000000000,""
"Chikungunya virus disease","All cases","Notification rate","N/100000","2017","LV","Latvia",0.000000000,""
"Chikungunya virus disease","All cases","Notification rate","N/100000","2017","MT","Malta",0.000000000,""
"Chikungunya virus disease","All cases","Notification rate","N/100000","2017","NL","Netherlands",-,""
"Chikungunya virus disease","All cases","Notification rate","N/100000","2017","PL","Poland",0.000000000,""
"Chikungunya virus disease","All cases","Notification rate","N/100000","2017","PT","Portugal",0.000000000,""
"Chikungunya virus disease","All cases","Notification rate","N/100000","2017","RO","Romania",0.000000000,""
"Chikungunya virus disease","All cases","Notification rate","N/100000","2017","SE","Sweden",0.130063040,""
"Chikungunya virus disease","All cases","Notification rate","N/100000","2017","SI","Slovenia",0.000000000,""
"Chikungunya virus disease","All cases","Notification rate","N/100000","2017","SK","Slovakia",0.000000000,""
"Chikungunya virus disease","All cases","Notification rate","N/100000","2017","UK","United Kingdom",0.157948750,""
"Chikungunya virus disease","All cases","Notification rate","N/100000","2018","AT","Austria",0.011334950,""
"Chikungunya virus disease","All cases","Notification rate","N/100000","2018","BE","Belgium",0.026319040,""
"Chikungunya virus disease","All cases","Notification rate","N/100000","2018","CZ","Czechia",0.056550130,""
"Chikungunya virus disease","All cases","Notification rate","N/100000","2018","DE","Germany",0.031403860,""
"Chikungunya virus disease","All cases","Notification rate","N/100000","2018","DK","Denmark",0.017297470,""
"Chikungunya virus disease","All cases","Notification rate","N/100000","2018","EE","Estonia",0.000000000,""
"Chikungunya virus disease","All cases","Notification rate","N/100000","2018","EL","Greece",0.009309970,""
"Chikungunya virus disease","All cases","Notification rate","N/100000","2018","ES","Spain",0.057883930,""
"Chikungunya virus disease","All cases","Notification rate","N/100000","2018","EU27_21","EU (without UK)",0.026635000,""
"Chikungunya virus disease","All cases","Notification rate","N/100000","2018","EU27_UK_21","EU (with UK until 2019)",0.035130000,""
"Chikungunya virus disease","All cases","Notification rate","N/100000","2018","EUEEA30_21","EU/EEA (without UK)",0.026635000,""
"Chikungunya virus disease","All cases","Notification rate","N/100000","2018","EUEEAUK_21","EU/EEA (with UK until 2019)",0.035130000,""
"Chikungunya virus disease","All cases","Notification rate","N/100000","2018","FI","Finland",0.018138510,""
"Chikungunya virus disease","All cases","Notification rate","N/100000","2018","FR","France",0.023871250,""
"Chikungunya virus disease","All cases","Notification rate","N/100000","2018","HR","Croatia",0.000000000,""
"Chikungunya virus disease","All cases","Notification rate","N/100000","2018","HU","Hungary",0.030884350,""
"Chikungunya virus disease","All cases","Notification rate","N/100000","2018","IE","Ireland",0.000000000,""
"Chikungunya virus disease","All cases","Notification rate","N/100000","2018","IT","Italy",0.006673580,""
"Chikungunya virus disease","All cases","Notification rate","N/100000","2018","LT","Lithuania",0.000000000,""
"Chikungunya virus disease","All cases","Notification rate","N/100000","2018","LU","Luxembourg",0.000000000,""
"Chikungunya virus disease","All cases","Notification rate","N/100000","2018","LV","Latvia",0.000000000,""
"Chikungunya virus disease","All cases","Notification rate","N/100000","2018","MT","Malta",0.000000000,""
"Chikungunya virus disease","All cases","Notification rate","N/100000","2018","NL","Netherlands",-,""
"Chikungunya virus disease","All cases","Notification rate","N/100000","2018","PL","Poland",0.000000000,""
"Chikungunya virus disease","All cases","Notification rate","N/100000","2018","PT","Portugal",0.009675130,""
"Chikungunya virus disease","All cases","Notification rate","N/100000","2018","RO","Romania",0.010238830,""
"Chikungunya virus disease","All cases","Notification rate","N/100000","2018","SE","Sweden",0.197623730,""
"Chikungunya virus disease","All cases","Notification rate","N/100000","2018","SI","Slovenia",0.000000000,""
"Chikungunya virus disease","All cases","Notification rate","N/100000","2018","SK","Slovakia",0.000000000,""
"Chikungunya virus disease","All cases","Notification rate","N/100000","2018","UK","United Kingdom",0.089024920,""
"Chikungunya virus disease","All cases","Notification rate","N/100000","2019","AT","Austria",0.191900120,""
"Chikungunya virus disease","All cases","Notification rate","N/100000","2019","BE","Belgium",0.523765000,""
"Chikungunya virus disease","All cases","Notification rate","N/100000","2019","CZ","Czechia",0.140847710,""
"Chikungunya virus disease","All cases","Notification rate","N/100000","2019","DE","Germany",0.104795010,""
"Chikungunya virus disease","All cases","Notification rate","N/100000","2019","DK","Denmark",0.137786570,""
"Chikungunya virus disease","All cases","Notification rate","N/100000","2019","EE","Estonia",0.000000000,""
"Chikungunya virus disease","All cases","Notification rate","N/100000","2019","EL","Greece",0.018648710,""
"Chikungunya virus disease","All cases","Notification rate","N/100000","2019","ES","Spain",0.098041400,""
"Chikungunya virus disease","All cases","Notification rate","N/100000","2019","EU27_21","EU (without UK)",0.105859000,""
"Chikungunya virus disease","All cases","Notification rate","N/100000","2019","EU27_UK_21","EU (with UK until 2019)",0.110664000,""
"Chikungunya virus disease","All cases","Notification rate","N/100000","2019","EUEEA30_21","EU/EEA (without UK)",0.105859000,""
"Chikungunya virus disease","All cases","Notification rate","N/100000","2019","EUEEAUK_21","EU/EEA (with UK until 2019)",0.110664000,""
"Chikungunya virus disease","All cases","Notification rate","N/100000","2019","FI","Finland",0.199350510,""
"Chikungunya virus disease","All cases","Notification rate","N/100000","2019","FR","France",0.160498200,""
"Chikungunya virus disease","All cases","Notification rate","N/100000","2019","HR","Croatia",0.000000000,""
"Chikungunya virus disease","All cases","Notification rate","N/100000","2019","HU","Hungary",0.051544940,""
"Chikungunya virus disease","All cases","Notification rate","N/100000","2019","IE","Ireland",0.020241640,""
"Chikungunya virus disease","All cases","Notification rate","N/100000","2019","IT","Italy",0.041794360,""
"Chikungunya virus disease","All cases","Notification rate","N/100000","2019","LT","Lithuania",0.000000000,""
"Chikungunya virus disease","All cases","Notification rate","N/100000","2019","LU","Luxembourg",0.162894570,""
"Chikungunya virus disease","All cases","Notification rate","N/100000","2019","LV","Latvia",0.000000000,""
"Chikungunya virus disease","All cases","Notification rate","N/100000","2019","MT","Malta",0.000000000,""
"Chikungunya virus disease","All cases","Notification rate","N/100000","2019","NL","Netherlands",-,""
"Chikungunya virus disease","All cases","Notification rate","N/100000","2019","PL","Poland",0.005266920,""
"Chikungunya virus disease","All cases","Notification rate","N/100000","2019","PT","Portugal",0.000000000,""
"Chikungunya virus disease","All cases","Notification rate","N/100000","2019","RO","Romania",0.000000000,""
"Chikungunya virus disease","All cases","Notification rate","N/100000","2019","SE","Sweden",0.566949660,""
"Chikungunya virus disease","All cases","Notification rate","N/100000","2019","SI","Slovenia",0.000000000,""
"Chikungunya virus disease","All cases","Notification rate","N/100000","2019","SK","Slovakia",0.000000000,""
"Chikungunya virus disease","All cases","Notification rate","N/100000","2019","UK","United Kingdom",0.141041370,""
"Chikungunya virus disease","All cases","Notification rate","N/100000","2020","AT","Austria",0.000000000,""
"Chikungunya virus disease","All cases","Notification rate","N/100000","2020","BE","Belgium",0.069429730,""
"Chikungunya virus disease","All cases","Notification rate","N/100000","2020","CZ","Czechia",0.000000000,""
"Chikungunya virus disease","All cases","Notification rate","N/100000","2020","DE","Germany",0.031262500,""
"Chikungunya virus disease","All cases","Notification rate","N/100000","2020","DK","Denmark",0.017173970,""
"Chikungunya virus disease","All cases","Notification rate","N/100000","2020","EE","Estonia",0.000000000,""
"Chikungunya virus disease","All cases","Notification rate","N/100000","2020","EL","Greece",0.000000000,""
"Chikungunya virus disease","All cases","Notification rate","N/100000","2020","ES","Spain",0.019020220,""
"Chikungunya virus disease","All cases","Notification rate","N/100000","2020","EU27_21","EU (without UK)",0.015634000,""
"Chikungunya virus disease","All cases","Notification rate","N/100000","2020","EU27_UK_21","EU (with UK until 2019)",0.015634000,""
"Chikungunya virus disease","All cases","Notification rate","N/100000","2020","EUEEA30_21","EU/EEA (without UK)",0.015634000,""
"Chikungunya virus disease","All cases","Notification rate","N/100000","2020","EUEEAUK_21","EU/EEA (with UK until 2019)",0.015634000,""
"Chikungunya virus disease","All cases","Notification rate","N/100000","2020","FI","Finland",0.036197180,""
"Chikungunya virus disease","All cases","Notification rate","N/100000","2020","FR","France",0.019266780,""
"Chikungunya virus disease","All cases","Notification rate","N/100000","2020","HR","Croatia",0.000000000,""
"Chikungunya virus disease","All cases","Notification rate","N/100000","2020","HU","Hungary",0.000000000,""
"Chikungunya virus disease","All cases","Notification rate","N/100000","2020","IE","Ireland",0.000000000,""
"Chikungunya virus disease","All cases","Notification rate","N/100000","2020","IT","Italy",0.010060110,""
"Chikungunya virus disease","All cases","Notification rate","N/100000","2020","LT","Lithuania",0.000000000,""
"Chikungunya virus disease","All cases","Notification rate","N/100000","2020","LU","Luxembourg",0.000000000,""
"Chikungunya virus disease","All cases","Notification rate","N/100000","2020","LV","Latvia",0.000000000,""
"Chikungunya virus disease","All cases","Notification rate","N/100000","2020","MT","Malta",0.000000000,""
"Chikungunya virus disease","All cases","Notification rate","N/100000","2020","NL","Netherlands",-,""
"Chikungunya virus disease","All cases","Notification rate","N/100000","2020","PL","Poland",0.000000000,""
"Chikungunya virus disease","All cases","Notification rate","N/100000","2020","PT","Portugal",0.000000000,""
"Chikungunya virus disease","All cases","Notification rate","N/100000","2020","RO","Romania",0.000000000,""
"Chikungunya virus disease","All cases","Notification rate","N/100000","2020","SE","Sweden",0.009682800,""
"Chikungunya virus disease","All cases","Notification rate","N/100000","2020","SI","Slovenia",0.000000000,""
"Chikungunya virus disease","All cases","Notification rate","N/100000","2020","SK","Slovakia",0.000000000,""
"Chikungunya virus disease","All cases","Notification rate","N/100000","2021","AT","Austria",0.000000000,""
"Chikungunya virus disease","All cases","Notification rate","N/100000","2021","BE","Belgium",0.017308870,""
"Chikungunya virus disease","All cases","Notification rate","N/100000","2021","CZ","Czechia",0.000000000,""
"Chikungunya virus disease","All cases","Notification rate","N/100000","2021","DE","Germany",0.009620580,""
"Chikungunya virus disease","All cases","Notification rate","N/100000","2021","DK","Denmark",0.000000000,""
"Chikungunya virus disease","All cases","Notification rate","N/100000","2021","EE","Estonia",0.000000000,""
"Chikungunya virus disease","All cases","Notification rate","N/100000","2021","EL","Greece",0.000000000,""
"Chikungunya virus disease","All cases","Notification rate","N/100000","2021","ES","Spain",0.002109660,""
"Chikungunya virus disease","All cases","Notification rate","N/100000","2021","EU27_21","EU (without UK)",0.003800000,""
"Chikungunya virus disease","All cases","Notification rate","N/100000","2021","EU27_UK_21","EU (with UK until 2019)",0.003800000,""
"Chikungunya virus disease","All cases","Notification rate","N/100000","2021","EUEEA30_21","EU/EEA (without UK)",0.003800000,""
"Chikungunya virus disease","All cases","Notification rate","N/100000","2021","EUEEAUK_21","EU/EEA (with UK until 2019)",0.003800000,""
"Chikungunya virus disease","All cases","Notification rate","N/100000","2021","FI","Finland",0.000000000,""
"Chikungunya virus disease","All cases","Notification rate","N/100000","2021","FR","France",0.004429440,""
"Chikungunya virus disease","All cases","Notification rate","N/100000","2021","HR","Croatia",0.000000000,""
"Chikungunya virus disease","All cases","Notification rate","N/100000","2021","HU","Hungary",0.000000000,""
"Chikungunya virus disease","All cases","Notification rate","N/100000","2021","IE","Ireland",0.000000000,""
"Chikungunya virus disease","All cases","Notification rate","N/100000","2021","IT","Italy",0.000000000,""
"Chikungunya virus disease","All cases","Notification rate","N/100000","2021","LI","Liechtenstein",0.000000000,""
"Chikungunya virus disease","All cases","Notification rate","N/100000","2021","LT","Lithuania",0.000000000,""
"Chikungunya virus disease","All cases","Notification rate","N/100000","2021","LU","Luxembourg",0.000000000,""
"Chikungunya virus disease","All cases","Notification rate","N/100000","2021","LV","Latvia",0.000000000,""
"Chikungunya virus disease","All cases","Notification rate","N/100000","2021","MT","Malta",0.000000000,""
"Chikungunya virus disease","All cases","Notification rate","N/100000","2021","NL","Netherlands",-,""
"Chikungunya virus disease","All cases","Notification rate","N/100000","2021","PL","Poland",0.000000000,""
"Chikungunya virus disease","All cases","Notification rate","N/100000","2021","PT","Portugal",0.000000000,""
"Chikungunya virus disease","All cases","Notification rate","N/100000","2021","RO","Romania",0.000000000,""
"Chikungunya virus disease","All cases","Notification rate","N/100000","2021","SE","Sweden",0.019269130,""
"Chikungunya virus disease","All cases","Notification rate","N/100000","2021","SI","Slovenia",0.000000000,""
"Chikungunya virus disease","All cases","Notification rate","N/100000","2021","SK","Slovakia",0.000000000,""
"Chikungunya virus disease","All cases","Notification rate","N/100000","2022","AT","Austria",0.033411550,""
"Chikungunya virus disease","All cases","Notification rate","N/100000","2022","BE","Belgium",0.025822830,""
"Chikungunya virus disease","All cases","Notification rate","N/100000","2022","CZ","Czechia",0.019017350,""
"Chikungunya virus disease","All cases","Notification rate","N/100000","2022","DE","Germany",0.038444380,""
"Chikungunya virus disease","All cases","Notification rate","N/100000","2022","DK","Denmark",0.000000000,""
"Chikungunya virus disease","All cases","Notification rate","N/100000","2022","EE","Estonia",0.000000000,""
"Chikungunya virus disease","All cases","Notification rate","N/100000","2022","EL","Greece",0.000000000,""
"Chikungunya virus disease","All cases","Notification rate","N/100000","2022","ES","Spain",0.021058460,""
"Chikungunya virus disease","All cases","Notification rate","N/100000","2022","EU27_21","EU (without UK)",0.018765000,""
"Chikungunya virus disease","All cases","Notification rate","N/100000","2022","EU27_UK_21","EU (with UK until 2019)",0.018765000,""
"Chikungunya virus disease","All cases","Notification rate","N/100000","2022","EUEEA30_21","EU/EEA (without UK)",0.018746000,""
"Chikungunya virus disease","All cases","Notification rate","N/100000","2022","EUEEAUK_21","EU/EEA (with UK until 2019)",0.018746000,""
"Chikungunya virus disease","All cases","Notification rate","N/100000","2022","FI","Finland",0.000000000,""
"Chikungunya virus disease","All cases","Notification rate","N/100000","2022","FR","France",0.033777970,""
"Chikungunya virus disease","All cases","Notification rate","N/100000","2022","HR","Croatia",0.000000000,""
"Chikungunya virus disease","All cases","Notification rate","N/100000","2022","HU","Hungary",0.020810780,""
"Chikungunya virus disease","All cases","Notification rate","N/100000","2022","IE","Ireland",0.000000000,""
"Chikungunya virus disease","All cases","Notification rate","N/100000","2022","IS","Iceland",0.000000000,""
"Chikungunya virus disease","All cases","Notification rate","N/100000","2022","IT","Italy",0.000000000,""
"Chikungunya virus disease","All cases","Notification rate","N/100000","2022","LI","Liechtenstein",0.000000000,""
"Chikungunya virus disease","All cases","Notification rate","N/100000","2022","LT","Lithuania",0.000000000,""
"Chikungunya virus disease","All cases","Notification rate","N/100000","2022","LU","Luxembourg",0.000000000,""
"Chikungunya virus disease","All cases","Notification rate","N/100000","2022","LV","Latvia",0.000000000,""
"Chikungunya virus disease","All cases","Notification rate","N/100000","2022","MT","Malta",0.192243360,""
"Chikungunya virus disease","All cases","Notification rate","N/100000","2022","NL","Netherlands",-,""
"Chikungunya virus disease","All cases","Notification rate","N/100000","2022","PL","Poland",0.005421550,""
"Chikungunya virus disease","All cases","Notification rate","N/100000","2022","PT","Portugal",0.000000000,""
"Chikungunya virus disease","All cases","Notification rate","N/100000","2022","RO","Romania",0.000000000,""
"Chikungunya virus disease","All cases","Notification rate","N/100000","2022","SE","Sweden",0.009567240,""
"Chikungunya virus disease","All cases","Notification rate","N/100000","2022","SI","Slovenia",0.000000000,""
"Chikungunya virus disease","All cases","Notification rate","N/100000","2022","SK","Slovakia",0.000000000,""
"Chikungunya virus disease","All cases","Notification rate","N/100000","2023","AT","Austria",0.076882750,""
"Chikungunya virus disease","All cases","Notification rate","N/100000","2023","BE","Belgium",0.119222030,""
"Chikungunya virus disease","All cases","Notification rate","N/100000","2023","CZ","Czechia",0.027707150,""
"Chikungunya virus disease","All cases","Notification rate","N/100000","2023","DE","Germany",0.105872930,""
"Chikungunya virus disease","All cases","Notification rate","N/100000","2023","DK","Denmark",0.050567580,""
"Chikungunya virus disease","All cases","Notification rate","N/100000","2023","EE","Estonia",0.000000000,""
"Chikungunya virus disease","All cases","Notification rate","N/100000","2023","EL","Greece",0.000000000,""
"Chikungunya virus disease","All cases","Notification rate","N/100000","2023","ES","Spain",0.397210280,""
"Chikungunya virus disease","All cases","Notification rate","N/100000","2023","EU27_21","EU (without UK)",0.089943000,""
"Chikungunya virus disease","All cases","Notification rate","N/100000","2023","EU27_UK_21","EU (with UK until 2019)",0.089943000,""
"Chikungunya virus disease","All cases","Notification rate","N/100000","2023","EUEEA30_21","EU/EEA (without UK)",0.089852000,""
"Chikungunya virus disease","All cases","Notification rate","N/100000","2023","EUEEAUK_21","EU/EEA (with UK until 2019)",0.089852000,""
"Chikungunya virus disease","All cases","Notification rate","N/100000","2023","FI","Finland",0.053918330,""
"Chikungunya virus disease","All cases","Notification rate","N/100000","2023","FR","France",0.057120080,""
"Chikungunya virus disease","All cases","Notification rate","N/100000","2023","HR","Croatia",0.000000000,""
"Chikungunya virus disease","All cases","Notification rate","N/100000","2023","HU","Hungary",0.010416940,""
"Chikungunya virus disease","All cases","Notification rate","N/100000","2023","IE","Ireland",0.000000000,""
"Chikungunya virus disease","All cases","Notification rate","N/100000","2023","IS","Iceland",0.000000000,""
"Chikungunya virus disease","All cases","Notification rate","N/100000","2023","IT","Italy",0.028814920,""
"Chikungunya virus disease","All cases","Notification rate","N/100000","2023","LI","Liechtenstein",0.000000000,""
"Chikungunya virus disease","All cases","Notification rate","N/100000","2023","LT","Lithuania",0.000000000,""
"Chikungunya virus disease","All cases","Notification rate","N/100000","2023","LU","Luxembourg",0.000000000,""
"Chikungunya virus disease","All cases","Notification rate","N/100000","2023","LV","Latvia",0.106213030,""
"Chikungunya virus disease","All cases","Notification rate","N/100000","2023","MT","Malta",0.000000000,""
"Chikungunya virus disease","All cases","Notification rate","N/100000","2023","NL","Netherlands",-,""
"Chikungunya virus disease","All cases","Notification rate","N/100000","2023","PL","Poland",0.013604050,""
"Chikungunya virus disease","All cases","Notification rate","N/100000","2023","PT","Portugal",0.009508750,""
"Chikungunya virus disease","All cases","Notification rate","N/100000","2023","RO","Romania",0.026240450,""
"Chikungunya virus disease","All cases","Notification rate","N/100000","2023","SE","Sweden",0.009504290,""
"Chikungunya virus disease","All cases","Notification rate","N/100000","2023","SI","Slovenia",0.000000000,""
"Chikungunya virus disease","All cases","Notification rate","N/100000","2023","SK","Slovakia",0.000000000,""
"Chikungunya virus disease","All cases","Notification rate","N/100000","2024","AT","Austria",0.120103720,""
"Chikungunya virus disease","All cases","Notification rate","N/100000","2024","BE","Belgium",0.126934730,""
"Chikungunya virus disease","All cases","Notification rate","N/100000","2024","CY","Cyprus",0.000000000,""
"Chikungunya virus disease","All cases","Notification rate","N/100000","2024","CZ","Czechia",0.027521530,""
"Chikungunya virus disease","All cases","Notification rate","N/100000","2024","DE","Germany",0.061110010,""
"Chikungunya virus disease","All cases","Notification rate","N/100000","2024","DK","Denmark",0.016775000,""
"Chikungunya virus disease","All cases","Notification rate","N/100000","2024","EE","Estonia",0.000000000,""
"Chikungunya virus disease","All cases","Notification rate","N/100000","2024","EL","Greece",0.000000000,""
"Chikungunya virus disease","All cases","Notification rate","N/100000","2024","ES","Spain",0.109009320,""
"Chikungunya virus disease","All cases","Notification rate","N/100000","2024","EU27_21","EU (without UK)",0.050833000,""
"Chikungunya virus disease","All cases","Notification rate","N/100000","2024","EU27_UK_21","EU (with UK until 2019)",0.050833000,""
"Chikungunya virus disease","All cases","Notification rate","N/100000","2024","EUEEA30_21","EU/EEA (without UK)",0.051017000,""
"Chikungunya virus disease","All cases","Notification rate","N/100000","2024","EUEEAUK_21","EU/EEA (with UK until 2019)",0.051017000,""
"Chikungunya virus disease","All cases","Notification rate","N/100000","2024","FI","Finland",0.053534610,""
"Chikungunya virus disease","All cases","Notification rate","N/100000","2024","FR","France",0.051119240,""
"Chikungunya virus disease","All cases","Notification rate","N/100000","2024","HR","Croatia",0.000000000,""
"Chikungunya virus disease","All cases","Notification rate","N/100000","2024","HU","Hungary",0.052166870,""
"Chikungunya virus disease","All cases","Notification rate","N/100000","2024","IE","Ireland",0.000000000,""
"Chikungunya virus disease","All cases","Notification rate","N/100000","2024","IS","Iceland",0.000000000,""
"Chikungunya virus disease","All cases","Notification rate","N/100000","2024","IT","Italy",0.028827610,""
"Chikungunya virus disease","All cases","Notification rate","N/100000","2024","LI","Liechtenstein",2.499062850,""
"Chikungunya virus disease","All cases","Notification rate","N/100000","2024","LT","Lithuania",0.000000000,""
"Chikungunya virus disease","All cases","Notification rate","N/100000","2024","LU","Luxembourg",0.297596900,""
"Chikungunya virus disease","All cases","Notification rate","N/100000","2024","LV","Latvia",0.000000000,""
"Chikungunya virus disease","All cases","Notification rate","N/100000","2024","MT","Malta",0.177480240,""
"Chikungunya virus disease","All cases","Notification rate","N/100000","2024","NL","Netherlands",-,""
"Chikungunya virus disease","All cases","Notification rate","N/100000","2024","PL","Poland",0.010922700,""
"Chikungunya virus disease","All cases","Notification rate","N/100000","2024","PT","Portugal",0.009398730,""
"Chikungunya virus disease","All cases","Notification rate","N/100000","2024","RO","Romania",0.026222520,""
"Chikungunya virus disease","All cases","Notification rate","N/100000","2024","SE","Sweden",0.085294250,""
"Chikungunya virus disease","All cases","Notification rate","N/100000","2024","SI","Slovenia",0.000000000,""
"Chikungunya virus disease","All cases","Notification rate","N/100000","2024","SK","Slovakia",0.000000000,""
"Chikungunya virus disease","All cases","Reported cases","N","2008","AT","Austria",0.000000000,""
"Chikungunya virus disease","All cases","Reported cases","N","2008","BE","Belgium",0.000000000,""
"Chikungunya virus disease","All cases","Reported cases","N","2008","CZ","Czechia",0.000000000,""
"Chikungunya virus disease","All cases","Reported cases","N","2008","DE","Germany",17.000000000,""
"Chikungunya virus disease","All cases","Reported cases","N","2008","EE","Estonia",0.000000000,""
"Chikungunya virus disease","All cases","Reported cases","N","2008","EL","Greece",0.000000000,""
"Chikungunya virus disease","All cases","Reported cases","N","2008","ES","Spain",5.000000000,""
"Chikungunya virus disease","All cases","Reported cases","N","2008","EU27_21","EU (without UK)",32.000000000,""
"Chikungunya virus disease","All cases","Reported cases","N","2008","EU27_UK_21","EU (with UK until 2019)",41.000000000,""
"Chikungunya virus disease","All cases","Reported cases","N","2008","EUEEA30_21","EU/EEA (without UK)",32.000000000,""
"Chikungunya virus disease","All cases","Reported cases","N","2008","EUEEAUK_21","EU/EEA (with UK until 2019)",41.000000000,""
"Chikungunya virus disease","All cases","Reported cases","N","2008","FI","Finland",0.000000000,""
"Chikungunya virus disease","All cases","Reported cases","N","2008","FR","France",1.000000000,""
"Chikungunya virus disease","All cases","Reported cases","N","2008","HU","Hungary",0.000000000,""
"Chikungunya virus disease","All cases","Reported cases","N","2008","IE","Ireland",0.000000000,""
"Chikungunya virus disease","All cases","Reported cases","N","2008","IT","Italy",9.000000000,""
"Chikungunya virus disease","All cases","Reported cases","N","2008","LT","Lithuania",0.000000000,""
"Chikungunya virus disease","All cases","Reported cases","N","2008","LU","Luxembourg",0.000000000,""
"Chikungunya virus disease","All cases","Reported cases","N","2008","LV","Latvia",0.000000000,""
"Chikungunya virus disease","All cases","Reported cases","N","2008","MT","Malta",0.000000000,""
"Chikungunya virus disease","All cases","Reported cases","N","2008","PL","Poland",0.000000000,""
"Chikungunya virus disease","All cases","Reported cases","N","2008","RO","Romania",0.000000000,""
"Chikungunya virus disease","All cases","Reported cases","N","2008","SI","Slovenia",0.000000000,""
"Chikungunya virus disease","All cases","Reported cases","N","2008","SK","Slovakia",0.000000000,""
"Chikungunya virus disease","All cases","Reported cases","N","2008","UK","United Kingdom",9.000000000,""
"Chikungunya virus disease","All cases","Reported cases","N","2009","AT","Austria",8.000000000,""
"Chikungunya virus disease","All cases","Reported cases","N","2009","BE","Belgium",6.000000000,""
"Chikungunya virus disease","All cases","Reported cases","N","2009","CZ","Czechia",0.000000000,""
"Chikungunya virus disease","All cases","Reported cases","N","2009","DE","Germany",54.000000000,""
"Chikungunya virus disease","All cases","Reported cases","N","2009","EE","Estonia",0.000000000,""
"Chikungunya virus disease","All cases","Reported cases","N","2009","EL","Greece",0.000000000,""
"Chikungunya virus disease","All cases","Reported cases","N","2009","ES","Spain",6.000000000,""
"Chikungunya virus disease","All cases","Reported cases","N","2009","EU27_21","EU (without UK)",93.000000000,""
"Chikungunya virus disease","All cases","Reported cases","N","2009","EU27_UK_21","EU (with UK until 2019)",149.000000000,""
"Chikungunya virus disease","All cases","Reported cases","N","2009","EUEEA30_21","EU/EEA (without UK)",93.000000000,""
"Chikungunya virus disease","All cases","Reported cases","N","2009","EUEEAUK_21","EU/EEA (with UK until 2019)",149.000000000,""
"Chikungunya virus disease","All cases","Reported cases","N","2009","FI","Finland",3.000000000,""
"Chikungunya virus disease","All cases","Reported cases","N","2009","FR","France",13.000000000,""
"Chikungunya virus disease","All cases","Reported cases","N","2009","HU","Hungary",0.000000000,""
"Chikungunya virus disease","All cases","Reported cases","N","2009","IE","Ireland",0.000000000,""
"Chikungunya virus disease","All cases","Reported cases","N","2009","IT","Italy",3.000000000,""
"Chikungunya virus disease","All cases","Reported cases","N","2009","LT","Lithuania",0.000000000,""
"Chikungunya virus disease","All cases","Reported cases","N","2009","LU","Luxembourg",0.000000000,""
"Chikungunya virus disease","All cases","Reported cases","N","2009","LV","Latvia",0.000000000,""
"Chikungunya virus disease","All cases","Reported cases","N","2009","MT","Malta",0.000000000,""
"Chikungunya virus disease","All cases","Reported cases","N","2009","PL","Poland",0.000000000,""
"Chikungunya virus disease","All cases","Reported cases","N","2009","RO","Romania",0.000000000,""
"Chikungunya virus disease","All cases","Reported cases","N","2009","SE","Sweden",0.000000000,""
"Chikungunya virus disease","All cases","Reported cases","N","2009","SI","Slovenia",0.000000000,""
"Chikungunya virus disease","All cases","Reported cases","N","2009","SK","Slovakia",0.000000000,""
"Chikungunya virus disease","All cases","Reported cases","N","2009","UK","United Kingdom",56.000000000,""
"Chikungunya virus disease","All cases","Reported cases","N","2010","AT","Austria",2.000000000,""
"Chikungunya virus disease","All cases","Reported cases","N","2010","BE","Belgium",8.000000000,""
"Chikungunya virus disease","All cases","Reported cases","N","2010","CZ","Czechia",0.000000000,""
"Chikungunya virus disease","All cases","Reported cases","N","2010","DE","Germany",37.000000000,""
"Chikungunya virus disease","All cases","Reported cases","N","2010","DK","Denmark",0.000000000,""
"Chikungunya virus disease","All cases","Reported cases","N","2010","EE","Estonia",0.000000000,""
"Chikungunya virus disease","All cases","Reported cases","N","2010","EL","Greece",0.000000000,""
"Chikungunya virus disease","All cases","Reported cases","N","2010","ES","Spain",0.000000000,""
"Chikungunya virus disease","All cases","Reported cases","N","2010","EU27_21","EU (without UK)",100.000000000,""
"Chikungunya virus disease","All cases","Reported cases","N","2010","EU27_UK_21","EU (with UK until 2019)",179.000000000,""
"Chikungunya virus disease","All cases","Reported cases","N","2010","EUEEA30_21","EU/EEA (without UK)",100.000000000,""
"Chikungunya virus disease","All cases","Reported cases","N","2010","EUEEAUK_21","EU/EEA (with UK until 2019)",179.000000000,""
"Chikungunya virus disease","All cases","Reported cases","N","2010","FI","Finland",1.000000000,""
"Chikungunya virus disease","All cases","Reported cases","N","2010","FR","France",44.000000000,""
"Chikungunya virus disease","All cases","Reported cases","N","2010","HU","Hungary",0.000000000,""
"Chikungunya virus disease","All cases","Reported cases","N","2010","IE","Ireland",1.000000000,""
"Chikungunya virus disease","All cases","Reported cases","N","2010","IT","Italy",7.000000000,""
"Chikungunya virus disease","All cases","Reported cases","N","2010","LT","Lithuania",0.000000000,""
"Chikungunya virus disease","All cases","Reported cases","N","2010","LU","Luxembourg",0.000000000,""
"Chikungunya virus disease","All cases","Reported cases","N","2010","LV","Latvia",0.000000000,""
"Chikungunya virus disease","All cases","Reported cases","N","2010","MT","Malta",0.000000000,""
"Chikungunya virus disease","All cases","Reported cases","N","2010","PL","Poland",0.000000000,""
"Chikungunya virus disease","All cases","Reported cases","N","2010","RO","Romania",0.000000000,""
"Chikungunya virus disease","All cases","Reported cases","N","2010","SE","Sweden",0.000000000,""
"Chikungunya virus disease","All cases","Reported cases","N","2010","SI","Slovenia",0.000000000,""
"Chikungunya virus disease","All cases","Reported cases","N","2010","SK","Slovakia",0.000000000,""
"Chikungunya virus disease","All cases","Reported cases","N","2010","UK","United Kingdom",79.000000000,""
"Chikungunya virus disease","All cases","Reported cases","N","2011","AT","Austria",2.000000000,""
"Chikungunya virus disease","All cases","Reported cases","N","2011","BE","Belgium",8.000000000,""
"Chikungunya virus disease","All cases","Reported cases","N","2011","CZ","Czechia",0.000000000,""
"Chikungunya virus disease","All cases","Reported cases","N","2011","DE","Germany",13.000000000,""
"Chikungunya virus disease","All cases","Reported cases","N","2011","DK","Denmark",0.000000000,""
"Chikungunya virus disease","All cases","Reported cases","N","2011","EE","Estonia",0.000000000,""
"Chikungunya virus disease","All cases","Reported cases","N","2011","EL","Greece",0.000000000,""
"Chikungunya virus disease","All cases","Reported cases","N","2011","ES","Spain",4.000000000,""
"Chikungunya virus disease","All cases","Reported cases","N","2011","EU27_21","EU (without UK)",41.000000000,""
"Chikungunya virus disease","All cases","Reported cases","N","2011","EU27_UK_21","EU (with UK until 2019)",55.000000000,""
"Chikungunya virus disease","All cases","Reported cases","N","2011","EUEEA30_21","EU/EEA (without UK)",41.000000000,""
"Chikungunya virus disease","All cases","Reported cases","N","2011","EUEEAUK_21","EU/EEA (with UK until 2019)",55.000000000,""
"Chikungunya virus disease","All cases","Reported cases","N","2011","FI","Finland",0.000000000,""
"Chikungunya virus disease","All cases","Reported cases","N","2011","FR","France",12.000000000,""
"Chikungunya virus disease","All cases","Reported cases","N","2011","HU","Hungary",0.000000000,""
"Chikungunya virus disease","All cases","Reported cases","N","2011","IE","Ireland",0.000000000,""
"Chikungunya virus disease","All cases","Reported cases","N","2011","IT","Italy",2.000000000,""
"Chikungunya virus disease","All cases","Reported cases","N","2011","LT","Lithuania",0.000000000,""
"Chikungunya virus disease","All cases","Reported cases","N","2011","LU","Luxembourg",0.000000000,""
"Chikungunya virus disease","All cases","Reported cases","N","2011","LV","Latvia",0.000000000,""
"Chikungunya virus disease","All cases","Reported cases","N","2011","MT","Malta",0.000000000,""
"Chikungunya virus disease","All cases","Reported cases","N","2011","PL","Poland",0.000000000,""
"Chikungunya virus disease","All cases","Reported cases","N","2011","RO","Romania",0.000000000,""
"Chikungunya virus disease","All cases","Reported cases","N","2011","SE","Sweden",0.000000000,""
"Chikungunya virus disease","All cases","Reported cases","N","2011","SI","Slovenia",0.000000000,""
"Chikungunya virus disease","All cases","Reported cases","N","2011","SK","Slovakia",0.000000000,""
"Chikungunya virus disease","All cases","Reported cases","N","2011","UK","United Kingdom",14.000000000,""
"Chikungunya virus disease","All cases","Reported cases","N","2012","AT","Austria",0.000000000,""
"Chikungunya virus disease","All cases","Reported cases","N","2012","BE","Belgium",6.000000000,""
"Chikungunya virus disease","All cases","Reported cases","N","2012","CZ","Czechia",0.000000000,""
"Chikungunya virus disease","All cases","Reported cases","N","2012","DE","Germany",9.000000000,""
"Chikungunya virus disease","All cases","Reported cases","N","2012","DK","Denmark",0.000000000,""
"Chikungunya virus disease","All cases","Reported cases","N","2012","EE","Estonia",0.000000000,""
"Chikungunya virus disease","All cases","Reported cases","N","2012","EL","Greece",0.000000000,""
"Chikungunya virus disease","All cases","Reported cases","N","2012","ES","Spain",2.000000000,""
"Chikungunya virus disease","All cases","Reported cases","N","2012","EU27_21","EU (without UK)",35.000000000,""
"Chikungunya virus disease","All cases","Reported cases","N","2012","EU27_UK_21","EU (with UK until 2019)",56.000000000,""
"Chikungunya virus disease","All cases","Reported cases","N","2012","EUEEA30_21","EU/EEA (without UK)",35.000000000,""
"Chikungunya virus disease","All cases","Reported cases","N","2012","EUEEAUK_21","EU/EEA (with UK until 2019)",56.000000000,""
"Chikungunya virus disease","All cases","Reported cases","N","2012","FI","Finland",0.000000000,""
"Chikungunya virus disease","All cases","Reported cases","N","2012","FR","France",11.000000000,""
"Chikungunya virus disease","All cases","Reported cases","N","2012","HR","Croatia",0.000000000,""
"Chikungunya virus disease","All cases","Reported cases","N","2012","HU","Hungary",0.000000000,""
"Chikungunya virus disease","All cases","Reported cases","N","2012","IE","Ireland",0.000000000,""
"Chikungunya virus disease","All cases","Reported cases","N","2012","IT","Italy",5.000000000,""
"Chikungunya virus disease","All cases","Reported cases","N","2012","LT","Lithuania",0.000000000,""
"Chikungunya virus disease","All cases","Reported cases","N","2012","LU","Luxembourg",0.000000000,""
"Chikungunya virus disease","All cases","Reported cases","N","2012","LV","Latvia",0.000000000,""
"Chikungunya virus disease","All cases","Reported cases","N","2012","MT","Malta",0.000000000,""
"Chikungunya virus disease","All cases","Reported cases","N","2012","PL","Poland",0.000000000,""
"Chikungunya virus disease","All cases","Reported cases","N","2012","RO","Romania",0.000000000,""
"Chikungunya virus disease","All cases","Reported cases","N","2012","SE","Sweden",2.000000000,""
"Chikungunya virus disease","All cases","Reported cases","N","2012","SI","Slovenia",0.000000000,""
"Chikungunya virus disease","All cases","Reported cases","N","2012","SK","Slovakia",0.000000000,""
"Chikungunya virus disease","All cases","Reported cases","N","2012","UK","United Kingdom",21.000000000,""
"Chikungunya virus disease","All cases","Reported cases","N","2013","AT","Austria",0.000000000,""
"Chikungunya virus disease","All cases","Reported cases","N","2013","BE","Belgium",7.000000000,""
"Chikungunya virus disease","All cases","Reported cases","N","2013","CZ","Czechia",0.000000000,""
"Chikungunya virus disease","All cases","Reported cases","N","2013","DE","Germany",16.000000000,""
"Chikungunya virus disease","All cases","Reported cases","N","2013","DK","Denmark",0.000000000,""
"Chikungunya virus disease","All cases","Reported cases","N","2013","EE","Estonia",0.000000000,""
"Chikungunya virus disease","All cases","Reported cases","N","2013","EL","Greece",0.000000000,""
"Chikungunya virus disease","All cases","Reported cases","N","2013","ES","Spain",2.000000000,""
"Chikungunya virus disease","All cases","Reported cases","N","2013","EU27_21","EU (without UK)",47.000000000,""
"Chikungunya virus disease","All cases","Reported cases","N","2013","EU27_UK_21","EU (with UK until 2019)",73.000000000,""
"Chikungunya virus disease","All cases","Reported cases","N","2013","EUEEA30_21","EU/EEA (without UK)",47.000000000,""
"Chikungunya virus disease","All cases","Reported cases","N","2013","EUEEAUK_21","EU/EEA (with UK until 2019)",73.000000000,""
"Chikungunya virus disease","All cases","Reported cases","N","2013","FI","Finland",1.000000000,""
"Chikungunya virus disease","All cases","Reported cases","N","2013","FR","France",12.000000000,""
"Chikungunya virus disease","All cases","Reported cases","N","2013","HR","Croatia",0.000000000,""
"Chikungunya virus disease","All cases","Reported cases","N","2013","HU","Hungary",0.000000000,""
"Chikungunya virus disease","All cases","Reported cases","N","2013","IE","Ireland",0.000000000,""
"Chikungunya virus disease","All cases","Reported cases","N","2013","IT","Italy",3.000000000,""
"Chikungunya virus disease","All cases","Reported cases","N","2013","LT","Lithuania",0.000000000,""
"Chikungunya virus disease","All cases","Reported cases","N","2013","LU","Luxembourg",0.000000000,""
"Chikungunya virus disease","All cases","Reported cases","N","2013","LV","Latvia",0.000000000,""
"Chikungunya virus disease","All cases","Reported cases","N","2013","MT","Malta",0.000000000,""
"Chikungunya virus disease","All cases","Reported cases","N","2013","PL","Poland",0.000000000,""
"Chikungunya virus disease","All cases","Reported cases","N","2013","RO","Romania",0.000000000,""
"Chikungunya virus disease","All cases","Reported cases","N","2013","SE","Sweden",6.000000000,""
"Chikungunya virus disease","All cases","Reported cases","N","2013","SI","Slovenia",0.000000000,""
"Chikungunya virus disease","All cases","Reported cases","N","2013","SK","Slovakia",0.000000000,""
"Chikungunya virus disease","All cases","Reported cases","N","2013","UK","United Kingdom",26.000000000,""
"Chikungunya virus disease","All cases","Reported cases","N","2014","BE","Belgium",74.000000000,""
"Chikungunya virus disease","All cases","Reported cases","N","2014","CZ","Czechia",3.000000000,""
"Chikungunya virus disease","All cases","Reported cases","N","2014","DE","Germany",162.000000000,""
"Chikungunya virus disease","All cases","Reported cases","N","2014","DK","Denmark",3.000000000,""
"Chikungunya virus disease","All cases","Reported cases","N","2014","EE","Estonia",0.000000000,""
"Chikungunya virus disease","All cases","Reported cases","N","2014","EL","Greece",1.000000000,""
"Chikungunya virus disease","All cases","Reported cases","N","2014","ES","Spain",272.000000000,""
"Chikungunya virus disease","All cases","Reported cases","N","2014","EU27_21","EU (without UK)",1401.000000000,""
"Chikungunya virus disease","All cases","Reported cases","N","2014","EU27_UK_21","EU (with UK until 2019)",1702.000000000,""
"Chikungunya virus disease","All cases","Reported cases","N","2014","EUEEA30_21","EU/EEA (without UK)",1401.000000000,""
"Chikungunya virus disease","All cases","Reported cases","N","2014","EUEEAUK_21","EU/EEA (with UK until 2019)",1702.000000000,""
"Chikungunya virus disease","All cases","Reported cases","N","2014","FI","Finland",4.000000000,""
"Chikungunya virus disease","All cases","Reported cases","N","2014","FR","France",788.000000000,""
"Chikungunya virus disease","All cases","Reported cases","N","2014","HR","Croatia",0.000000000,""
"Chikungunya virus disease","All cases","Reported cases","N","2014","HU","Hungary",2.000000000,""
"Chikungunya virus disease","All cases","Reported cases","N","2014","IE","Ireland",1.000000000,""
"Chikungunya virus disease","All cases","Reported cases","N","2014","IT","Italy",39.000000000,""
"Chikungunya virus disease","All cases","Reported cases","N","2014","LT","Lithuania",0.000000000,""
"Chikungunya virus disease","All cases","Reported cases","N","2014","LU","Luxembourg",0.000000000,""
"Chikungunya virus disease","All cases","Reported cases","N","2014","LV","Latvia",0.000000000,""
"Chikungunya virus disease","All cases","Reported cases","N","2014","MT","Malta",0.000000000,""
"Chikungunya virus disease","All cases","Reported cases","N","2014","NL","Netherlands",33.000000000,""
"Chikungunya virus disease","All cases","Reported cases","N","2014","PL","Poland",0.000000000,""
"Chikungunya virus disease","All cases","Reported cases","N","2014","RO","Romania",0.000000000,""
"Chikungunya virus disease","All cases","Reported cases","N","2014","SE","Sweden",19.000000000,""
"Chikungunya virus disease","All cases","Reported cases","N","2014","SI","Slovenia",0.000000000,""
"Chikungunya virus disease","All cases","Reported cases","N","2014","SK","Slovakia",0.000000000,""
"Chikungunya virus disease","All cases","Reported cases","N","2014","UK","United Kingdom",301.000000000,""
"Chikungunya virus disease","All cases","Reported cases","N","2015","BE","Belgium",44.000000000,""
"Chikungunya virus disease","All cases","Reported cases","N","2015","CZ","Czechia",1.000000000,""
"Chikungunya virus disease","All cases","Reported cases","N","2015","DE","Germany",110.000000000,""
"Chikungunya virus disease","All cases","Reported cases","N","2015","DK","Denmark",1.000000000,""
"Chikungunya virus disease","All cases","Reported cases","N","2015","EE","Estonia",0.000000000,""
"Chikungunya virus disease","All cases","Reported cases","N","2015","EL","Greece",0.000000000,""
"Chikungunya virus disease","All cases","Reported cases","N","2015","ES","Spain",234.000000000,""
"Chikungunya virus disease","All cases","Reported cases","N","2015","EU27_21","EU (without UK)",535.000000000,""
"Chikungunya virus disease","All cases","Reported cases","N","2015","EU27_UK_21","EU (with UK until 2019)",641.000000000,""
"Chikungunya virus disease","All cases","Reported cases","N","2015","EUEEA30_21","EU/EEA (without UK)",535.000000000,""
"Chikungunya virus disease","All cases","Reported cases","N","2015","EUEEAUK_21","EU/EEA (with UK until 2019)",641.000000000,""
"Chikungunya virus disease","All cases","Reported cases","N","2015","FI","Finland",6.000000000,""
"Chikungunya virus disease","All cases","Reported cases","N","2015","FR","France",68.000000000,""
"Chikungunya virus disease","All cases","Reported cases","N","2015","HR","Croatia",0.000000000,""
"Chikungunya virus disease","All cases","Reported cases","N","2015","HU","Hungary",2.000000000,""
"Chikungunya virus disease","All cases","Reported cases","N","2015","IE","Ireland",1.000000000,""
"Chikungunya virus disease","All cases","Reported cases","N","2015","IT","Italy",19.000000000,""
"Chikungunya virus disease","All cases","Reported cases","N","2015","LT","Lithuania",0.000000000,""
"Chikungunya virus disease","All cases","Reported cases","N","2015","LU","Luxembourg",0.000000000,""
"Chikungunya virus disease","All cases","Reported cases","N","2015","LV","Latvia",2.000000000,""
"Chikungunya virus disease","All cases","Reported cases","N","2015","MT","Malta",0.000000000,""
"Chikungunya virus disease","All cases","Reported cases","N","2015","NL","Netherlands",24.000000000,""
"Chikungunya virus disease","All cases","Reported cases","N","2015","PL","Poland",0.000000000,""
"Chikungunya virus disease","All cases","Reported cases","N","2015","PT","Portugal",0.000000000,""
"Chikungunya virus disease","All cases","Reported cases","N","2015","RO","Romania",0.000000000,""
"Chikungunya virus disease","All cases","Reported cases","N","2015","SE","Sweden",23.000000000,""
"Chikungunya virus disease","All cases","Reported cases","N","2015","SI","Slovenia",0.000000000,""
"Chikungunya virus disease","All cases","Reported cases","N","2015","SK","Slovakia",0.000000000,""
"Chikungunya virus disease","All cases","Reported cases","N","2015","UK","United Kingdom",106.000000000,""
"Chikungunya virus disease","All cases","Reported cases","N","2016","AT","Austria",9.000000000,""
"Chikungunya virus disease","All cases","Reported cases","N","2016","BE","Belgium",29.000000000,""
"Chikungunya virus disease","All cases","Reported cases","N","2016","CZ","Czechia",7.000000000,""
"Chikungunya virus disease","All cases","Reported cases","N","2016","DE","Germany",74.000000000,""
"Chikungunya virus disease","All cases","Reported cases","N","2016","DK","Denmark",2.000000000,""
"Chikungunya virus disease","All cases","Reported cases","N","2016","EE","Estonia",0.000000000,""
"Chikungunya virus disease","All cases","Reported cases","N","2016","EL","Greece",2.000000000,""
"Chikungunya virus disease","All cases","Reported cases","N","2016","ES","Spain",105.000000000,""
"Chikungunya virus disease","All cases","Reported cases","N","2016","EU27_21","EU (without UK)",321.000000000,""
"Chikungunya virus disease","All cases","Reported cases","N","2016","EU27_UK_21","EU (with UK until 2019)",490.000000000,""
"Chikungunya virus disease","All cases","Reported cases","N","2016","EUEEA30_21","EU/EEA (without UK)",321.000000000,""
"Chikungunya virus disease","All cases","Reported cases","N","2016","EUEEAUK_21","EU/EEA (with UK until 2019)",490.000000000,""
"Chikungunya virus disease","All cases","Reported cases","N","2016","FI","Finland",0.000000000,""
"Chikungunya virus disease","All cases","Reported cases","N","2016","FR","France",42.000000000,""
"Chikungunya virus disease","All cases","Reported cases","N","2016","HR","Croatia",0.000000000,""
"Chikungunya virus disease","All cases","Reported cases","N","2016","HU","Hungary",1.000000000,""
"Chikungunya virus disease","All cases","Reported cases","N","2016","IE","Ireland",0.000000000,""
"Chikungunya virus disease","All cases","Reported cases","N","2016","IT","Italy",17.000000000,""
"Chikungunya virus disease","All cases","Reported cases","N","2016","LT","Lithuania",0.000000000,""
"Chikungunya virus disease","All cases","Reported cases","N","2016","LU","Luxembourg",0.000000000,""
"Chikungunya virus disease","All cases","Reported cases","N","2016","LV","Latvia",0.000000000,""
"Chikungunya virus disease","All cases","Reported cases","N","2016","MT","Malta",1.000000000,""
"Chikungunya virus disease","All cases","Reported cases","N","2016","NL","Netherlands",7.000000000,""
"Chikungunya virus disease","All cases","Reported cases","N","2016","PL","Poland",0.000000000,""
"Chikungunya virus disease","All cases","Reported cases","N","2016","PT","Portugal",3.000000000,""
"Chikungunya virus disease","All cases","Reported cases","N","2016","RO","Romania",0.000000000,""
"Chikungunya virus disease","All cases","Reported cases","N","2016","SE","Sweden",20.000000000,""
"Chikungunya virus disease","All cases","Reported cases","N","2016","SI","Slovenia",2.000000000,""
"Chikungunya virus disease","All cases","Reported cases","N","2016","SK","Slovakia",0.000000000,""
"Chikungunya virus disease","All cases","Reported cases","N","2016","UK","United Kingdom",169.000000000,""
"Chikungunya virus disease","All cases","Reported cases","N","2017","AT","Austria",5.000000000,""
"Chikungunya virus disease","All cases","Reported cases","N","2017","BE","Belgium",10.000000000,""
"Chikungunya virus disease","All cases","Reported cases","N","2017","CZ","Czechia",0.000000000,""
"Chikungunya virus disease","All cases","Reported cases","N","2017","DE","Germany",33.000000000,""
"Chikungunya virus disease","All cases","Reported cases","N","2017","DK","Denmark",1.000000000,""
"Chikungunya virus disease","All cases","Reported cases","N","2017","EE","Estonia",0.000000000,""
"Chikungunya virus disease","All cases","Reported cases","N","2017","EL","Greece",0.000000000,""
"Chikungunya virus disease","All cases","Reported cases","N","2017","ES","Spain",51.000000000,""
"Chikungunya virus disease","All cases","Reported cases","N","2017","EU27_21","EU (without UK)",442.000000000,""
"Chikungunya virus disease","All cases","Reported cases","N","2017","EU27_UK_21","EU (with UK until 2019)",546.000000000,""
"Chikungunya virus disease","All cases","Reported cases","N","2017","EUEEA30_21","EU/EEA (without UK)",442.000000000,""
"Chikungunya virus disease","All cases","Reported cases","N","2017","EUEEAUK_21","EU/EEA (with UK until 2019)",546.000000000,""
"Chikungunya virus disease","All cases","Reported cases","N","2017","FI","Finland",4.000000000,""
"Chikungunya virus disease","All cases","Reported cases","N","2017","FR","France",35.000000000,""
"Chikungunya virus disease","All cases","Reported cases","N","2017","HR","Croatia",0.000000000,""
"Chikungunya virus disease","All cases","Reported cases","N","2017","HU","Hungary",1.000000000,""
"Chikungunya virus disease","All cases","Reported cases","N","2017","IE","Ireland",0.000000000,""
"Chikungunya virus disease","All cases","Reported cases","N","2017","IT","Italy",289.000000000,""
"Chikungunya virus disease","All cases","Reported cases","N","2017","LT","Lithuania",0.000000000,""
"Chikungunya virus disease","All cases","Reported cases","N","2017","LU","Luxembourg",0.000000000,""
"Chikungunya virus disease","All cases","Reported cases","N","2017","LV","Latvia",0.000000000,""
"Chikungunya virus disease","All cases","Reported cases","N","2017","MT","Malta",0.000000000,""
"Chikungunya virus disease","All cases","Reported cases","N","2017","NL","Netherlands",0.000000000,""
"Chikungunya virus disease","All cases","Reported cases","N","2017","PL","Poland",0.000000000,""
"Chikungunya virus disease","All cases","Reported cases","N","2017","PT","Portugal",0.000000000,""
"Chikungunya virus disease","All cases","Reported cases","N","2017","RO","Romania",0.000000000,""
"Chikungunya virus disease","All cases","Reported cases","N","2017","SE","Sweden",13.000000000,""
"Chikungunya virus disease","All cases","Reported cases","N","2017","SI","Slovenia",0.000000000,""
"Chikungunya virus disease","All cases","Reported cases","N","2017","SK","Slovakia",0.000000000,""
"Chikungunya virus disease","All cases","Reported cases","N","2017","UK","United Kingdom",104.000000000,""
"Chikungunya virus disease","All cases","Reported cases","N","2018","AT","Austria",1.000000000,""
"Chikungunya virus disease","All cases","Reported cases","N","2018","BE","Belgium",3.000000000,""
"Chikungunya virus disease","All cases","Reported cases","N","2018","CZ","Czechia",6.000000000,""
"Chikungunya virus disease","All cases","Reported cases","N","2018","DE","Germany",26.000000000,""
"Chikungunya virus disease","All cases","Reported cases","N","2018","DK","Denmark",1.000000000,""
"Chikungunya virus disease","All cases","Reported cases","N","2018","EE","Estonia",0.000000000,""
"Chikungunya virus disease","All cases","Reported cases","N","2018","EL","Greece",1.000000000,""
"Chikungunya virus disease","All cases","Reported cases","N","2018","ES","Spain",27.000000000,""
"Chikungunya virus disease","All cases","Reported cases","N","2018","EU27_21","EU (without UK)",112.000000000,""
"Chikungunya virus disease","All cases","Reported cases","N","2018","EU27_UK_21","EU (with UK until 2019)",171.000000000,""
"Chikungunya virus disease","All cases","Reported cases","N","2018","EUEEA30_21","EU/EEA (without UK)",112.000000000,""
"Chikungunya virus disease","All cases","Reported cases","N","2018","EUEEAUK_21","EU/EEA (with UK until 2019)",171.000000000,""
"Chikungunya virus disease","All cases","Reported cases","N","2018","FI","Finland",1.000000000,""
"Chikungunya virus disease","All cases","Reported cases","N","2018","FR","France",16.000000000,""
"Chikungunya virus disease","All cases","Reported cases","N","2018","HR","Croatia",0.000000000,""
"Chikungunya virus disease","All cases","Reported cases","N","2018","HU","Hungary",3.000000000,""
"Chikungunya virus disease","All cases","Reported cases","N","2018","IE","Ireland",0.000000000,""
"Chikungunya virus disease","All cases","Reported cases","N","2018","IT","Italy",4.000000000,""
"Chikungunya virus disease","All cases","Reported cases","N","2018","LT","Lithuania",0.000000000,""
"Chikungunya virus disease","All cases","Reported cases","N","2018","LU","Luxembourg",0.000000000,""
"Chikungunya virus disease","All cases","Reported cases","N","2018","LV","Latvia",0.000000000,""
"Chikungunya virus disease","All cases","Reported cases","N","2018","MT","Malta",0.000000000,""
"Chikungunya virus disease","All cases","Reported cases","N","2018","NL","Netherlands",0.000000000,""
"Chikungunya virus disease","All cases","Reported cases","N","2018","PL","Poland",0.000000000,""
"Chikungunya virus disease","All cases","Reported cases","N","2018","PT","Portugal",1.000000000,""
"Chikungunya virus disease","All cases","Reported cases","N","2018","RO","Romania",2.000000000,""
"Chikungunya virus disease","All cases","Reported cases","N","2018","SE","Sweden",20.000000000,""
"Chikungunya virus disease","All cases","Reported cases","N","2018","SI","Slovenia",0.000000000,""
"Chikungunya virus disease","All cases","Reported cases","N","2018","SK","Slovakia",0.000000000,""
"Chikungunya virus disease","All cases","Reported cases","N","2018","UK","United Kingdom",59.000000000,""
"Chikungunya virus disease","All cases","Reported cases","N","2019","AT","Austria",17.000000000,""
"Chikungunya virus disease","All cases","Reported cases","N","2019","BE","Belgium",60.000000000,""
"Chikungunya virus disease","All cases","Reported cases","N","2019","CZ","Czechia",15.000000000,""
"Chikungunya virus disease","All cases","Reported cases","N","2019","DE","Germany",87.000000000,""
"Chikungunya virus disease","All cases","Reported cases","N","2019","DK","Denmark",8.000000000,""
"Chikungunya virus disease","All cases","Reported cases","N","2019","EE","Estonia",0.000000000,""
"Chikungunya virus disease","All cases","Reported cases","N","2019","EL","Greece",2.000000000,""
"Chikungunya virus disease","All cases","Reported cases","N","2019","ES","Spain",46.000000000,""
"Chikungunya virus disease","All cases","Reported cases","N","2019","EU27_21","EU (without UK)",446.000000000,""
"Chikungunya virus disease","All cases","Reported cases","N","2019","EU27_UK_21","EU (with UK until 2019)",540.000000000,""
"Chikungunya virus disease","All cases","Reported cases","N","2019","EUEEA30_21","EU/EEA (without UK)",446.000000000,""
"Chikungunya virus disease","All cases","Reported cases","N","2019","EUEEAUK_21","EU/EEA (with UK until 2019)",540.000000000,""
"Chikungunya virus disease","All cases","Reported cases","N","2019","FI","Finland",11.000000000,""
"Chikungunya virus disease","All cases","Reported cases","N","2019","FR","France",108.000000000,""
"Chikungunya virus disease","All cases","Reported cases","N","2019","HR","Croatia",0.000000000,""
"Chikungunya virus disease","All cases","Reported cases","N","2019","HU","Hungary",5.000000000,""
"Chikungunya virus disease","All cases","Reported cases","N","2019","IE","Ireland",1.000000000,""
"Chikungunya virus disease","All cases","Reported cases","N","2019","IT","Italy",25.000000000,""
"Chikungunya virus disease","All cases","Reported cases","N","2019","LT","Lithuania",0.000000000,""
"Chikungunya virus disease","All cases","Reported cases","N","2019","LU","Luxembourg",1.000000000,""
"Chikungunya virus disease","All cases","Reported cases","N","2019","LV","Latvia",0.000000000,""
"Chikungunya virus disease","All cases","Reported cases","N","2019","MT","Malta",0.000000000,""
"Chikungunya virus disease","All cases","Reported cases","N","2019","NL","Netherlands",0.000000000,""
"Chikungunya virus disease","All cases","Reported cases","N","2019","PL","Poland",2.000000000,""
"Chikungunya virus disease","All cases","Reported cases","N","2019","PT","Portugal",0.000000000,""
"Chikungunya virus disease","All cases","Reported cases","N","2019","RO","Romania",0.000000000,""
"Chikungunya virus disease","All cases","Reported cases","N","2019","SE","Sweden",58.000000000,""
"Chikungunya virus disease","All cases","Reported cases","N","2019","SI","Slovenia",0.000000000,""
"Chikungunya virus disease","All cases","Reported cases","N","2019","SK","Slovakia",0.000000000,""
"Chikungunya virus disease","All cases","Reported cases","N","2019","UK","United Kingdom",94.000000000,""
"Chikungunya virus disease","All cases","Reported cases","N","2020","AT","Austria",0.000000000,""
"Chikungunya virus disease","All cases","Reported cases","N","2020","BE","Belgium",8.000000000,""
"Chikungunya virus disease","All cases","Reported cases","N","2020","CZ","Czechia",0.000000000,""
"Chikungunya virus disease","All cases","Reported cases","N","2020","DE","Germany",26.000000000,""
"Chikungunya virus disease","All cases","Reported cases","N","2020","DK","Denmark",1.000000000,""
"Chikungunya virus disease","All cases","Reported cases","N","2020","EE","Estonia",0.000000000,""
"Chikungunya virus disease","All cases","Reported cases","N","2020","EL","Greece",0.000000000,""
"Chikungunya virus disease","All cases","Reported cases","N","2020","ES","Spain",9.000000000,""
"Chikungunya virus disease","All cases","Reported cases","N","2020","EU27_21","EU (without UK)",66.000000000,""
"Chikungunya virus disease","All cases","Reported cases","N","2020","EU27_UK_21","EU (with UK until 2019)",66.000000000,""
"Chikungunya virus disease","All cases","Reported cases","N","2020","EUEEA30_21","EU/EEA (without UK)",66.000000000,""
"Chikungunya virus disease","All cases","Reported cases","N","2020","EUEEAUK_21","EU/EEA (with UK until 2019)",66.000000000,""
"Chikungunya virus disease","All cases","Reported cases","N","2020","FI","Finland",2.000000000,""
"Chikungunya virus disease","All cases","Reported cases","N","2020","FR","France",13.000000000,""
"Chikungunya virus disease","All cases","Reported cases","N","2020","HR","Croatia",0.000000000,""
"Chikungunya virus disease","All cases","Reported cases","N","2020","HU","Hungary",0.000000000,""
"Chikungunya virus disease","All cases","Reported cases","N","2020","IE","Ireland",0.000000000,""
"Chikungunya virus disease","All cases","Reported cases","N","2020","IT","Italy",6.000000000,""
"Chikungunya virus disease","All cases","Reported cases","N","2020","LT","Lithuania",0.000000000,""
"Chikungunya virus disease","All cases","Reported cases","N","2020","LU","Luxembourg",0.000000000,""
"Chikungunya virus disease","All cases","Reported cases","N","2020","LV","Latvia",0.000000000,""
"Chikungunya virus disease","All cases","Reported cases","N","2020","MT","Malta",0.000000000,""
"Chikungunya virus disease","All cases","Reported cases","N","2020","NL","Netherlands",0.000000000,""
"Chikungunya virus disease","All cases","Reported cases","N","2020","PL","Poland",0.000000000,""
"Chikungunya virus disease","All cases","Reported cases","N","2020","PT","Portugal",0.000000000,""
"Chikungunya virus disease","All cases","Reported cases","N","2020","RO","Romania",0.000000000,""
"Chikungunya virus disease","All cases","Reported cases","N","2020","SE","Sweden",1.000000000,""
"Chikungunya virus disease","All cases","Reported cases","N","2020","SI","Slovenia",0.000000000,""
"Chikungunya virus disease","All cases","Reported cases","N","2020","SK","Slovakia",0.000000000,""
"Chikungunya virus disease","All cases","Reported cases","N","2021","AT","Austria",0.000000000,""
"Chikungunya virus disease","All cases","Reported cases","N","2021","BE","Belgium",2.000000000,""
"Chikungunya virus disease","All cases","Reported cases","N","2021","CZ","Czechia",0.000000000,""
"Chikungunya virus disease","All cases","Reported cases","N","2021","DE","Germany",8.000000000,""
"Chikungunya virus disease","All cases","Reported cases","N","2021","DK","Denmark",0.000000000,""
"Chikungunya virus disease","All cases","Reported cases","N","2021","EE","Estonia",0.000000000,""
"Chikungunya virus disease","All cases","Reported cases","N","2021","EL","Greece",0.000000000,""
"Chikungunya virus disease","All cases","Reported cases","N","2021","ES","Spain",1.000000000,""
"Chikungunya virus disease","All cases","Reported cases","N","2021","EU27_21","EU (without UK)",16.000000000,""
"Chikungunya virus disease","All cases","Reported cases","N","2021","EU27_UK_21","EU (with UK until 2019)",16.000000000,""
"Chikungunya virus disease","All cases","Reported cases","N","2021","EUEEA30_21","EU/EEA (without UK)",16.000000000,""
"Chikungunya virus disease","All cases","Reported cases","N","2021","EUEEAUK_21","EU/EEA (with UK until 2019)",16.000000000,""
"Chikungunya virus disease","All cases","Reported cases","N","2021","FI","Finland",0.000000000,""
"Chikungunya virus disease","All cases","Reported cases","N","2021","FR","France",3.000000000,""
"Chikungunya virus disease","All cases","Reported cases","N","2021","HR","Croatia",0.000000000,""
"Chikungunya virus disease","All cases","Reported cases","N","2021","HU","Hungary",0.000000000,""
"Chikungunya virus disease","All cases","Reported cases","N","2021","IE","Ireland",0.000000000,""
"Chikungunya virus disease","All cases","Reported cases","N","2021","IT","Italy",0.000000000,""
"Chikungunya virus disease","All cases","Reported cases","N","2021","LI","Liechtenstein",0.000000000,""
"Chikungunya virus disease","All cases","Reported cases","N","2021","LT","Lithuania",0.000000000,""
"Chikungunya virus disease","All cases","Reported cases","N","2021","LU","Luxembourg",0.000000000,""
"Chikungunya virus disease","All cases","Reported cases","N","2021","LV","Latvia",0.000000000,""
"Chikungunya virus disease","All cases","Reported cases","N","2021","MT","Malta",0.000000000,""
"Chikungunya virus disease","All cases","Reported cases","N","2021","NL","Netherlands",0.000000000,""
"Chikungunya virus disease","All cases","Reported cases","N","2021","PL","Poland",0.000000000,""
"Chikungunya virus disease","All cases","Reported cases","N","2021","PT","Portugal",0.000000000,""
"Chikungunya virus disease","All cases","Reported cases","N","2021","RO","Romania",0.000000000,""
"Chikungunya virus disease","All cases","Reported cases","N","2021","SE","Sweden",2.000000000,""
"Chikungunya virus disease","All cases","Reported cases","N","2021","SI","Slovenia",0.000000000,""
"Chikungunya virus disease","All cases","Reported cases","N","2021","SK","Slovakia",0.000000000,""
"Chikungunya virus disease","All cases","Reported cases","N","2022","AT","Austria",3.000000000,""
"Chikungunya virus disease","All cases","Reported cases","N","2022","BE","Belgium",3.000000000,""
"Chikungunya virus disease","All cases","Reported cases","N","2022","CZ","Czechia",2.000000000,""
"Chikungunya virus disease","All cases","Reported cases","N","2022","DE","Germany",32.000000000,""
"Chikungunya virus disease","All cases","Reported cases","N","2022","DK","Denmark",0.000000000,""
"Chikungunya virus disease","All cases","Reported cases","N","2022","EE","Estonia",0.000000000,""
"Chikungunya virus disease","All cases","Reported cases","N","2022","EL","Greece",0.000000000,""
"Chikungunya virus disease","All cases","Reported cases","N","2022","ES","Spain",10.000000000,""
"Chikungunya virus disease","All cases","Reported cases","N","2022","EU27_21","EU (without UK)",80.000000000,""
"Chikungunya virus disease","All cases","Reported cases","N","2022","EU27_UK_21","EU (with UK until 2019)",80.000000000,""
"Chikungunya virus disease","All cases","Reported cases","N","2022","EUEEA30_21","EU/EEA (without UK)",80.000000000,""
"Chikungunya virus disease","All cases","Reported cases","N","2022","EUEEAUK_21","EU/EEA (with UK until 2019)",80.000000000,""
"Chikungunya virus disease","All cases","Reported cases","N","2022","FI","Finland",0.000000000,""
"Chikungunya virus disease","All cases","Reported cases","N","2022","FR","France",23.000000000,""
"Chikungunya virus disease","All cases","Reported cases","N","2022","HR","Croatia",0.000000000,""
"Chikungunya virus disease","All cases","Reported cases","N","2022","HU","Hungary",2.000000000,""
"Chikungunya virus disease","All cases","Reported cases","N","2022","IE","Ireland",0.000000000,""
"Chikungunya virus disease","All cases","Reported cases","N","2022","IS","Iceland",0.000000000,""
"Chikungunya virus disease","All cases","Reported cases","N","2022","IT","Italy",0.000000000,""
"Chikungunya virus disease","All cases","Reported cases","N","2022","LI","Liechtenstein",0.000000000,""
"Chikungunya virus disease","All cases","Reported cases","N","2022","LT","Lithuania",0.000000000,""
"Chikungunya virus disease","All cases","Reported cases","N","2022","LU","Luxembourg",0.000000000,""
"Chikungunya virus disease","All cases","Reported cases","N","2022","LV","Latvia",0.000000000,""
"Chikungunya virus disease","All cases","Reported cases","N","2022","MT","Malta",1.000000000,""
"Chikungunya virus disease","All cases","Reported cases","N","2022","NL","Netherlands",1.000000000,""
"Chikungunya virus disease","All cases","Reported cases","N","2022","PL","Poland",2.000000000,""
"Chikungunya virus disease","All cases","Reported cases","N","2022","PT","Portugal",0.000000000,""
"Chikungunya virus disease","All cases","Reported cases","N","2022","RO","Romania",0.000000000,""
"Chikungunya virus disease","All cases","Reported cases","N","2022","SE","Sweden",1.000000000,""
"Chikungunya virus disease","All cases","Reported cases","N","2022","SI","Slovenia",0.000000000,""
"Chikungunya virus disease","All cases","Reported cases","N","2022","SK","Slovakia",0.000000000,""
"Chikungunya virus disease","All cases","Reported cases","N","2023","AT","Austria",7.000000000,""
"Chikungunya virus disease","All cases","Reported cases","N","2023","BE","Belgium",14.000000000,""
"Chikungunya virus disease","All cases","Reported cases","N","2023","CZ","Czechia",3.000000000,""
"Chikungunya virus disease","All cases","Reported cases","N","2023","DE","Germany",88.000000000,""
"Chikungunya virus disease","All cases","Reported cases","N","2023","DK","Denmark",3.000000000,""
"Chikungunya virus disease","All cases","Reported cases","N","2023","EE","Estonia",0.000000000,""
"Chikungunya virus disease","All cases","Reported cases","N","2023","EL","Greece",0.000000000,""
"Chikungunya virus disease","All cases","Reported cases","N","2023","ES","Spain",191.000000000,""
"Chikungunya virus disease","All cases","Reported cases","N","2023","EU27_21","EU (without UK)",380.000000000,""
"Chikungunya virus disease","All cases","Reported cases","N","2023","EU27_UK_21","EU (with UK until 2019)",380.000000000,""
"Chikungunya virus disease","All cases","Reported cases","N","2023","EUEEA30_21","EU/EEA (without UK)",380.000000000,""
"Chikungunya virus disease","All cases","Reported cases","N","2023","EUEEAUK_21","EU/EEA (with UK until 2019)",380.000000000,""
"Chikungunya virus disease","All cases","Reported cases","N","2023","FI","Finland",3.000000000,""
"Chikungunya virus disease","All cases","Reported cases","N","2023","FR","France",39.000000000,""
"Chikungunya virus disease","All cases","Reported cases","N","2023","HR","Croatia",0.000000000,""
"Chikungunya virus disease","All cases","Reported cases","N","2023","HU","Hungary",1.000000000,""
"Chikungunya virus disease","All cases","Reported cases","N","2023","IE","Ireland",0.000000000,""
"Chikungunya virus disease","All cases","Reported cases","N","2023","IS","Iceland",0.000000000,""
"Chikungunya virus disease","All cases","Reported cases","N","2023","IT","Italy",17.000000000,""
"Chikungunya virus disease","All cases","Reported cases","N","2023","LI","Liechtenstein",0.000000000,""
"Chikungunya virus disease","All cases","Reported cases","N","2023","LT","Lithuania",0.000000000,""
"Chikungunya virus disease","All cases","Reported cases","N","2023","LU","Luxembourg",0.000000000,""
"Chikungunya virus disease","All cases","Reported cases","N","2023","LV","Latvia",2.000000000,""
"Chikungunya virus disease","All cases","Reported cases","N","2023","MT","Malta",0.000000000,""
"Chikungunya virus disease","All cases","Reported cases","N","2023","NL","Netherlands",0.000000000,""
"Chikungunya virus disease","All cases","Reported cases","N","2023","PL","Poland",5.000000000,""
"Chikungunya virus disease","All cases","Reported cases","N","2023","PT","Portugal",1.000000000,""
"Chikungunya virus disease","All cases","Reported cases","N","2023","RO","Romania",5.000000000,""
"Chikungunya virus disease","All cases","Reported cases","N","2023","SE","Sweden",1.000000000,""
"Chikungunya virus disease","All cases","Reported cases","N","2023","SI","Slovenia",0.000000000,""
"Chikungunya virus disease","All cases","Reported cases","N","2023","SK","Slovakia",0.000000000,""
"Chikungunya virus disease","All cases","Reported cases","N","2024","AT","Austria",11.000000000,""
"Chikungunya virus disease","All cases","Reported cases","N","2024","BE","Belgium",15.000000000,""
"Chikungunya virus disease","All cases","Reported cases","N","2024","CY","Cyprus",0.000000000,""
"Chikungunya virus disease","All cases","Reported cases","N","2024","CZ","Czechia",3.000000000,""
"Chikungunya virus disease","All cases","Reported cases","N","2024","DE","Germany",51.000000000,""
"Chikungunya virus disease","All cases","Reported cases","N","2024","DK","Denmark",1.000000000,""
"Chikungunya virus disease","All cases","Reported cases","N","2024","EE","Estonia",0.000000000,""
"Chikungunya virus disease","All cases","Reported cases","N","2024","EL","Greece",0.000000000,""
"Chikungunya virus disease","All cases","Reported cases","N","2024","ES","Spain",53.000000000,""
"Chikungunya virus disease","All cases","Reported cases","N","2024","EU27_21","EU (without UK)",216.000000000,""
"Chikungunya virus disease","All cases","Reported cases","N","2024","EU27_UK_21","EU (with UK until 2019)",216.000000000,""
"Chikungunya virus disease","All cases","Reported cases","N","2024","EUEEA30_21","EU/EEA (without UK)",217.000000000,""
"Chikungunya virus disease","All cases","Reported cases","N","2024","EUEEAUK_21","EU/EEA (with UK until 2019)",217.000000000,""
"Chikungunya virus disease","All cases","Reported cases","N","2024","FI","Finland",3.000000000,""
"Chikungunya virus disease","All cases","Reported cases","N","2024","FR","France",35.000000000,""
"Chikungunya virus disease","All cases","Reported cases","N","2024","HR","Croatia",0.000000000,""
"Chikungunya virus disease","All cases","Reported cases","N","2024","HU","Hungary",5.000000000,""
"Chikungunya virus disease","All cases","Reported cases","N","2024","IE","Ireland",0.000000000,""
"Chikungunya virus disease","All cases","Reported cases","N","2024","IS","Iceland",0.000000000,""
"Chikungunya virus disease","All cases","Reported cases","N","2024","IT","Italy",17.000000000,""
"Chikungunya virus disease","All cases","Reported cases","N","2024","LI","Liechtenstein",1.000000000,""
"Chikungunya virus disease","All cases","Reported cases","N","2024","LT","Lithuania",0.000000000,""
"Chikungunya virus disease","All cases","Reported cases","N","2024","LU","Luxembourg",2.000000000,""
"Chikungunya virus disease","All cases","Reported cases","N","2024","LV","Latvia",0.000000000,""
"Chikungunya virus disease","All cases","Reported cases","N","2024","MT","Malta",1.000000000,""
"Chikungunya virus disease","All cases","Reported cases","N","2024","NL","Netherlands",0.000000000,""
"Chikungunya virus disease","All cases","Reported cases","N","2024","PL","Poland",4.000000000,""
"Chikungunya virus disease","All cases","Reported cases","N","2024","PT","Portugal",1.000000000,""
"Chikungunya virus disease","All cases","Reported cases","N","2024","RO","Romania",5.000000000,""
"Chikungunya virus disease","All cases","Reported cases","N","2024","SE","Sweden",9.000000000,""
"Chikungunya virus disease","All cases","Reported cases","N","2024","SI","Slovenia",0.000000000,""
"Chikungunya virus disease","All cases","Reported cases","N","2024","SK","Slovakia",0.000000000,""
"Chikungunya virus disease","All cases - Data quality","Completeness Age","%","2008","AT","Austria",-,""
"Chikungunya virus disease","All cases - Data quality","Completeness Age","%","2008","BE","Belgium",-,""
"Chikungunya virus disease","All cases - Data quality","Completeness Age","%","2008","CZ","Czechia",-,""
"Chikungunya virus disease","All cases - Data quality","Completeness Age","%","2008","DE","Germany",100.000000000,""
"Chikungunya virus disease","All cases - Data quality","Completeness Age","%","2008","EE","Estonia",-,""
"Chikungunya virus disease","All cases - Data quality","Completeness Age","%","2008","EL","Greece",-,""
"Chikungunya virus disease","All cases - Data quality","Completeness Age","%","2008","ES","Spain",100.000000000,""
"Chikungunya virus disease","All cases - Data quality","Completeness Age","%","2008","EU27_21","EU (without UK)",100.000000000,""
"Chikungunya virus disease","All cases - Data quality","Completeness Age","%","2008","EU27_UK_21","EU (with UK until 2019)",100.000000000,""
"Chikungunya virus disease","All cases - Data quality","Completeness Age","%","2008","EUEEA30_21","EU/EEA (without UK)",100.000000000,""
"Chikungunya virus disease","All cases - Data quality","Completeness Age","%","2008","EUEEAUK_21","EU/EEA (with UK until 2019)",100.000000000,""
"Chikungunya virus disease","All cases - Data quality","Completeness Age","%","2008","FI","Finland",-,""
"Chikungunya virus disease","All cases - Data quality","Completeness Age","%","2008","FR","France",100.000000000,""
"Chikungunya virus disease","All cases - Data quality","Completeness Age","%","2008","HU","Hungary",-,""
"Chikungunya virus disease","All cases - Data quality","Completeness Age","%","2008","IE","Ireland",-,""
"Chikungunya virus disease","All cases - Data quality","Completeness Age","%","2008","IT","Italy",100.000000000,""
"Chikungunya virus disease","All cases - Data quality","Completeness Age","%","2008","LT","Lithuania",-,""
"Chikungunya virus disease","All cases - Data quality","Completeness Age","%","2008","LU","Luxembourg",-,""
"Chikungunya virus disease","All cases - Data quality","Completeness Age","%","2008","LV","Latvia",-,""
"Chikungunya virus disease","All cases - Data quality","Completeness Age","%","2008","MT","Malta",-,""
"Chikungunya virus disease","All cases - Data quality","Completeness Age","%","2008","PL","Poland",-,""
"Chikungunya virus disease","All cases - Data quality","Completeness Age","%","2008","RO","Romania",-,""
"Chikungunya virus disease","All cases - Data quality","Completeness Age","%","2008","SI","Slovenia",-,""
"Chikungunya virus disease","All cases - Data quality","Completeness Age","%","2008","SK","Slovakia",-,""
"Chikungunya virus disease","All cases - Data quality","Completeness Age","%","2008","UK","United Kingdom",100.000000000,""
"Chikungunya virus disease","All cases - Data quality","Completeness Age","%","2009","AT","Austria",100.000000000,""
"Chikungunya virus disease","All cases - Data quality","Completeness Age","%","2009","BE","Belgium",100.000000000,""
"Chikungunya virus disease","All cases - Data quality","Completeness Age","%","2009","CZ","Czechia",-,""
"Chikungunya virus disease","All cases - Data quality","Completeness Age","%","2009","DE","Germany",100.000000000,""
"Chikungunya virus disease","All cases - Data quality","Completeness Age","%","2009","EE","Estonia",-,""
"Chikungunya virus disease","All cases - Data quality","Completeness Age","%","2009","EL","Greece",-,""
"Chikungunya virus disease","All cases - Data quality","Completeness Age","%","2009","ES","Spain",100.000000000,""
"Chikungunya virus disease","All cases - Data quality","Completeness Age","%","2009","EU27_21","EU (without UK)",100.000000000,""
"Chikungunya virus disease","All cases - Data quality","Completeness Age","%","2009","EU27_UK_21","EU (with UK until 2019)",99.328859000,""
"Chikungunya virus disease","All cases - Data quality","Completeness Age","%","2009","EUEEA30_21","EU/EEA (without UK)",100.000000000,""
"Chikungunya virus disease","All cases - Data quality","Completeness Age","%","2009","EUEEAUK_21","EU/EEA (with UK until 2019)",99.328859000,""
"Chikungunya virus disease","All cases - Data quality","Completeness Age","%","2009","FI","Finland",100.000000000,""
"Chikungunya virus disease","All cases - Data quality","Completeness Age","%","2009","FR","France",100.000000000,""
"Chikungunya virus disease","All cases - Data quality","Completeness Age","%","2009","HU","Hungary",-,""
"Chikungunya virus disease","All cases - Data quality","Completeness Age","%","2009","IE","Ireland",-,""
"Chikungunya virus disease","All cases - Data quality","Completeness Age","%","2009","IT","Italy",100.000000000,""
"Chikungunya virus disease","All cases - Data quality","Completeness Age","%","2009","LT","Lithuania",-,""
"Chikungunya virus disease","All cases - Data quality","Completeness Age","%","2009","LU","Luxembourg",-,""
"Chikungunya virus disease","All cases - Data quality","Completeness Age","%","2009","LV","Latvia",-,""
"Chikungunya virus disease","All cases - Data quality","Completeness Age","%","2009","MT","Malta",-,""
"Chikungunya virus disease","All cases - Data quality","Completeness Age","%","2009","PL","Poland",-,""
"Chikungunya virus disease","All cases - Data quality","Completeness Age","%","2009","RO","Romania",-,""
"Chikungunya virus disease","All cases - Data quality","Completeness Age","%","2009","SE","Sweden",-,""
"Chikungunya virus disease","All cases - Data quality","Completeness Age","%","2009","SI","Slovenia",-,""
"Chikungunya virus disease","All cases - Data quality","Completeness Age","%","2009","SK","Slovakia",-,""
"Chikungunya virus disease","All cases - Data quality","Completeness Age","%","2009","UK","United Kingdom",98.214285710,""
"Chikungunya virus disease","All cases - Data quality","Completeness Age","%","2010","AT","Austria",100.000000000,""
"Chikungunya virus disease","All cases - Data quality","Completeness Age","%","2010","BE","Belgium",0.000000000,""
"Chikungunya virus disease","All cases - Data quality","Completeness Age","%","2010","CZ","Czechia",-,""
"Chikungunya virus disease","All cases - Data quality","Completeness Age","%","2010","DE","Germany",100.000000000,""
"Chikungunya virus disease","All cases - Data quality","Completeness Age","%","2010","DK","Denmark",-,""
"Chikungunya virus disease","All cases - Data quality","Completeness Age","%","2010","EE","Estonia",-,""
"Chikungunya virus disease","All cases - Data quality","Completeness Age","%","2010","EL","Greece",-,""
"Chikungunya virus disease","All cases - Data quality","Completeness Age","%","2010","ES","Spain",-,""
"Chikungunya virus disease","All cases - Data quality","Completeness Age","%","2010","EU27_21","EU (without UK)",92.000000000,""
"Chikungunya virus disease","All cases - Data quality","Completeness Age","%","2010","EU27_UK_21","EU (with UK until 2019)",95.530726000,""
"Chikungunya virus disease","All cases - Data quality","Completeness Age","%","2010","EUEEA30_21","EU/EEA (without UK)",92.000000000,""
"Chikungunya virus disease","All cases - Data quality","Completeness Age","%","2010","EUEEAUK_21","EU/EEA (with UK until 2019)",95.530726000,""
"Chikungunya virus disease","All cases - Data quality","Completeness Age","%","2010","FI","Finland",100.000000000,""
"Chikungunya virus disease","All cases - Data quality","Completeness Age","%","2010","FR","France",100.000000000,""
"Chikungunya virus disease","All cases - Data quality","Completeness Age","%","2010","HU","Hungary",-,""
"Chikungunya virus disease","All cases - Data quality","Completeness Age","%","2010","IE","Ireland",100.000000000,""
"Chikungunya virus disease","All cases - Data quality","Completeness Age","%","2010","IT","Italy",100.000000000,""
"Chikungunya virus disease","All cases - Data quality","Completeness Age","%","2010","LT","Lithuania",-,""
"Chikungunya virus disease","All cases - Data quality","Completeness Age","%","2010","LU","Luxembourg",-,""
"Chikungunya virus disease","All cases - Data quality","Completeness Age","%","2010","LV","Latvia",-,""
"Chikungunya virus disease","All cases - Data quality","Completeness Age","%","2010","MT","Malta",-,""
"Chikungunya virus disease","All cases - Data quality","Completeness Age","%","2010","PL","Poland",-,""
"Chikungunya virus disease","All cases - Data quality","Completeness Age","%","2010","RO","Romania",-,""
"Chikungunya virus disease","All cases - Data quality","Completeness Age","%","2010","SE","Sweden",-,""
"Chikungunya virus disease","All cases - Data quality","Completeness Age","%","2010","SI","Slovenia",-,""
"Chikungunya virus disease","All cases - Data quality","Completeness Age","%","2010","SK","Slovakia",-,""
"Chikungunya virus disease","All cases - Data quality","Completeness Age","%","2010","UK","United Kingdom",100.000000000,""
"Chikungunya virus disease","All cases - Data quality","Completeness Age","%","2011","AT","Austria",100.000000000,""
"Chikungunya virus disease","All cases - Data quality","Completeness Age","%","2011","BE","Belgium",0.000000000,""
"Chikungunya virus disease","All cases - Data quality","Completeness Age","%","2011","CZ","Czechia",-,""
"Chikungunya virus disease","All cases - Data quality","Completeness Age","%","2011","DE","Germany",100.000000000,""
"Chikungunya virus disease","All cases - Data quality","Completeness Age","%","2011","DK","Denmark",-,""
"Chikungunya virus disease","All cases - Data quality","Completeness Age","%","2011","EE","Estonia",-,""
"Chikungunya virus disease","All cases - Data quality","Completeness Age","%","2011","EL","Greece",-,""
"Chikungunya virus disease","All cases - Data quality","Completeness Age","%","2011","ES","Spain",100.000000000,""
"Chikungunya virus disease","All cases - Data quality","Completeness Age","%","2011","EU27_21","EU (without UK)",80.487804000,""
"Chikungunya virus disease","All cases - Data quality","Completeness Age","%","2011","EU27_UK_21","EU (with UK until 2019)",85.454545000,""
"Chikungunya virus disease","All cases - Data quality","Completeness Age","%","2011","EUEEA30_21","EU/EEA (without UK)",80.487804000,""
"Chikungunya virus disease","All cases - Data quality","Completeness Age","%","2011","EUEEAUK_21","EU/EEA (with UK until 2019)",85.454545000,""
"Chikungunya virus disease","All cases - Data quality","Completeness Age","%","2011","FI","Finland",-,""
"Chikungunya virus disease","All cases - Data quality","Completeness Age","%","2011","FR","France",100.000000000,""
"Chikungunya virus disease","All cases - Data quality","Completeness Age","%","2011","HU","Hungary",-,""
"Chikungunya virus disease","All cases - Data quality","Completeness Age","%","2011","IE","Ireland",-,""
"Chikungunya virus disease","All cases - Data quality","Completeness Age","%","2011","IT","Italy",100.000000000,""
"Chikungunya virus disease","All cases - Data quality","Completeness Age","%","2011","LT","Lithuania",-,""
"Chikungunya virus disease","All cases - Data quality","Completeness Age","%","2011","LU","Luxembourg",-,""
"Chikungunya virus disease","All cases - Data quality","Completeness Age","%","2011","LV","Latvia",-,""
"Chikungunya virus disease","All cases - Data quality","Completeness Age","%","2011","MT","Malta",-,""
"Chikungunya virus disease","All cases - Data quality","Completeness Age","%","2011","PL","Poland",-,""
"Chikungunya virus disease","All cases - Data quality","Completeness Age","%","2011","RO","Romania",-,""
"Chikungunya virus disease","All cases - Data quality","Completeness Age","%","2011","SE","Sweden",-,""
"Chikungunya virus disease","All cases - Data quality","Completeness Age","%","2011","SI","Slovenia",-,""
"Chikungunya virus disease","All cases - Data quality","Completeness Age","%","2011","SK","Slovakia",-,""
"Chikungunya virus disease","All cases - Data quality","Completeness Age","%","2011","UK","United Kingdom",100.000000000,""
"Chikungunya virus disease","All cases - Data quality","Completeness Age","%","2012","AT","Austria",-,""
"Chikungunya virus disease","All cases - Data quality","Completeness Age","%","2012","BE","Belgium",0.000000000,""
"Chikungunya virus disease","All cases - Data quality","Completeness Age","%","2012","CZ","Czechia",-,""
"Chikungunya virus disease","All cases - Data quality","Completeness Age","%","2012","DE","Germany",100.000000000,""
"Chikungunya virus disease","All cases - Data quality","Completeness Age","%","2012","DK","Denmark",-,""
"Chikungunya virus disease","All cases - Data quality","Completeness Age","%","2012","EE","Estonia",-,""
"Chikungunya virus disease","All cases - Data quality","Completeness Age","%","2012","EL","Greece",-,""
"Chikungunya virus disease","All cases - Data quality","Completeness Age","%","2012","ES","Spain",100.000000000,""
"Chikungunya virus disease","All cases - Data quality","Completeness Age","%","2012","EU27_21","EU (without UK)",82.857142000,""
"Chikungunya virus disease","All cases - Data quality","Completeness Age","%","2012","EU27_UK_21","EU (with UK until 2019)",89.285714000,""
"Chikungunya virus disease","All cases - Data quality","Completeness Age","%","2012","EUEEA30_21","EU/EEA (without UK)",82.857142000,""
"Chikungunya virus disease","All cases - Data quality","Completeness Age","%","2012","EUEEAUK_21","EU/EEA (with UK until 2019)",89.285714000,""
"Chikungunya virus disease","All cases - Data quality","Completeness Age","%","2012","FI","Finland",-,""
"Chikungunya virus disease","All cases - Data quality","Completeness Age","%","2012","FR","France",100.000000000,""
"Chikungunya virus disease","All cases - Data quality","Completeness Age","%","2012","HR","Croatia",-,""
"Chikungunya virus disease","All cases - Data quality","Completeness Age","%","2012","HU","Hungary",-,""
"Chikungunya virus disease","All cases - Data quality","Completeness Age","%","2012","IE","Ireland",-,""
"Chikungunya virus disease","All cases - Data quality","Completeness Age","%","2012","IT","Italy",100.000000000,""
"Chikungunya virus disease","All cases - Data quality","Completeness Age","%","2012","LT","Lithuania",-,""
"Chikungunya virus disease","All cases - Data quality","Completeness Age","%","2012","LU","Luxembourg",-,""
"Chikungunya virus disease","All cases - Data quality","Completeness Age","%","2012","LV","Latvia",-,""
"Chikungunya virus disease","All cases - Data quality","Completeness Age","%","2012","MT","Malta",-,""
"Chikungunya virus disease","All cases - Data quality","Completeness Age","%","2012","PL","Poland",-,""
"Chikungunya virus disease","All cases - Data quality","Completeness Age","%","2012","RO","Romania",-,""
"Chikungunya virus disease","All cases - Data quality","Completeness Age","%","2012","SE","Sweden",100.000000000,""
"Chikungunya virus disease","All cases - Data quality","Completeness Age","%","2012","SI","Slovenia",-,""
"Chikungunya virus disease","All cases - Data quality","Completeness Age","%","2012","SK","Slovakia",-,""
"Chikungunya virus disease","All cases - Data quality","Completeness Age","%","2012","UK","United Kingdom",100.000000000,""
"Chikungunya virus disease","All cases - Data quality","Completeness Age","%","2013","AT","Austria",-,""
"Chikungunya virus disease","All cases - Data quality","Completeness Age","%","2013","BE","Belgium",100.000000000,""
"Chikungunya virus disease","All cases - Data quality","Completeness Age","%","2013","CZ","Czechia",-,""
"Chikungunya virus disease","All cases - Data quality","Completeness Age","%","2013","DE","Germany",100.000000000,""
"Chikungunya virus disease","All cases - Data quality","Completeness Age","%","2013","DK","Denmark",-,""
"Chikungunya virus disease","All cases - Data quality","Completeness Age","%","2013","EE","Estonia",-,""
"Chikungunya virus disease","All cases - Data quality","Completeness Age","%","2013","EL","Greece",-,""
"Chikungunya virus disease","All cases - Data quality","Completeness Age","%","2013","ES","Spain",100.000000000,""
"Chikungunya virus disease","All cases - Data quality","Completeness Age","%","2013","EU27_21","EU (without UK)",100.000000000,""
"Chikungunya virus disease","All cases - Data quality","Completeness Age","%","2013","EU27_UK_21","EU (with UK until 2019)",100.000000000,""
"Chikungunya virus disease","All cases - Data quality","Completeness Age","%","2013","EUEEA30_21","EU/EEA (without UK)",100.000000000,""
"Chikungunya virus disease","All cases - Data quality","Completeness Age","%","2013","EUEEAUK_21","EU/EEA (with UK until 2019)",100.000000000,""
"Chikungunya virus disease","All cases - Data quality","Completeness Age","%","2013","FI","Finland",100.000000000,""
"Chikungunya virus disease","All cases - Data quality","Completeness Age","%","2013","FR","France",100.000000000,""
"Chikungunya virus disease","All cases - Data quality","Completeness Age","%","2013","HR","Croatia",-,""
"Chikungunya virus disease","All cases - Data quality","Completeness Age","%","2013","HU","Hungary",-,""
"Chikungunya virus disease","All cases - Data quality","Completeness Age","%","2013","IE","Ireland",-,""
"Chikungunya virus disease","All cases - Data quality","Completeness Age","%","2013","IT","Italy",100.000000000,""
"Chikungunya virus disease","All cases - Data quality","Completeness Age","%","2013","LT","Lithuania",-,""
"Chikungunya virus disease","All cases - Data quality","Completeness Age","%","2013","LU","Luxembourg",-,""
"Chikungunya virus disease","All cases - Data quality","Completeness Age","%","2013","LV","Latvia",-,""
"Chikungunya virus disease","All cases - Data quality","Completeness Age","%","2013","MT","Malta",-,""
"Chikungunya virus disease","All cases - Data quality","Completeness Age","%","2013","PL","Poland",-,""
"Chikungunya virus disease","All cases - Data quality","Completeness Age","%","2013","RO","Romania",-,""
"Chikungunya virus disease","All cases - Data quality","Completeness Age","%","2013","SE","Sweden",100.000000000,""
"Chikungunya virus disease","All cases - Data quality","Completeness Age","%","2013","SI","Slovenia",-,""
"Chikungunya virus disease","All cases - Data quality","Completeness Age","%","2013","SK","Slovakia",-,""
"Chikungunya virus disease","All cases - Data quality","Completeness Age","%","2013","UK","United Kingdom",100.000000000,""
"Chikungunya virus disease","All cases - Data quality","Completeness Age","%","2014","BE","Belgium",100.000000000,""
"Chikungunya virus disease","All cases - Data quality","Completeness Age","%","2014","CZ","Czechia",100.000000000,""
"Chikungunya virus disease","All cases - Data quality","Completeness Age","%","2014","DE","Germany",100.000000000,""
"Chikungunya virus disease","All cases - Data quality","Completeness Age","%","2014","DK","Denmark",100.000000000,""
"Chikungunya virus disease","All cases - Data quality","Completeness Age","%","2014","EE","Estonia",-,""
"Chikungunya virus disease","All cases - Data quality","Completeness Age","%","2014","EL","Greece",100.000000000,""
"Chikungunya virus disease","All cases - Data quality","Completeness Age","%","2014","ES","Spain",98.897058820,""
"Chikungunya virus disease","All cases - Data quality","Completeness Age","%","2014","EU27_21","EU (without UK)",68.950749000,""
"Chikungunya virus disease","All cases - Data quality","Completeness Age","%","2014","EU27_UK_21","EU (with UK until 2019)",74.383078000,""
"Chikungunya virus disease","All cases - Data quality","Completeness Age","%","2014","EUEEA30_21","EU/EEA (without UK)",68.950749000,""
"Chikungunya virus disease","All cases - Data quality","Completeness Age","%","2014","EUEEAUK_21","EU/EEA (with UK until 2019)",74.383078000,""
"Chikungunya virus disease","All cases - Data quality","Completeness Age","%","2014","FI","Finland",100.000000000,""
"Chikungunya virus disease","All cases - Data quality","Completeness Age","%","2014","FR","France",45.431472080,""
"Chikungunya virus disease","All cases - Data quality","Completeness Age","%","2014","HR","Croatia",-,""
"Chikungunya virus disease","All cases - Data quality","Completeness Age","%","2014","HU","Hungary",100.000000000,""
"Chikungunya virus disease","All cases - Data quality","Completeness Age","%","2014","IE","Ireland",100.000000000,""
"Chikungunya virus disease","All cases - Data quality","Completeness Age","%","2014","IT","Italy",94.871794870,""
"Chikungunya virus disease","All cases - Data quality","Completeness Age","%","2014","LT","Lithuania",-,""
"Chikungunya virus disease","All cases - Data quality","Completeness Age","%","2014","LU","Luxembourg",-,""
"Chikungunya virus disease","All cases - Data quality","Completeness Age","%","2014","LV","Latvia",-,""
"Chikungunya virus disease","All cases - Data quality","Completeness Age","%","2014","MT","Malta",-,""
"Chikungunya virus disease","All cases - Data quality","Completeness Age","%","2014","NL","Netherlands",100.000000000,""
"Chikungunya virus disease","All cases - Data quality","Completeness Age","%","2014","PL","Poland",-,""
"Chikungunya virus disease","All cases - Data quality","Completeness Age","%","2014","RO","Romania",-,""
"Chikungunya virus disease","All cases - Data quality","Completeness Age","%","2014","SE","Sweden",100.000000000,""
"Chikungunya virus disease","All cases - Data quality","Completeness Age","%","2014","SI","Slovenia",-,""
"Chikungunya virus disease","All cases - Data quality","Completeness Age","%","2014","SK","Slovakia",-,""
"Chikungunya virus disease","All cases - Data quality","Completeness Age","%","2014","UK","United Kingdom",99.667774080,""
"Chikungunya virus disease","All cases - Data quality","Completeness Age","%","2015","BE","Belgium",100.000000000,""
"Chikungunya virus disease","All cases - Data quality","Completeness Age","%","2015","CZ","Czechia",100.000000000,""
"Chikungunya virus disease","All cases - Data quality","Completeness Age","%","2015","DE","Germany",100.000000000,""
"Chikungunya virus disease","All cases - Data quality","Completeness Age","%","2015","DK","Denmark",100.000000000,""
"Chikungunya virus disease","All cases - Data quality","Completeness Age","%","2015","EE","Estonia",-,""
"Chikungunya virus disease","All cases - Data quality","Completeness Age","%","2015","EL","Greece",-,""
"Chikungunya virus disease","All cases - Data quality","Completeness Age","%","2015","ES","Spain",91.025641020,""
"Chikungunya virus disease","All cases - Data quality","Completeness Age","%","2015","EU27_21","EU (without UK)",96.074766000,""
"Chikungunya virus disease","All cases - Data quality","Completeness Age","%","2015","EU27_UK_21","EU (with UK until 2019)",96.567862000,""
"Chikungunya virus disease","All cases - Data quality","Completeness Age","%","2015","EUEEA30_21","EU/EEA (without UK)",96.074766000,""
"Chikungunya virus disease","All cases - Data quality","Completeness Age","%","2015","EUEEAUK_21","EU/EEA (with UK until 2019)",96.567862000,""
"Chikungunya virus disease","All cases - Data quality","Completeness Age","%","2015","FI","Finland",100.000000000,""
"Chikungunya virus disease","All cases - Data quality","Completeness Age","%","2015","FR","France",100.000000000,""
"Chikungunya virus disease","All cases - Data quality","Completeness Age","%","2015","HR","Croatia",-,""
"Chikungunya virus disease","All cases - Data quality","Completeness Age","%","2015","HU","Hungary",100.000000000,""
"Chikungunya virus disease","All cases - Data quality","Completeness Age","%","2015","IE","Ireland",100.000000000,""
"Chikungunya virus disease","All cases - Data quality","Completeness Age","%","2015","IT","Italy",100.000000000,""
"Chikungunya virus disease","All cases - Data quality","Completeness Age","%","2015","LT","Lithuania",-,""
"Chikungunya virus disease","All cases - Data quality","Completeness Age","%","2015","LU","Luxembourg",-,""
"Chikungunya virus disease","All cases - Data quality","Completeness Age","%","2015","LV","Latvia",100.000000000,""
"Chikungunya virus disease","All cases - Data quality","Completeness Age","%","2015","MT","Malta",-,""
"Chikungunya virus disease","All cases - Data quality","Completeness Age","%","2015","NL","Netherlands",100.000000000,""
"Chikungunya virus disease","All cases - Data quality","Completeness Age","%","2015","PL","Poland",-,""
"Chikungunya virus disease","All cases - Data quality","Completeness Age","%","2015","PT","Portugal",-,""
"Chikungunya virus disease","All cases - Data quality","Completeness Age","%","2015","RO","Romania",-,""
"Chikungunya virus disease","All cases - Data quality","Completeness Age","%","2015","SE","Sweden",100.000000000,""
"Chikungunya virus disease","All cases - Data quality","Completeness Age","%","2015","SI","Slovenia",-,""
"Chikungunya virus disease","All cases - Data quality","Completeness Age","%","2015","SK","Slovakia",-,""
"Chikungunya virus disease","All cases - Data quality","Completeness Age","%","2015","UK","United Kingdom",99.056603770,""
"Chikungunya virus disease","All cases - Data quality","Completeness Age","%","2016","AT","Austria",100.000000000,""
"Chikungunya virus disease","All cases - Data quality","Completeness Age","%","2016","BE","Belgium",100.000000000,""
"Chikungunya virus disease","All cases - Data quality","Completeness Age","%","2016","CZ","Czechia",100.000000000,""
"Chikungunya virus disease","All cases - Data quality","Completeness Age","%","2016","DE","Germany",100.000000000,""
"Chikungunya virus disease","All cases - Data quality","Completeness Age","%","2016","DK","Denmark",100.000000000,""
"Chikungunya virus disease","All cases - Data quality","Completeness Age","%","2016","EE","Estonia",-,""
"Chikungunya virus disease","All cases - Data quality","Completeness Age","%","2016","EL","Greece",100.000000000,""
"Chikungunya virus disease","All cases - Data quality","Completeness Age","%","2016","ES","Spain",96.190476190,""
"Chikungunya virus disease","All cases - Data quality","Completeness Age","%","2016","EU27_21","EU (without UK)",98.442367000,""
"Chikungunya virus disease","All cases - Data quality","Completeness Age","%","2016","EU27_UK_21","EU (with UK until 2019)",98.775510000,""
"Chikungunya virus disease","All cases - Data quality","Completeness Age","%","2016","EUEEA30_21","EU/EEA (without UK)",98.442367000,""
"Chikungunya virus disease","All cases - Data quality","Completeness Age","%","2016","EUEEAUK_21","EU/EEA (with UK until 2019)",98.775510000,""
"Chikungunya virus disease","All cases - Data quality","Completeness Age","%","2016","FI","Finland",-,""
"Chikungunya virus disease","All cases - Data quality","Completeness Age","%","2016","FR","France",100.000000000,""
"Chikungunya virus disease","All cases - Data quality","Completeness Age","%","2016","HR","Croatia",-,""
"Chikungunya virus disease","All cases - Data quality","Completeness Age","%","2016","HU","Hungary",100.000000000,""
"Chikungunya virus disease","All cases - Data quality","Completeness Age","%","2016","IE","Ireland",-,""
"Chikungunya virus disease","All cases - Data quality","Completeness Age","%","2016","IT","Italy",94.117647050,""
"Chikungunya virus disease","All cases - Data quality","Completeness Age","%","2016","LT","Lithuania",-,""
"Chikungunya virus disease","All cases - Data quality","Completeness Age","%","2016","LU","Luxembourg",-,""
"Chikungunya virus disease","All cases - Data quality","Completeness Age","%","2016","LV","Latvia",-,""
"Chikungunya virus disease","All cases - Data quality","Completeness Age","%","2016","MT","Malta",100.000000000,""
"Chikungunya virus disease","All cases - Data quality","Completeness Age","%","2016","NL","Netherlands",100.000000000,""
"Chikungunya virus disease","All cases - Data quality","Completeness Age","%","2016","PL","Poland",-,""
"Chikungunya virus disease","All cases - Data quality","Completeness Age","%","2016","PT","Portugal",100.000000000,""
"Chikungunya virus disease","All cases - Data quality","Completeness Age","%","2016","RO","Romania",-,""
"Chikungunya virus disease","All cases - Data quality","Completeness Age","%","2016","SE","Sweden",100.000000000,""
"Chikungunya virus disease","All cases - Data quality","Completeness Age","%","2016","SI","Slovenia",100.000000000,""
"Chikungunya virus disease","All cases - Data quality","Completeness Age","%","2016","SK","Slovakia",-,""
"Chikungunya virus disease","All cases - Data quality","Completeness Age","%","2016","UK","United Kingdom",99.408284020,""
"Chikungunya virus disease","All cases - Data quality","Completeness Age","%","2017","AT","Austria",100.000000000,""
"Chikungunya virus disease","All cases - Data quality","Completeness Age","%","2017","BE","Belgium",100.000000000,""
"Chikungunya virus disease","All cases - Data quality","Completeness Age","%","2017","CZ","Czechia",-,""
"Chikungunya virus disease","All cases - Data quality","Completeness Age","%","2017","DE","Germany",100.000000000,""
"Chikungunya virus disease","All cases - Data quality","Completeness Age","%","2017","DK","Denmark",100.000000000,""
"Chikungunya virus disease","All cases - Data quality","Completeness Age","%","2017","EE","Estonia",-,""
"Chikungunya virus disease","All cases - Data quality","Completeness Age","%","2017","EL","Greece",-,""
"Chikungunya virus disease","All cases - Data quality","Completeness Age","%","2017","ES","Spain",100.000000000,""
"Chikungunya virus disease","All cases - Data quality","Completeness Age","%","2017","EU27_21","EU (without UK)",98.868778000,""
"Chikungunya virus disease","All cases - Data quality","Completeness Age","%","2017","EU27_UK_21","EU (with UK until 2019)",99.084249000,""
"Chikungunya virus disease","All cases - Data quality","Completeness Age","%","2017","EUEEA30_21","EU/EEA (without UK)",98.868778000,""
"Chikungunya virus disease","All cases - Data quality","Completeness Age","%","2017","EUEEAUK_21","EU/EEA (with UK until 2019)",99.084249000,""
"Chikungunya virus disease","All cases - Data quality","Completeness Age","%","2017","FI","Finland",100.000000000,""
"Chikungunya virus disease","All cases - Data quality","Completeness Age","%","2017","FR","France",100.000000000,""
"Chikungunya virus disease","All cases - Data quality","Completeness Age","%","2017","HR","Croatia",-,""
"Chikungunya virus disease","All cases - Data quality","Completeness Age","%","2017","HU","Hungary",100.000000000,""
"Chikungunya virus disease","All cases - Data quality","Completeness Age","%","2017","IE","Ireland",-,""
"Chikungunya virus disease","All cases - Data quality","Completeness Age","%","2017","IT","Italy",98.615916950,""
"Chikungunya virus disease","All cases - Data quality","Completeness Age","%","2017","LT","Lithuania",-,""
"Chikungunya virus disease","All cases - Data quality","Completeness Age","%","2017","LU","Luxembourg",-,""
"Chikungunya virus disease","All cases - Data quality","Completeness Age","%","2017","LV","Latvia",-,""
"Chikungunya virus disease","All cases - Data quality","Completeness Age","%","2017","MT","Malta",-,""
"Chikungunya virus disease","All cases - Data quality","Completeness Age","%","2017","NL","Netherlands",-,""
"Chikungunya virus disease","All cases - Data quality","Completeness Age","%","2017","PL","Poland",-,""
"Chikungunya virus disease","All cases - Data quality","Completeness Age","%","2017","PT","Portugal",-,""
"Chikungunya virus disease","All cases - Data quality","Completeness Age","%","2017","RO","Romania",-,""
"Chikungunya virus disease","All cases - Data quality","Completeness Age","%","2017","SE","Sweden",92.307692300,""
"Chikungunya virus disease","All cases - Data quality","Completeness Age","%","2017","SI","Slovenia",-,""
"Chikungunya virus disease","All cases - Data quality","Completeness Age","%","2017","SK","Slovakia",-,""
"Chikungunya virus disease","All cases - Data quality","Completeness Age","%","2017","UK","United Kingdom",100.000000000,""
"Chikungunya virus disease","All cases - Data quality","Completeness Age","%","2018","AT","Austria",100.000000000,""
"Chikungunya virus disease","All cases - Data quality","Completeness Age","%","2018","BE","Belgium",100.000000000,""
"Chikungunya virus disease","All cases - Data quality","Completeness Age","%","2018","CZ","Czechia",100.000000000,""
"Chikungunya virus disease","All cases - Data quality","Completeness Age","%","2018","DE","Germany",100.000000000,""
"Chikungunya virus disease","All cases - Data quality","Completeness Age","%","2018","DK","Denmark",100.000000000,""
"Chikungunya virus disease","All cases - Data quality","Completeness Age","%","2018","EE","Estonia",-,""
"Chikungunya virus disease","All cases - Data quality","Completeness Age","%","2018","EL","Greece",100.000000000,""
"Chikungunya virus disease","All cases - Data quality","Completeness Age","%","2018","ES","Spain",100.000000000,""
"Chikungunya virus disease","All cases - Data quality","Completeness Age","%","2018","EU27_21","EU (without UK)",100.000000000,""
"Chikungunya virus disease","All cases - Data quality","Completeness Age","%","2018","EU27_UK_21","EU (with UK until 2019)",100.000000000,""
"Chikungunya virus disease","All cases - Data quality","Completeness Age","%","2018","EUEEA30_21","EU/EEA (without UK)",100.000000000,""
"Chikungunya virus disease","All cases - Data quality","Completeness Age","%","2018","EUEEAUK_21","EU/EEA (with UK until 2019)",100.000000000,""
"Chikungunya virus disease","All cases - Data quality","Completeness Age","%","2018","FI","Finland",100.000000000,""
"Chikungunya virus disease","All cases - Data quality","Completeness Age","%","2018","FR","France",100.000000000,""
"Chikungunya virus disease","All cases - Data quality","Completeness Age","%","2018","HR","Croatia",-,""
"Chikungunya virus disease","All cases - Data quality","Completeness Age","%","2018","HU","Hungary",100.000000000,""
"Chikungunya virus disease","All cases - Data quality","Completeness Age","%","2018","IE","Ireland",-,""
"Chikungunya virus disease","All cases - Data quality","Completeness Age","%","2018","IT","Italy",100.000000000,""
"Chikungunya virus disease","All cases - Data quality","Completeness Age","%","2018","LT","Lithuania",-,""
"Chikungunya virus disease","All cases - Data quality","Completeness Age","%","2018","LU","Luxembourg",-,""
"Chikungunya virus disease","All cases - Data quality","Completeness Age","%","2018","LV","Latvia",-,""
"Chikungunya virus disease","All cases - Data quality","Completeness Age","%","2018","MT","Malta",-,""
"Chikungunya virus disease","All cases - Data quality","Completeness Age","%","2018","NL","Netherlands",-,""
"Chikungunya virus disease","All cases - Data quality","Completeness Age","%","2018","PL","Poland",-,""
"Chikungunya virus disease","All cases - Data quality","Completeness Age","%","2018","PT","Portugal",100.000000000,""
"Chikungunya virus disease","All cases - Data quality","Completeness Age","%","2018","RO","Romania",100.000000000,""
"Chikungunya virus disease","All cases - Data quality","Completeness Age","%","2018","SE","Sweden",100.000000000,""
"Chikungunya virus disease","All cases - Data quality","Completeness Age","%","2018","SI","Slovenia",-,""
"Chikungunya virus disease","All cases - Data quality","Completeness Age","%","2018","SK","Slovakia",-,""
"Chikungunya virus disease","All cases - Data quality","Completeness Age","%","2018","UK","United Kingdom",100.000000000,""
"Chikungunya virus disease","All cases - Data quality","Completeness Age","%","2019","AT","Austria",100.000000000,""
"Chikungunya virus disease","All cases - Data quality","Completeness Age","%","2019","BE","Belgium",100.000000000,""
"Chikungunya virus disease","All cases - Data quality","Completeness Age","%","2019","CZ","Czechia",100.000000000,""
"Chikungunya virus disease","All cases - Data quality","Completeness Age","%","2019","DE","Germany",100.000000000,""
"Chikungunya virus disease","All cases - Data quality","Completeness Age","%","2019","DK","Denmark",100.000000000,""
"Chikungunya virus disease","All cases - Data quality","Completeness Age","%","2019","EE","Estonia",-,""
"Chikungunya virus disease","All cases - Data quality","Completeness Age","%","2019","EL","Greece",100.000000000,""
"Chikungunya virus disease","All cases - Data quality","Completeness Age","%","2019","ES","Spain",91.304347820,""
"Chikungunya virus disease","All cases - Data quality","Completeness Age","%","2019","EU27_21","EU (without UK)",99.103139000,""
"Chikungunya virus disease","All cases - Data quality","Completeness Age","%","2019","EU27_UK_21","EU (with UK until 2019)",99.259259000,""
"Chikungunya virus disease","All cases - Data quality","Completeness Age","%","2019","EUEEA30_21","EU/EEA (without UK)",99.103139000,""
"Chikungunya virus disease","All cases - Data quality","Completeness Age","%","2019","EUEEAUK_21","EU/EEA (with UK until 2019)",99.259259000,""
"Chikungunya virus disease","All cases - Data quality","Completeness Age","%","2019","FI","Finland",100.000000000,""
"Chikungunya virus disease","All cases - Data quality","Completeness Age","%","2019","FR","France",100.000000000,""
"Chikungunya virus disease","All cases - Data quality","Completeness Age","%","2019","HR","Croatia",-,""
"Chikungunya virus disease","All cases - Data quality","Completeness Age","%","2019","HU","Hungary",100.000000000,""
"Chikungunya virus disease","All cases - Data quality","Completeness Age","%","2019","IE","Ireland",100.000000000,""
"Chikungunya virus disease","All cases - Data quality","Completeness Age","%","2019","IT","Italy",100.000000000,""
"Chikungunya virus disease","All cases - Data quality","Completeness Age","%","2019","LT","Lithuania",-,""
"Chikungunya virus disease","All cases - Data quality","Completeness Age","%","2019","LU","Luxembourg",100.000000000,""
"Chikungunya virus disease","All cases - Data quality","Completeness Age","%","2019","LV","Latvia",-,""
"Chikungunya virus disease","All cases - Data quality","Completeness Age","%","2019","MT","Malta",-,""
"Chikungunya virus disease","All cases - Data quality","Completeness Age","%","2019","NL","Netherlands",-,""
"Chikungunya virus disease","All cases - Data quality","Completeness Age","%","2019","PL","Poland",100.000000000,""
"Chikungunya virus disease","All cases - Data quality","Completeness Age","%","2019","PT","Portugal",-,""
"Chikungunya virus disease","All cases - Data quality","Completeness Age","%","2019","RO","Romania",-,""
"Chikungunya virus disease","All cases - Data quality","Completeness Age","%","2019","SE","Sweden",100.000000000,""
"Chikungunya virus disease","All cases - Data quality","Completeness Age","%","2019","SI","Slovenia",-,""
"Chikungunya virus disease","All cases - Data quality","Completeness Age","%","2019","SK","Slovakia",-,""
"Chikungunya virus disease","All cases - Data quality","Completeness Age","%","2019","UK","United Kingdom",100.000000000,""
"Chikungunya virus disease","All cases - Data quality","Completeness Age","%","2020","AT","Austria",-,""
"Chikungunya virus disease","All cases - Data quality","Completeness Age","%","2020","BE","Belgium",100.000000000,""
"Chikungunya virus disease","All cases - Data quality","Completeness Age","%","2020","CZ","Czechia",-,""
"Chikungunya virus disease","All cases - Data quality","Completeness Age","%","2020","DE","Germany",100.000000000,""
"Chikungunya virus disease","All cases - Data quality","Completeness Age","%","2020","DK","Denmark",100.000000000,""
"Chikungunya virus disease","All cases - Data quality","Completeness Age","%","2020","EE","Estonia",-,""
"Chikungunya virus disease","All cases - Data quality","Completeness Age","%","2020","EL","Greece",-,""
"Chikungunya virus disease","All cases - Data quality","Completeness Age","%","2020","ES","Spain",100.000000000,""
"Chikungunya virus disease","All cases - Data quality","Completeness Age","%","2020","EU27_21","EU (without UK)",100.000000000,""
"Chikungunya virus disease","All cases - Data quality","Completeness Age","%","2020","EU27_UK_21","EU (with UK until 2019)",100.000000000,""
"Chikungunya virus disease","All cases - Data quality","Completeness Age","%","2020","EUEEA30_21","EU/EEA (without UK)",100.000000000,""
"Chikungunya virus disease","All cases - Data quality","Completeness Age","%","2020","EUEEAUK_21","EU/EEA (with UK until 2019)",100.000000000,""
"Chikungunya virus disease","All cases - Data quality","Completeness Age","%","2020","FI","Finland",100.000000000,""
"Chikungunya virus disease","All cases - Data quality","Completeness Age","%","2020","FR","France",100.000000000,""
"Chikungunya virus disease","All cases - Data quality","Completeness Age","%","2020","HR","Croatia",-,""
"Chikungunya virus disease","All cases - Data quality","Completeness Age","%","2020","HU","Hungary",-,""
"Chikungunya virus disease","All cases - Data quality","Completeness Age","%","2020","IE","Ireland",-,""
"Chikungunya virus disease","All cases - Data quality","Completeness Age","%","2020","IT","Italy",100.000000000,""
"Chikungunya virus disease","All cases - Data quality","Completeness Age","%","2020","LT","Lithuania",-,""
"Chikungunya virus disease","All cases - Data quality","Completeness Age","%","2020","LU","Luxembourg",-,""
"Chikungunya virus disease","All cases - Data quality","Completeness Age","%","2020","LV","Latvia",-,""
"Chikungunya virus disease","All cases - Data quality","Completeness Age","%","2020","MT","Malta",-,""
"Chikungunya virus disease","All cases - Data quality","Completeness Age","%","2020","NL","Netherlands",-,""
"Chikungunya virus disease","All cases - Data quality","Completeness Age","%","2020","PL","Poland",-,""
"Chikungunya virus disease","All cases - Data quality","Completeness Age","%","2020","PT","Portugal",-,""
"Chikungunya virus disease","All cases - Data quality","Completeness Age","%","2020","RO","Romania",-,""
"Chikungunya virus disease","All cases - Data quality","Completeness Age","%","2020","SE","Sweden",100.000000000,""
"Chikungunya virus disease","All cases - Data quality","Completeness Age","%","2020","SI","Slovenia",-,""
"Chikungunya virus disease","All cases - Data quality","Completeness Age","%","2020","SK","Slovakia",-,""
"Chikungunya virus disease","All cases - Data quality","Completeness Age","%","2021","AT","Austria",-,""
"Chikungunya virus disease","All cases - Data quality","Completeness Age","%","2021","BE","Belgium",100.000000000,""
"Chikungunya virus disease","All cases - Data quality","Completeness Age","%","2021","CZ","Czechia",-,""
"Chikungunya virus disease","All cases - Data quality","Completeness Age","%","2021","DE","Germany",100.000000000,""
"Chikungunya virus disease","All cases - Data quality","Completeness Age","%","2021","DK","Denmark",-,""
"Chikungunya virus disease","All cases - Data quality","Completeness Age","%","2021","EE","Estonia",-,""
"Chikungunya virus disease","All cases - Data quality","Completeness Age","%","2021","EL","Greece",-,""
"Chikungunya virus disease","All cases - Data quality","Completeness Age","%","2021","ES","Spain",100.000000000,""
"Chikungunya virus disease","All cases - Data quality","Completeness Age","%","2021","EU27_21","EU (without UK)",100.000000000,""
"Chikungunya virus disease","All cases - Data quality","Completeness Age","%","2021","EU27_UK_21","EU (with UK until 2019)",100.000000000,""
"Chikungunya virus disease","All cases - Data quality","Completeness Age","%","2021","EUEEA30_21","EU/EEA (without UK)",100.000000000,""
"Chikungunya virus disease","All cases - Data quality","Completeness Age","%","2021","EUEEAUK_21","EU/EEA (with UK until 2019)",100.000000000,""
"Chikungunya virus disease","All cases - Data quality","Completeness Age","%","2021","FI","Finland",-,""
"Chikungunya virus disease","All cases - Data quality","Completeness Age","%","2021","FR","France",100.000000000,""
"Chikungunya virus disease","All cases - Data quality","Completeness Age","%","2021","HR","Croatia",-,""
"Chikungunya virus disease","All cases - Data quality","Completeness Age","%","2021","HU","Hungary",-,""
"Chikungunya virus disease","All cases - Data quality","Completeness Age","%","2021","IE","Ireland",-,""
"Chikungunya virus disease","All cases - Data quality","Completeness Age","%","2021","IT","Italy",-,""
"Chikungunya virus disease","All cases - Data quality","Completeness Age","%","2021","LI","Liechtenstein",-,""
"Chikungunya virus disease","All cases - Data quality","Completeness Age","%","2021","LT","Lithuania",-,""
"Chikungunya virus disease","All cases - Data quality","Completeness Age","%","2021","LU","Luxembourg",-,""
"Chikungunya virus disease","All cases - Data quality","Completeness Age","%","2021","LV","Latvia",-,""
"Chikungunya virus disease","All cases - Data quality","Completeness Age","%","2021","MT","Malta",-,""
"Chikungunya virus disease","All cases - Data quality","Completeness Age","%","2021","NL","Netherlands",-,""
"Chikungunya virus disease","All cases - Data quality","Completeness Age","%","2021","PL","Poland",-,""
"Chikungunya virus disease","All cases - Data quality","Completeness Age","%","2021","PT","Portugal",-,""
"Chikungunya virus disease","All cases - Data quality","Completeness Age","%","2021","RO","Romania",-,""
"Chikungunya virus disease","All cases - Data quality","Completeness Age","%","2021","SE","Sweden",100.000000000,""
"Chikungunya virus disease","All cases - Data quality","Completeness Age","%","2021","SI","Slovenia",-,""
"Chikungunya virus disease","All cases - Data quality","Completeness Age","%","2021","SK","Slovakia",-,""
"Chikungunya virus disease","All cases - Data quality","Completeness Age","%","2022","AT","Austria",100.000000000,""
"Chikungunya virus disease","All cases - Data quality","Completeness Age","%","2022","BE","Belgium",100.000000000,""
"Chikungunya virus disease","All cases - Data quality","Completeness Age","%","2022","CZ","Czechia",100.000000000,""
"Chikungunya virus disease","All cases - Data quality","Completeness Age","%","2022","DE","Germany",100.000000000,""
"Chikungunya virus disease","All cases - Data quality","Completeness Age","%","2022","DK","Denmark",-,""
"Chikungunya virus disease","All cases - Data quality","Completeness Age","%","2022","EE","Estonia",-,""
"Chikungunya virus disease","All cases - Data quality","Completeness Age","%","2022","EL","Greece",-,""
"Chikungunya virus disease","All cases - Data quality","Completeness Age","%","2022","ES","Spain",100.000000000,""
"Chikungunya virus disease","All cases - Data quality","Completeness Age","%","2022","EU27_21","EU (without UK)",100.000000000,""
"Chikungunya virus disease","All cases - Data quality","Completeness Age","%","2022","EU27_UK_21","EU (with UK until 2019)",100.000000000,""
"Chikungunya virus disease","All cases - Data quality","Completeness Age","%","2022","EUEEA30_21","EU/EEA (without UK)",100.000000000,""
"Chikungunya virus disease","All cases - Data quality","Completeness Age","%","2022","EUEEAUK_21","EU/EEA (with UK until 2019)",100.000000000,""
"Chikungunya virus disease","All cases - Data quality","Completeness Age","%","2022","FI","Finland",-,""
"Chikungunya virus disease","All cases - Data quality","Completeness Age","%","2022","FR","France",100.000000000,""
"Chikungunya virus disease","All cases - Data quality","Completeness Age","%","2022","HR","Croatia",-,""
"Chikungunya virus disease","All cases - Data quality","Completeness Age","%","2022","HU","Hungary",100.000000000,""
"Chikungunya virus disease","All cases - Data quality","Completeness Age","%","2022","IE","Ireland",-,""
"Chikungunya virus disease","All cases - Data quality","Completeness Age","%","2022","IS","Iceland",-,""
"Chikungunya virus disease","All cases - Data quality","Completeness Age","%","2022","IT","Italy",-,""
"Chikungunya virus disease","All cases - Data quality","Completeness Age","%","2022","LI","Liechtenstein",-,""
"Chikungunya virus disease","All cases - Data quality","Completeness Age","%","2022","LT","Lithuania",-,""
"Chikungunya virus disease","All cases - Data quality","Completeness Age","%","2022","LU","Luxembourg",-,""
"Chikungunya virus disease","All cases - Data quality","Completeness Age","%","2022","LV","Latvia",-,""
"Chikungunya virus disease","All cases - Data quality","Completeness Age","%","2022","MT","Malta",100.000000000,""
"Chikungunya virus disease","All cases - Data quality","Completeness Age","%","2022","NL","Netherlands",100.000000000,""
"Chikungunya virus disease","All cases - Data quality","Completeness Age","%","2022","PL","Poland",100.000000000,""
"Chikungunya virus disease","All cases - Data quality","Completeness Age","%","2022","PT","Portugal",-,""
"Chikungunya virus disease","All cases - Data quality","Completeness Age","%","2022","RO","Romania",-,""
"Chikungunya virus disease","All cases - Data quality","Completeness Age","%","2022","SE","Sweden",100.000000000,""
"Chikungunya virus disease","All cases - Data quality","Completeness Age","%","2022","SI","Slovenia",-,""
"Chikungunya virus disease","All cases - Data quality","Completeness Age","%","2022","SK","Slovakia",-,""
"Chikungunya virus disease","All cases - Data quality","Completeness Age","%","2023","AT","Austria",100.000000000,""
"Chikungunya virus disease","All cases - Data quality","Completeness Age","%","2023","BE","Belgium",100.000000000,""
"Chikungunya virus disease","All cases - Data quality","Completeness Age","%","2023","CZ","Czechia",100.000000000,""
"Chikungunya virus disease","All cases - Data quality","Completeness Age","%","2023","DE","Germany",100.000000000,""
"Chikungunya virus disease","All cases - Data quality","Completeness Age","%","2023","DK","Denmark",100.000000000,""
"Chikungunya virus disease","All cases - Data quality","Completeness Age","%","2023","EE","Estonia",-,""
"Chikungunya virus disease","All cases - Data quality","Completeness Age","%","2023","EL","Greece",-,""
"Chikungunya virus disease","All cases - Data quality","Completeness Age","%","2023","ES","Spain",100.000000000,""
"Chikungunya virus disease","All cases - Data quality","Completeness Age","%","2023","EU27_21","EU (without UK)",100.000000000,""
"Chikungunya virus disease","All cases - Data quality","Completeness Age","%","2023","EU27_UK_21","EU (with UK until 2019)",100.000000000,""
"Chikungunya virus disease","All cases - Data quality","Completeness Age","%","2023","EUEEA30_21","EU/EEA (without UK)",100.000000000,""
"Chikungunya virus disease","All cases - Data quality","Completeness Age","%","2023","EUEEAUK_21","EU/EEA (with UK until 2019)",100.000000000,""
"Chikungunya virus disease","All cases - Data quality","Completeness Age","%","2023","FI","Finland",100.000000000,""
"Chikungunya virus disease","All cases - Data quality","Completeness Age","%","2023","FR","France",100.000000000,""
"Chikungunya virus disease","All cases - Data quality","Completeness Age","%","2023","HR","Croatia",-,""
"Chikungunya virus disease","All cases - Data quality","Completeness Age","%","2023","HU","Hungary",100.000000000,""
"Chikungunya virus disease","All cases - Data quality","Completeness Age","%","2023","IE","Ireland",-,""
"Chikungunya virus disease","All cases - Data quality","Completeness Age","%","2023","IS","Iceland",-,""
"Chikungunya virus disease","All cases - Data quality","Completeness Age","%","2023","IT","Italy",100.000000000,""
"Chikungunya virus disease","All cases - Data quality","Completeness Age","%","2023","LI","Liechtenstein",-,""
"Chikungunya virus disease","All cases - Data quality","Completeness Age","%","2023","LT","Lithuania",-,""
"Chikungunya virus disease","All cases - Data quality","Completeness Age","%","2023","LU","Luxembourg",-,""
"Chikungunya virus disease","All cases - Data quality","Completeness Age","%","2023","LV","Latvia",100.000000000,""
"Chikungunya virus disease","All cases - Data quality","Completeness Age","%","2023","MT","Malta",-,""
"Chikungunya virus disease","All cases - Data quality","Completeness Age","%","2023","NL","Netherlands",-,""
"Chikungunya virus disease","All cases - Data quality","Completeness Age","%","2023","PL","Poland",100.000000000,""
"Chikungunya virus disease","All cases - Data quality","Completeness Age","%","2023","PT","Portugal",100.000000000,""
"Chikungunya virus disease","All cases - Data quality","Completeness Age","%","2023","RO","Romania",100.000000000,""
"Chikungunya virus disease","All cases - Data quality","Completeness Age","%","2023","SE","Sweden",100.000000000,""
"Chikungunya virus disease","All cases - Data quality","Completeness Age","%","2023","SI","Slovenia",-,""
"Chikungunya virus disease","All cases - Data quality","Completeness Age","%","2023","SK","Slovakia",-,""
"Chikungunya virus disease","All cases - Data quality","Completeness Age","%","2024","AT","Austria",100.000000000,""
"Chikungunya virus disease","All cases - Data quality","Completeness Age","%","2024","BE","Belgium",100.000000000,""
"Chikungunya virus disease","All cases - Data quality","Completeness Age","%","2024","CY","Cyprus",-,""
"Chikungunya virus disease","All cases - Data quality","Completeness Age","%","2024","CZ","Czechia",100.000000000,""
"Chikungunya virus disease","All cases - Data quality","Completeness Age","%","2024","DE","Germany",100.000000000,""
"Chikungunya virus disease","All cases - Data quality","Completeness Age","%","2024","DK","Denmark",100.000000000,""
"Chikungunya virus disease","All cases - Data quality","Completeness Age","%","2024","EE","Estonia",-,""
"Chikungunya virus disease","All cases - Data quality","Completeness Age","%","2024","EL","Greece",-,""
"Chikungunya virus disease","All cases - Data quality","Completeness Age","%","2024","ES","Spain",100.000000000,""
"Chikungunya virus disease","All cases - Data quality","Completeness Age","%","2024","EU27_21","EU (without UK)",99.537037000,""
"Chikungunya virus disease","All cases - Data quality","Completeness Age","%","2024","EU27_UK_21","EU (with UK until 2019)",99.537037000,""
"Chikungunya virus disease","All cases - Data quality","Completeness Age","%","2024","EUEEA30_21","EU/EEA (without UK)",99.539170000,""
"Chikungunya virus disease","All cases - Data quality","Completeness Age","%","2024","EUEEAUK_21","EU/EEA (with UK until 2019)",99.539170000,""
"Chikungunya virus disease","All cases - Data quality","Completeness Age","%","2024","FI","Finland",100.000000000,""
"Chikungunya virus disease","All cases - Data quality","Completeness Age","%","2024","FR","France",97.142857140,""
"Chikungunya virus disease","All cases - Data quality","Completeness Age","%","2024","HR","Croatia",-,""
"Chikungunya virus disease","All cases - Data quality","Completeness Age","%","2024","HU","Hungary",100.000000000,""
"Chikungunya virus disease","All cases - Data quality","Completeness Age","%","2024","IE","Ireland",-,""
"Chikungunya virus disease","All cases - Data quality","Completeness Age","%","2024","IS","Iceland",-,""
"Chikungunya virus disease","All cases - Data quality","Completeness Age","%","2024","IT","Italy",100.000000000,""
"Chikungunya virus disease","All cases - Data quality","Completeness Age","%","2024","LI","Liechtenstein",100.000000000,""
"Chikungunya virus disease","All cases - Data quality","Completeness Age","%","2024","LT","Lithuania",-,""
"Chikungunya virus disease","All cases - Data quality","Completeness Age","%","2024","LU","Luxembourg",100.000000000,""
"Chikungunya virus disease","All cases - Data quality","Completeness Age","%","2024","LV","Latvia",-,""
"Chikungunya virus disease","All cases - Data quality","Completeness Age","%","2024","MT","Malta",100.000000000,""
"Chikungunya virus disease","All cases - Data quality","Completeness Age","%","2024","NL","Netherlands",-,""
"Chikungunya virus disease","All cases - Data quality","Completeness Age","%","2024","PL","Poland",100.000000000,""
"Chikungunya virus disease","All cases - Data quality","Completeness Age","%","2024","PT","Portugal",100.000000000,""
"Chikungunya virus disease","All cases - Data quality","Completeness Age","%","2024","RO","Romania",100.000000000,""
"Chikungunya virus disease","All cases - Data quality","Completeness Age","%","2024","SE","Sweden",100.000000000,""
"Chikungunya virus disease","All cases - Data quality","Completeness Age","%","2024","SI","Slovenia",-,""
"Chikungunya virus disease","All cases - Data quality","Completeness Age","%","2024","SK","Slovakia",-,""
"Chikungunya virus disease","All cases - Data quality","Completeness for travel association","%","2008","AT","Austria",-,""
"Chikungunya virus disease","All cases - Data quality","Completeness for travel association","%","2008","BE","Belgium",-,""
"Chikungunya virus disease","All cases - Data quality","Completeness for travel association","%","2008","CZ","Czechia",-,""
"Chikungunya virus disease","All cases - Data quality","Completeness for travel association","%","2008","DE","Germany",100.000000000,""
"Chikungunya virus disease","All cases - Data quality","Completeness for travel association","%","2008","EE","Estonia",-,""
"Chikungunya virus disease","All cases - Data quality","Completeness for travel association","%","2008","EL","Greece",-,""
"Chikungunya virus disease","All cases - Data quality","Completeness for travel association","%","2008","ES","Spain",100.000000000,""
"Chikungunya virus disease","All cases - Data quality","Completeness for travel association","%","2008","EU27_21","EU (without UK)",93.750000000,""
"Chikungunya virus disease","All cases - Data quality","Completeness for travel association","%","2008","EU27_UK_21","EU (with UK until 2019)",95.121951000,""
"Chikungunya virus disease","All cases - Data quality","Completeness for travel association","%","2008","EUEEA30_21","EU/EEA (without UK)",93.750000000,""
"Chikungunya virus disease","All cases - Data quality","Completeness for travel association","%","2008","EUEEAUK_21","EU/EEA (with UK until 2019)",95.121951000,""
"Chikungunya virus disease","All cases - Data quality","Completeness for travel association","%","2008","FI","Finland",-,""
"Chikungunya virus disease","All cases - Data quality","Completeness for travel association","%","2008","FR","France",0.000000000,""
"Chikungunya virus disease","All cases - Data quality","Completeness for travel association","%","2008","HU","Hungary",-,""
"Chikungunya virus disease","All cases - Data quality","Completeness for travel association","%","2008","IE","Ireland",-,""
"Chikungunya virus disease","All cases - Data quality","Completeness for travel association","%","2008","IT","Italy",88.888888880,""
"Chikungunya virus disease","All cases - Data quality","Completeness for travel association","%","2008","LT","Lithuania",-,""
"Chikungunya virus disease","All cases - Data quality","Completeness for travel association","%","2008","LU","Luxembourg",-,""
"Chikungunya virus disease","All cases - Data quality","Completeness for travel association","%","2008","LV","Latvia",-,""
"Chikungunya virus disease","All cases - Data quality","Completeness for travel association","%","2008","MT","Malta",-,""
"Chikungunya virus disease","All cases - Data quality","Completeness for travel association","%","2008","PL","Poland",-,""
"Chikungunya virus disease","All cases - Data quality","Completeness for travel association","%","2008","RO","Romania",-,""
"Chikungunya virus disease","All cases - Data quality","Completeness for travel association","%","2008","SI","Slovenia",-,""
"Chikungunya virus disease","All cases - Data quality","Completeness for travel association","%","2008","SK","Slovakia",-,""
"Chikungunya virus disease","All cases - Data quality","Completeness for travel association","%","2008","UK","United Kingdom",100.000000000,""
"Chikungunya virus disease","All cases - Data quality","Completeness for travel association","%","2009","AT","Austria",100.000000000,""
"Chikungunya virus disease","All cases - Data quality","Completeness for travel association","%","2009","BE","Belgium",0.000000000,""
"Chikungunya virus disease","All cases - Data quality","Completeness for travel association","%","2009","CZ","Czechia",-,""
"Chikungunya virus disease","All cases - Data quality","Completeness for travel association","%","2009","DE","Germany",100.000000000,""
"Chikungunya virus disease","All cases - Data quality","Completeness for travel association","%","2009","EE","Estonia",-,""
"Chikungunya virus disease","All cases - Data quality","Completeness for travel association","%","2009","EL","Greece",-,""
"Chikungunya virus disease","All cases - Data quality","Completeness for travel association","%","2009","ES","Spain",100.000000000,""
"Chikungunya virus disease","All cases - Data quality","Completeness for travel association","%","2009","EU27_21","EU (without UK)",76.344086000,""
"Chikungunya virus disease","All cases - Data quality","Completeness for travel association","%","2009","EU27_UK_21","EU (with UK until 2019)",85.234899000,""
"Chikungunya virus disease","All cases - Data quality","Completeness for travel association","%","2009","EUEEA30_21","EU/EEA (without UK)",76.344086000,""
"Chikungunya virus disease","All cases - Data quality","Completeness for travel association","%","2009","EUEEAUK_21","EU/EEA (with UK until 2019)",85.234899000,""
"Chikungunya virus disease","All cases - Data quality","Completeness for travel association","%","2009","FI","Finland",0.000000000,""
"Chikungunya virus disease","All cases - Data quality","Completeness for travel association","%","2009","FR","France",0.000000000,""
"Chikungunya virus disease","All cases - Data quality","Completeness for travel association","%","2009","HU","Hungary",-,""
"Chikungunya virus disease","All cases - Data quality","Completeness for travel association","%","2009","IE","Ireland",-,""
"Chikungunya virus disease","All cases - Data quality","Completeness for travel association","%","2009","IT","Italy",100.000000000,""
"Chikungunya virus disease","All cases - Data quality","Completeness for travel association","%","2009","LT","Lithuania",-,""
"Chikungunya virus disease","All cases - Data quality","Completeness for travel association","%","2009","LU","Luxembourg",-,""
"Chikungunya virus disease","All cases - Data quality","Completeness for travel association","%","2009","LV","Latvia",-,""
"Chikungunya virus disease","All cases - Data quality","Completeness for travel association","%","2009","MT","Malta",-,""
"Chikungunya virus disease","All cases - Data quality","Completeness for travel association","%","2009","PL","Poland",-,""
"Chikungunya virus disease","All cases - Data quality","Completeness for travel association","%","2009","RO","Romania",-,""
"Chikungunya virus disease","All cases - Data quality","Completeness for travel association","%","2009","SE","Sweden",-,""
"Chikungunya virus disease","All cases - Data quality","Completeness for travel association","%","2009","SI","Slovenia",-,""
"Chikungunya virus disease","All cases - Data quality","Completeness for travel association","%","2009","SK","Slovakia",-,""
"Chikungunya virus disease","All cases - Data quality","Completeness for travel association","%","2009","UK","United Kingdom",100.000000000,""
"Chikungunya virus disease","All cases - Data quality","Completeness for travel association","%","2010","AT","Austria",100.000000000,""
"Chikungunya virus disease","All cases - Data quality","Completeness for travel association","%","2010","BE","Belgium",0.000000000,""
"Chikungunya virus disease","All cases - Data quality","Completeness for travel association","%","2010","CZ","Czechia",-,""
"Chikungunya virus disease","All cases - Data quality","Completeness for travel association","%","2010","DE","Germany",100.000000000,""
"Chikungunya virus disease","All cases - Data quality","Completeness for travel association","%","2010","DK","Denmark",-,""
"Chikungunya virus disease","All cases - Data quality","Completeness for travel association","%","2010","EE","Estonia",-,""
"Chikungunya virus disease","All cases - Data quality","Completeness for travel association","%","2010","EL","Greece",-,""
"Chikungunya virus disease","All cases - Data quality","Completeness for travel association","%","2010","ES","Spain",-,""
"Chikungunya virus disease","All cases - Data quality","Completeness for travel association","%","2010","EU27_21","EU (without UK)",91.000000000,""
"Chikungunya virus disease","All cases - Data quality","Completeness for travel association","%","2010","EU27_UK_21","EU (with UK until 2019)",94.972067000,""
"Chikungunya virus disease","All cases - Data quality","Completeness for travel association","%","2010","EUEEA30_21","EU/EEA (without UK)",91.000000000,""
"Chikungunya virus disease","All cases - Data quality","Completeness for travel association","%","2010","EUEEAUK_21","EU/EEA (with UK until 2019)",94.972067000,""
"Chikungunya virus disease","All cases - Data quality","Completeness for travel association","%","2010","FI","Finland",0.000000000,""
"Chikungunya virus disease","All cases - Data quality","Completeness for travel association","%","2010","FR","France",100.000000000,""
"Chikungunya virus disease","All cases - Data quality","Completeness for travel association","%","2010","HU","Hungary",-,""
"Chikungunya virus disease","All cases - Data quality","Completeness for travel association","%","2010","IE","Ireland",100.000000000,""
"Chikungunya virus disease","All cases - Data quality","Completeness for travel association","%","2010","IT","Italy",100.000000000,""
"Chikungunya virus disease","All cases - Data quality","Completeness for travel association","%","2010","LT","Lithuania",-,""
"Chikungunya virus disease","All cases - Data quality","Completeness for travel association","%","2010","LU","Luxembourg",-,""
"Chikungunya virus disease","All cases - Data quality","Completeness for travel association","%","2010","LV","Latvia",-,""
"Chikungunya virus disease","All cases - Data quality","Completeness for travel association","%","2010","MT","Malta",-,""
"Chikungunya virus disease","All cases - Data quality","Completeness for travel association","%","2010","PL","Poland",-,""
"Chikungunya virus disease","All cases - Data quality","Completeness for travel association","%","2010","RO","Romania",-,""
"Chikungunya virus disease","All cases - Data quality","Completeness for travel association","%","2010","SE","Sweden",-,""
"Chikungunya virus disease","All cases - Data quality","Completeness for travel association","%","2010","SI","Slovenia",-,""
"Chikungunya virus disease","All cases - Data quality","Completeness for travel association","%","2010","SK","Slovakia",-,""
"Chikungunya virus disease","All cases - Data quality","Completeness for travel association","%","2010","UK","United Kingdom",100.000000000,""
"Chikungunya virus disease","All cases - Data quality","Completeness for travel association","%","2011","AT","Austria",100.000000000,""
"Chikungunya virus disease","All cases - Data quality","Completeness for travel association","%","2011","BE","Belgium",0.000000000,""
"Chikungunya virus disease","All cases - Data quality","Completeness for travel association","%","2011","CZ","Czechia",-,""
"Chikungunya virus disease","All cases - Data quality","Completeness for travel association","%","2011","DE","Germany",100.000000000,""
"Chikungunya virus disease","All cases - Data quality","Completeness for travel association","%","2011","DK","Denmark",-,""
"Chikungunya virus disease","All cases - Data quality","Completeness for travel association","%","2011","EE","Estonia",-,""
"Chikungunya virus disease","All cases - Data quality","Completeness for travel association","%","2011","EL","Greece",-,""
"Chikungunya virus disease","All cases - Data quality","Completeness for travel association","%","2011","ES","Spain",100.000000000,""
"Chikungunya virus disease","All cases - Data quality","Completeness for travel association","%","2011","EU27_21","EU (without UK)",80.487804000,""
"Chikungunya virus disease","All cases - Data quality","Completeness for travel association","%","2011","EU27_UK_21","EU (with UK until 2019)",85.454545000,""
"Chikungunya virus disease","All cases - Data quality","Completeness for travel association","%","2011","EUEEA30_21","EU/EEA (without UK)",80.487804000,""
"Chikungunya virus disease","All cases - Data quality","Completeness for travel association","%","2011","EUEEAUK_21","EU/EEA (with UK until 2019)",85.454545000,""
"Chikungunya virus disease","All cases - Data quality","Completeness for travel association","%","2011","FI","Finland",-,""
"Chikungunya virus disease","All cases - Data quality","Completeness for travel association","%","2011","FR","France",100.000000000,""
"Chikungunya virus disease","All cases - Data quality","Completeness for travel association","%","2011","HU","Hungary",-,""
"Chikungunya virus disease","All cases - Data quality","Completeness for travel association","%","2011","IE","Ireland",-,""
"Chikungunya virus disease","All cases - Data quality","Completeness for travel association","%","2011","IT","Italy",100.000000000,""
"Chikungunya virus disease","All cases - Data quality","Completeness for travel association","%","2011","LT","Lithuania",-,""
"Chikungunya virus disease","All cases - Data quality","Completeness for travel association","%","2011","LU","Luxembourg",-,""
"Chikungunya virus disease","All cases - Data quality","Completeness for travel association","%","2011","LV","Latvia",-,""
"Chikungunya virus disease","All cases - Data quality","Completeness for travel association","%","2011","MT","Malta",-,""
"Chikungunya virus disease","All cases - Data quality","Completeness for travel association","%","2011","PL","Poland",-,""
"Chikungunya virus disease","All cases - Data quality","Completeness for travel association","%","2011","RO","Romania",-,""
"Chikungunya virus disease","All cases - Data quality","Completeness for travel association","%","2011","SE","Sweden",-,""
"Chikungunya virus disease","All cases - Data quality","Completeness for travel association","%","2011","SI","Slovenia",-,""
"Chikungunya virus disease","All cases - Data quality","Completeness for travel association","%","2011","SK","Slovakia",-,""
"Chikungunya virus disease","All cases - Data quality","Completeness for travel association","%","2011","UK","United Kingdom",100.000000000,""
"Chikungunya virus disease","All cases - Data quality","Completeness for travel association","%","2012","AT","Austria",-,""
"Chikungunya virus disease","All cases - Data quality","Completeness for travel association","%","2012","BE","Belgium",0.000000000,""
"Chikungunya virus disease","All cases - Data quality","Completeness for travel association","%","2012","CZ","Czechia",-,""
"Chikungunya virus disease","All cases - Data quality","Completeness for travel association","%","2012","DE","Germany",100.000000000,""
"Chikungunya virus disease","All cases - Data quality","Completeness for travel association","%","2012","DK","Denmark",-,""
"Chikungunya virus disease","All cases - Data quality","Completeness for travel association","%","2012","EE","Estonia",-,""
"Chikungunya virus disease","All cases - Data quality","Completeness for travel association","%","2012","EL","Greece",-,""
"Chikungunya virus disease","All cases - Data quality","Completeness for travel association","%","2012","ES","Spain",100.000000000,""
"Chikungunya virus disease","All cases - Data quality","Completeness for travel association","%","2012","EU27_21","EU (without UK)",80.000000000,""
"Chikungunya virus disease","All cases - Data quality","Completeness for travel association","%","2012","EU27_UK_21","EU (with UK until 2019)",83.928571000,""
"Chikungunya virus disease","All cases - Data quality","Completeness for travel association","%","2012","EUEEA30_21","EU/EEA (without UK)",80.000000000,""
"Chikungunya virus disease","All cases - Data quality","Completeness for travel association","%","2012","EUEEAUK_21","EU/EEA (with UK until 2019)",83.928571000,""
"Chikungunya virus disease","All cases - Data quality","Completeness for travel association","%","2012","FI","Finland",-,""
"Chikungunya virus disease","All cases - Data quality","Completeness for travel association","%","2012","FR","France",90.909090900,""
"Chikungunya virus disease","All cases - Data quality","Completeness for travel association","%","2012","HR","Croatia",-,""
"Chikungunya virus disease","All cases - Data quality","Completeness for travel association","%","2012","HU","Hungary",-,""
"Chikungunya virus disease","All cases - Data quality","Completeness for travel association","%","2012","IE","Ireland",-,""
"Chikungunya virus disease","All cases - Data quality","Completeness for travel association","%","2012","IT","Italy",100.000000000,""
"Chikungunya virus disease","All cases - Data quality","Completeness for travel association","%","2012","LT","Lithuania",-,""
"Chikungunya virus disease","All cases - Data quality","Completeness for travel association","%","2012","LU","Luxembourg",-,""
"Chikungunya virus disease","All cases - Data quality","Completeness for travel association","%","2012","LV","Latvia",-,""
"Chikungunya virus disease","All cases - Data quality","Completeness for travel association","%","2012","MT","Malta",-,""
"Chikungunya virus disease","All cases - Data quality","Completeness for travel association","%","2012","PL","Poland",-,""
"Chikungunya virus disease","All cases - Data quality","Completeness for travel association","%","2012","RO","Romania",-,""
"Chikungunya virus disease","All cases - Data quality","Completeness for travel association","%","2012","SE","Sweden",100.000000000,""
"Chikungunya virus disease","All cases - Data quality","Completeness for travel association","%","2012","SI","Slovenia",-,""
"Chikungunya virus disease","All cases - Data quality","Completeness for travel association","%","2012","SK","Slovakia",-,""
"Chikungunya virus disease","All cases - Data quality","Completeness for travel association","%","2012","UK","United Kingdom",90.476190470,""
"Chikungunya virus disease","All cases - Data quality","Completeness for travel association","%","2013","AT","Austria",-,""
"Chikungunya virus disease","All cases - Data quality","Completeness for travel association","%","2013","BE","Belgium",71.428571420,""
"Chikungunya virus disease","All cases - Data quality","Completeness for travel association","%","2013","CZ","Czechia",-,""
"Chikungunya virus disease","All cases - Data quality","Completeness for travel association","%","2013","DE","Germany",100.000000000,""
"Chikungunya virus disease","All cases - Data quality","Completeness for travel association","%","2013","DK","Denmark",-,""
"Chikungunya virus disease","All cases - Data quality","Completeness for travel association","%","2013","EE","Estonia",-,""
"Chikungunya virus disease","All cases - Data quality","Completeness for travel association","%","2013","EL","Greece",-,""
"Chikungunya virus disease","All cases - Data quality","Completeness for travel association","%","2013","ES","Spain",100.000000000,""
"Chikungunya virus disease","All cases - Data quality","Completeness for travel association","%","2013","EU27_21","EU (without UK)",93.617021000,""
"Chikungunya virus disease","All cases - Data quality","Completeness for travel association","%","2013","EU27_UK_21","EU (with UK until 2019)",95.890410000,""
"Chikungunya virus disease","All cases - Data quality","Completeness for travel association","%","2013","EUEEA30_21","EU/EEA (without UK)",93.617021000,""
"Chikungunya virus disease","All cases - Data quality","Completeness for travel association","%","2013","EUEEAUK_21","EU/EEA (with UK until 2019)",95.890410000,""
"Chikungunya virus disease","All cases - Data quality","Completeness for travel association","%","2013","FI","Finland",0.000000000,""
"Chikungunya virus disease","All cases - Data quality","Completeness for travel association","%","2013","FR","France",100.000000000,""
"Chikungunya virus disease","All cases - Data quality","Completeness for travel association","%","2013","HR","Croatia",-,""
"Chikungunya virus disease","All cases - Data quality","Completeness for travel association","%","2013","HU","Hungary",-,""
"Chikungunya virus disease","All cases - Data quality","Completeness for travel association","%","2013","IE","Ireland",-,""
"Chikungunya virus disease","All cases - Data quality","Completeness for travel association","%","2013","IT","Italy",100.000000000,""
"Chikungunya virus disease","All cases - Data quality","Completeness for travel association","%","2013","LT","Lithuania",-,""
"Chikungunya virus disease","All cases - Data quality","Completeness for travel association","%","2013","LU","Luxembourg",-,""
"Chikungunya virus disease","All cases - Data quality","Completeness for travel association","%","2013","LV","Latvia",-,""
"Chikungunya virus disease","All cases - Data quality","Completeness for travel association","%","2013","MT","Malta",-,""
"Chikungunya virus disease","All cases - Data quality","Completeness for travel association","%","2013","PL","Poland",-,""
"Chikungunya virus disease","All cases - Data quality","Completeness for travel association","%","2013","RO","Romania",-,""
"Chikungunya virus disease","All cases - Data quality","Completeness for travel association","%","2013","SE","Sweden",100.000000000,""
"Chikungunya virus disease","All cases - Data quality","Completeness for travel association","%","2013","SI","Slovenia",-,""
"Chikungunya virus disease","All cases - Data quality","Completeness for travel association","%","2013","SK","Slovakia",-,""
"Chikungunya virus disease","All cases - Data quality","Completeness for travel association","%","2013","UK","United Kingdom",100.000000000,""
"Chikungunya virus disease","All cases - Data quality","Completeness for travel association","%","2014","BE","Belgium",93.243243240,""
"Chikungunya virus disease","All cases - Data quality","Completeness for travel association","%","2014","CZ","Czechia",100.000000000,""
"Chikungunya virus disease","All cases - Data quality","Completeness for travel association","%","2014","DE","Germany",99.382716040,""
"Chikungunya virus disease","All cases - Data quality","Completeness for travel association","%","2014","DK","Denmark",0.000000000,""
"Chikungunya virus disease","All cases - Data quality","Completeness for travel association","%","2014","EE","Estonia",-,""
"Chikungunya virus disease","All cases - Data quality","Completeness for travel association","%","2014","EL","Greece",100.000000000,""
"Chikungunya virus disease","All cases - Data quality","Completeness for travel association","%","2014","ES","Spain",100.000000000,""
"Chikungunya virus disease","All cases - Data quality","Completeness for travel association","%","2014","EU27_21","EU (without UK)",96.645253000,""
"Chikungunya virus disease","All cases - Data quality","Completeness for travel association","%","2014","EU27_UK_21","EU (with UK until 2019)",97.121034000,""
"Chikungunya virus disease","All cases - Data quality","Completeness for travel association","%","2014","EUEEA30_21","EU/EEA (without UK)",96.645253000,""
"Chikungunya virus disease","All cases - Data quality","Completeness for travel association","%","2014","EUEEAUK_21","EU/EEA (with UK until 2019)",97.121034000,""
"Chikungunya virus disease","All cases - Data quality","Completeness for travel association","%","2014","FI","Finland",0.000000000,""
"Chikungunya virus disease","All cases - Data quality","Completeness for travel association","%","2014","FR","France",99.873096440,""
"Chikungunya virus disease","All cases - Data quality","Completeness for travel association","%","2014","HR","Croatia",-,""
"Chikungunya virus disease","All cases - Data quality","Completeness for travel association","%","2014","HU","Hungary",100.000000000,""
"Chikungunya virus disease","All cases - Data quality","Completeness for travel association","%","2014","IE","Ireland",100.000000000,""
"Chikungunya virus disease","All cases - Data quality","Completeness for travel association","%","2014","IT","Italy",100.000000000,""
"Chikungunya virus disease","All cases - Data quality","Completeness for travel association","%","2014","LT","Lithuania",-,""
"Chikungunya virus disease","All cases - Data quality","Completeness for travel association","%","2014","LU","Luxembourg",-,""
"Chikungunya virus disease","All cases - Data quality","Completeness for travel association","%","2014","LV","Latvia",-,""
"Chikungunya virus disease","All cases - Data quality","Completeness for travel association","%","2014","MT","Malta",-,""
"Chikungunya virus disease","All cases - Data quality","Completeness for travel association","%","2014","NL","Netherlands",0.000000000,""
"Chikungunya virus disease","All cases - Data quality","Completeness for travel association","%","2014","PL","Poland",-,""
"Chikungunya virus disease","All cases - Data quality","Completeness for travel association","%","2014","RO","Romania",-,""
"Chikungunya virus disease","All cases - Data quality","Completeness for travel association","%","2014","SE","Sweden",100.000000000,""
"Chikungunya virus disease","All cases - Data quality","Completeness for travel association","%","2014","SI","Slovenia",-,""
"Chikungunya virus disease","All cases - Data quality","Completeness for travel association","%","2014","SK","Slovakia",-,""
"Chikungunya virus disease","All cases - Data quality","Completeness for travel association","%","2014","UK","United Kingdom",99.335548170,""
"Chikungunya virus disease","All cases - Data quality","Completeness for travel association","%","2015","BE","Belgium",0.000000000,""
"Chikungunya virus disease","All cases - Data quality","Completeness for travel association","%","2015","CZ","Czechia",100.000000000,""
"Chikungunya virus disease","All cases - Data quality","Completeness for travel association","%","2015","DE","Germany",99.090909090,""
"Chikungunya virus disease","All cases - Data quality","Completeness for travel association","%","2015","DK","Denmark",0.000000000,""
"Chikungunya virus disease","All cases - Data quality","Completeness for travel association","%","2015","EE","Estonia",-,""
"Chikungunya virus disease","All cases - Data quality","Completeness for travel association","%","2015","EL","Greece",-,""
"Chikungunya virus disease","All cases - Data quality","Completeness for travel association","%","2015","ES","Spain",99.145299140,""
"Chikungunya virus disease","All cases - Data quality","Completeness for travel association","%","2015","EU27_21","EU (without UK)",85.420560000,""
"Chikungunya virus disease","All cases - Data quality","Completeness for travel association","%","2015","EU27_UK_21","EU (with UK until 2019)",87.831513000,""
"Chikungunya virus disease","All cases - Data quality","Completeness for travel association","%","2015","EUEEA30_21","EU/EEA (without UK)",85.420560000,""
"Chikungunya virus disease","All cases - Data quality","Completeness for travel association","%","2015","EUEEAUK_21","EU/EEA (with UK until 2019)",87.831513000,""
"Chikungunya virus disease","All cases - Data quality","Completeness for travel association","%","2015","FI","Finland",0.000000000,""
"Chikungunya virus disease","All cases - Data quality","Completeness for travel association","%","2015","FR","France",100.000000000,""
"Chikungunya virus disease","All cases - Data quality","Completeness for travel association","%","2015","HR","Croatia",-,""
"Chikungunya virus disease","All cases - Data quality","Completeness for travel association","%","2015","HU","Hungary",100.000000000,""
"Chikungunya virus disease","All cases - Data quality","Completeness for travel association","%","2015","IE","Ireland",100.000000000,""
"Chikungunya virus disease","All cases - Data quality","Completeness for travel association","%","2015","IT","Italy",100.000000000,""
"Chikungunya virus disease","All cases - Data quality","Completeness for travel association","%","2015","LT","Lithuania",-,""
"Chikungunya virus disease","All cases - Data quality","Completeness for travel association","%","2015","LU","Luxembourg",-,""
"Chikungunya virus disease","All cases - Data quality","Completeness for travel association","%","2015","LV","Latvia",100.000000000,""
"Chikungunya virus disease","All cases - Data quality","Completeness for travel association","%","2015","MT","Malta",-,""
"Chikungunya virus disease","All cases - Data quality","Completeness for travel association","%","2015","NL","Netherlands",0.000000000,""
"Chikungunya virus disease","All cases - Data quality","Completeness for travel association","%","2015","PL","Poland",-,""
"Chikungunya virus disease","All cases - Data quality","Completeness for travel association","%","2015","PT","Portugal",-,""
"Chikungunya virus disease","All cases - Data quality","Completeness for travel association","%","2015","RO","Romania",-,""
"Chikungunya virus disease","All cases - Data quality","Completeness for travel association","%","2015","SE","Sweden",100.000000000,""
"Chikungunya virus disease","All cases - Data quality","Completeness for travel association","%","2015","SI","Slovenia",-,""
"Chikungunya virus disease","All cases - Data quality","Completeness for travel association","%","2015","SK","Slovakia",-,""
"Chikungunya virus disease","All cases - Data quality","Completeness for travel association","%","2015","UK","United Kingdom",100.000000000,""
"Chikungunya virus disease","All cases - Data quality","Completeness for travel association","%","2016","AT","Austria",100.000000000,""
"Chikungunya virus disease","All cases - Data quality","Completeness for travel association","%","2016","BE","Belgium",0.000000000,""
"Chikungunya virus disease","All cases - Data quality","Completeness for travel association","%","2016","CZ","Czechia",100.000000000,""
"Chikungunya virus disease","All cases - Data quality","Completeness for travel association","%","2016","DE","Germany",97.297297290,""
"Chikungunya virus disease","All cases - Data quality","Completeness for travel association","%","2016","DK","Denmark",0.000000000,""
"Chikungunya virus disease","All cases - Data quality","Completeness for travel association","%","2016","EE","Estonia",-,""
"Chikungunya virus disease","All cases - Data quality","Completeness for travel association","%","2016","EL","Greece",100.000000000,""
"Chikungunya virus disease","All cases - Data quality","Completeness for travel association","%","2016","ES","Spain",100.000000000,""
"Chikungunya virus disease","All cases - Data quality","Completeness for travel association","%","2016","EU27_21","EU (without UK)",87.538940000,""
"Chikungunya virus disease","All cases - Data quality","Completeness for travel association","%","2016","EU27_UK_21","EU (with UK until 2019)",91.836734000,""
"Chikungunya virus disease","All cases - Data quality","Completeness for travel association","%","2016","EUEEA30_21","EU/EEA (without UK)",87.538940000,""
"Chikungunya virus disease","All cases - Data quality","Completeness for travel association","%","2016","EUEEAUK_21","EU/EEA (with UK until 2019)",91.836734000,""
"Chikungunya virus disease","All cases - Data quality","Completeness for travel association","%","2016","FI","Finland",-,""
"Chikungunya virus disease","All cases - Data quality","Completeness for travel association","%","2016","FR","France",100.000000000,""
"Chikungunya virus disease","All cases - Data quality","Completeness for travel association","%","2016","HR","Croatia",-,""
"Chikungunya virus disease","All cases - Data quality","Completeness for travel association","%","2016","HU","Hungary",100.000000000,""
"Chikungunya virus disease","All cases - Data quality","Completeness for travel association","%","2016","IE","Ireland",-,""
"Chikungunya virus disease","All cases - Data quality","Completeness for travel association","%","2016","IT","Italy",100.000000000,""
"Chikungunya virus disease","All cases - Data quality","Completeness for travel association","%","2016","LT","Lithuania",-,""
"Chikungunya virus disease","All cases - Data quality","Completeness for travel association","%","2016","LU","Luxembourg",-,""
"Chikungunya virus disease","All cases - Data quality","Completeness for travel association","%","2016","LV","Latvia",-,""
"Chikungunya virus disease","All cases - Data quality","Completeness for travel association","%","2016","MT","Malta",100.000000000,""
"Chikungunya virus disease","All cases - Data quality","Completeness for travel association","%","2016","NL","Netherlands",0.000000000,""
"Chikungunya virus disease","All cases - Data quality","Completeness for travel association","%","2016","PL","Poland",-,""
"Chikungunya virus disease","All cases - Data quality","Completeness for travel association","%","2016","PT","Portugal",100.000000000,""
"Chikungunya virus disease","All cases - Data quality","Completeness for travel association","%","2016","RO","Romania",-,""
"Chikungunya virus disease","All cases - Data quality","Completeness for travel association","%","2016","SE","Sweden",100.000000000,""
"Chikungunya virus disease","All cases - Data quality","Completeness for travel association","%","2016","SI","Slovenia",100.000000000,""
"Chikungunya virus disease","All cases - Data quality","Completeness for travel association","%","2016","SK","Slovakia",-,""
"Chikungunya virus disease","All cases - Data quality","Completeness for travel association","%","2016","UK","United Kingdom",100.000000000,""
"Chikungunya virus disease","All cases - Data quality","Completeness for travel association","%","2017","AT","Austria",100.000000000,""
"Chikungunya virus disease","All cases - Data quality","Completeness for travel association","%","2017","BE","Belgium",0.000000000,""
"Chikungunya virus disease","All cases - Data quality","Completeness for travel association","%","2017","CZ","Czechia",-,""
"Chikungunya virus disease","All cases - Data quality","Completeness for travel association","%","2017","DE","Germany",93.939393930,""
"Chikungunya virus disease","All cases - Data quality","Completeness for travel association","%","2017","DK","Denmark",0.000000000,""
"Chikungunya virus disease","All cases - Data quality","Completeness for travel association","%","2017","EE","Estonia",-,""
"Chikungunya virus disease","All cases - Data quality","Completeness for travel association","%","2017","EL","Greece",-,""
"Chikungunya virus disease","All cases - Data quality","Completeness for travel association","%","2017","ES","Spain",100.000000000,""
"Chikungunya virus disease","All cases - Data quality","Completeness for travel association","%","2017","EU27_21","EU (without UK)",96.153846000,""
"Chikungunya virus disease","All cases - Data quality","Completeness for travel association","%","2017","EU27_UK_21","EU (with UK until 2019)",96.886446000,""
"Chikungunya virus disease","All cases - Data quality","Completeness for travel association","%","2017","EUEEA30_21","EU/EEA (without UK)",96.153846000,""
"Chikungunya virus disease","All cases - Data quality","Completeness for travel association","%","2017","EUEEAUK_21","EU/EEA (with UK until 2019)",96.886446000,""
"Chikungunya virus disease","All cases - Data quality","Completeness for travel association","%","2017","FI","Finland",0.000000000,""
"Chikungunya virus disease","All cases - Data quality","Completeness for travel association","%","2017","FR","France",100.000000000,""
"Chikungunya virus disease","All cases - Data quality","Completeness for travel association","%","2017","HR","Croatia",-,""
"Chikungunya virus disease","All cases - Data quality","Completeness for travel association","%","2017","HU","Hungary",100.000000000,""
"Chikungunya virus disease","All cases - Data quality","Completeness for travel association","%","2017","IE","Ireland",-,""
"Chikungunya virus disease","All cases - Data quality","Completeness for travel association","%","2017","IT","Italy",100.000000000,""
"Chikungunya virus disease","All cases - Data quality","Completeness for travel association","%","2017","LT","Lithuania",-,""
"Chikungunya virus disease","All cases - Data quality","Completeness for travel association","%","2017","LU","Luxembourg",-,""
"Chikungunya virus disease","All cases - Data quality","Completeness for travel association","%","2017","LV","Latvia",-,""
"Chikungunya virus disease","All cases - Data quality","Completeness for travel association","%","2017","MT","Malta",-,""
"Chikungunya virus disease","All cases - Data quality","Completeness for travel association","%","2017","NL","Netherlands",-,""
"Chikungunya virus disease","All cases - Data quality","Completeness for travel association","%","2017","PL","Poland",-,""
"Chikungunya virus disease","All cases - Data quality","Completeness for travel association","%","2017","PT","Portugal",-,""
"Chikungunya virus disease","All cases - Data quality","Completeness for travel association","%","2017","RO","Romania",-,""
"Chikungunya virus disease","All cases - Data quality","Completeness for travel association","%","2017","SE","Sweden",100.000000000,""
"Chikungunya virus disease","All cases - Data quality","Completeness for travel association","%","2017","SI","Slovenia",-,""
"Chikungunya virus disease","All cases - Data quality","Completeness for travel association","%","2017","SK","Slovakia",-,""
"Chikungunya virus disease","All cases - Data quality","Completeness for travel association","%","2017","UK","United Kingdom",100.000000000,""
"Chikungunya virus disease","All cases - Data quality","Completeness for travel association","%","2018","AT","Austria",100.000000000,""
"Chikungunya virus disease","All cases - Data quality","Completeness for travel association","%","2018","BE","Belgium",0.000000000,""
"Chikungunya virus disease","All cases - Data quality","Completeness for travel association","%","2018","CZ","Czechia",100.000000000,""
"Chikungunya virus disease","All cases - Data quality","Completeness for travel association","%","2018","DE","Germany",100.000000000,""
"Chikungunya virus disease","All cases - Data quality","Completeness for travel association","%","2018","DK","Denmark",100.000000000,""
"Chikungunya virus disease","All cases - Data quality","Completeness for travel association","%","2018","EE","Estonia",-,""
"Chikungunya virus disease","All cases - Data quality","Completeness for travel association","%","2018","EL","Greece",100.000000000,""
"Chikungunya virus disease","All cases - Data quality","Completeness for travel association","%","2018","ES","Spain",100.000000000,""
"Chikungunya virus disease","All cases - Data quality","Completeness for travel association","%","2018","EU27_21","EU (without UK)",97.321428000,""
"Chikungunya virus disease","All cases - Data quality","Completeness for travel association","%","2018","EU27_UK_21","EU (with UK until 2019)",98.245614000,""
"Chikungunya virus disease","All cases - Data quality","Completeness for travel association","%","2018","EUEEA30_21","EU/EEA (without UK)",97.321428000,""
"Chikungunya virus disease","All cases - Data quality","Completeness for travel association","%","2018","EUEEAUK_21","EU/EEA (with UK until 2019)",98.245614000,""
"Chikungunya virus disease","All cases - Data quality","Completeness for travel association","%","2018","FI","Finland",100.000000000,""
"Chikungunya virus disease","All cases - Data quality","Completeness for travel association","%","2018","FR","France",100.000000000,""
"Chikungunya virus disease","All cases - Data quality","Completeness for travel association","%","2018","HR","Croatia",-,""
"Chikungunya virus disease","All cases - Data quality","Completeness for travel association","%","2018","HU","Hungary",100.000000000,""
"Chikungunya virus disease","All cases - Data quality","Completeness for travel association","%","2018","IE","Ireland",-,""
"Chikungunya virus disease","All cases - Data quality","Completeness for travel association","%","2018","IT","Italy",100.000000000,""
"Chikungunya virus disease","All cases - Data quality","Completeness for travel association","%","2018","LT","Lithuania",-,""
"Chikungunya virus disease","All cases - Data quality","Completeness for travel association","%","2018","LU","Luxembourg",-,""
"Chikungunya virus disease","All cases - Data quality","Completeness for travel association","%","2018","LV","Latvia",-,""
"Chikungunya virus disease","All cases - Data quality","Completeness for travel association","%","2018","MT","Malta",-,""
"Chikungunya virus disease","All cases - Data quality","Completeness for travel association","%","2018","NL","Netherlands",-,""
"Chikungunya virus disease","All cases - Data quality","Completeness for travel association","%","2018","PL","Poland",-,""
"Chikungunya virus disease","All cases - Data quality","Completeness for travel association","%","2018","PT","Portugal",100.000000000,""
"Chikungunya virus disease","All cases - Data quality","Completeness for travel association","%","2018","RO","Romania",100.000000000,""
"Chikungunya virus disease","All cases - Data quality","Completeness for travel association","%","2018","SE","Sweden",100.000000000,""
"Chikungunya virus disease","All cases - Data quality","Completeness for travel association","%","2018","SI","Slovenia",-,""
"Chikungunya virus disease","All cases - Data quality","Completeness for travel association","%","2018","SK","Slovakia",-,""
"Chikungunya virus disease","All cases - Data quality","Completeness for travel association","%","2018","UK","United Kingdom",100.000000000,""
"Chikungunya virus disease","All cases - Data quality","Completeness for travel association","%","2019","AT","Austria",100.000000000,""
"Chikungunya virus disease","All cases - Data quality","Completeness for travel association","%","2019","BE","Belgium",0.000000000,""
"Chikungunya virus disease","All cases - Data quality","Completeness for travel association","%","2019","CZ","Czechia",100.000000000,""
"Chikungunya virus disease","All cases - Data quality","Completeness for travel association","%","2019","DE","Germany",96.551724130,""
"Chikungunya virus disease","All cases - Data quality","Completeness for travel association","%","2019","DK","Denmark",50.000000000,""
"Chikungunya virus disease","All cases - Data quality","Completeness for travel association","%","2019","EE","Estonia",-,""
"Chikungunya virus disease","All cases - Data quality","Completeness for travel association","%","2019","EL","Greece",100.000000000,""
"Chikungunya virus disease","All cases - Data quality","Completeness for travel association","%","2019","ES","Spain",100.000000000,""
"Chikungunya virus disease","All cases - Data quality","Completeness for travel association","%","2019","EU27_21","EU (without UK)",83.183856000,""
"Chikungunya virus disease","All cases - Data quality","Completeness for travel association","%","2019","EU27_UK_21","EU (with UK until 2019)",86.111111000,""
"Chikungunya virus disease","All cases - Data quality","Completeness for travel association","%","2019","EUEEA30_21","EU/EEA (without UK)",83.183856000,""
"Chikungunya virus disease","All cases - Data quality","Completeness for travel association","%","2019","EUEEAUK_21","EU/EEA (with UK until 2019)",86.111111000,""
"Chikungunya virus disease","All cases - Data quality","Completeness for travel association","%","2019","FI","Finland",36.363636360,""
"Chikungunya virus disease","All cases - Data quality","Completeness for travel association","%","2019","FR","France",99.074074070,""
"Chikungunya virus disease","All cases - Data quality","Completeness for travel association","%","2019","HR","Croatia",-,""
"Chikungunya virus disease","All cases - Data quality","Completeness for travel association","%","2019","HU","Hungary",100.000000000,""
"Chikungunya virus disease","All cases - Data quality","Completeness for travel association","%","2019","IE","Ireland",100.000000000,""
"Chikungunya virus disease","All cases - Data quality","Completeness for travel association","%","2019","IT","Italy",100.000000000,""
"Chikungunya virus disease","All cases - Data quality","Completeness for travel association","%","2019","LT","Lithuania",-,""
"Chikungunya virus disease","All cases - Data quality","Completeness for travel association","%","2019","LU","Luxembourg",100.000000000,""
"Chikungunya virus disease","All cases - Data quality","Completeness for travel association","%","2019","LV","Latvia",-,""
"Chikungunya virus disease","All cases - Data quality","Completeness for travel association","%","2019","MT","Malta",-,""
"Chikungunya virus disease","All cases - Data quality","Completeness for travel association","%","2019","NL","Netherlands",-,""
"Chikungunya virus disease","All cases - Data quality","Completeness for travel association","%","2019","PL","Poland",100.000000000,""
"Chikungunya virus disease","All cases - Data quality","Completeness for travel association","%","2019","PT","Portugal",-,""
"Chikungunya virus disease","All cases - Data quality","Completeness for travel association","%","2019","RO","Romania",-,""
"Chikungunya virus disease","All cases - Data quality","Completeness for travel association","%","2019","SE","Sweden",100.000000000,""
"Chikungunya virus disease","All cases - Data quality","Completeness for travel association","%","2019","SI","Slovenia",-,""
"Chikungunya virus disease","All cases - Data quality","Completeness for travel association","%","2019","SK","Slovakia",-,""
"Chikungunya virus disease","All cases - Data quality","Completeness for travel association","%","2019","UK","United Kingdom",100.000000000,""
"Chikungunya virus disease","All cases - Data quality","Completeness for travel association","%","2020","AT","Austria",-,""
"Chikungunya virus disease","All cases - Data quality","Completeness for travel association","%","2020","BE","Belgium",0.000000000,""
"Chikungunya virus disease","All cases - Data quality","Completeness for travel association","%","2020","CZ","Czechia",-,""
"Chikungunya virus disease","All cases - Data quality","Completeness for travel association","%","2020","DE","Germany",100.000000000,""
"Chikungunya virus disease","All cases - Data quality","Completeness for travel association","%","2020","DK","Denmark",0.000000000,""
"Chikungunya virus disease","All cases - Data quality","Completeness for travel association","%","2020","EE","Estonia",-,""
"Chikungunya virus disease","All cases - Data quality","Completeness for travel association","%","2020","EL","Greece",-,""
"Chikungunya virus disease","All cases - Data quality","Completeness for travel association","%","2020","ES","Spain",100.000000000,""
"Chikungunya virus disease","All cases - Data quality","Completeness for travel association","%","2020","EU27_21","EU (without UK)",81.818181000,""
"Chikungunya virus disease","All cases - Data quality","Completeness for travel association","%","2020","EU27_UK_21","EU (with UK until 2019)",81.818181000,""
"Chikungunya virus disease","All cases - Data quality","Completeness for travel association","%","2020","EUEEA30_21","EU/EEA (without UK)",81.818181000,""
"Chikungunya virus disease","All cases - Data quality","Completeness for travel association","%","2020","EUEEAUK_21","EU/EEA (with UK until 2019)",81.818181000,""
"Chikungunya virus disease","All cases - Data quality","Completeness for travel association","%","2020","FI","Finland",0.000000000,""
"Chikungunya virus disease","All cases - Data quality","Completeness for travel association","%","2020","FR","France",100.000000000,""
"Chikungunya virus disease","All cases - Data quality","Completeness for travel association","%","2020","HR","Croatia",-,""
"Chikungunya virus disease","All cases - Data quality","Completeness for travel association","%","2020","HU","Hungary",-,""
"Chikungunya virus disease","All cases - Data quality","Completeness for travel association","%","2020","IE","Ireland",-,""
"Chikungunya virus disease","All cases - Data quality","Completeness for travel association","%","2020","IT","Italy",83.333333330,""
"Chikungunya virus disease","All cases - Data quality","Completeness for travel association","%","2020","LT","Lithuania",-,""
"Chikungunya virus disease","All cases - Data quality","Completeness for travel association","%","2020","LU","Luxembourg",-,""
"Chikungunya virus disease","All cases - Data quality","Completeness for travel association","%","2020","LV","Latvia",-,""
"Chikungunya virus disease","All cases - Data quality","Completeness for travel association","%","2020","MT","Malta",-,""
"Chikungunya virus disease","All cases - Data quality","Completeness for travel association","%","2020","NL","Netherlands",-,""
"Chikungunya virus disease","All cases - Data quality","Completeness for travel association","%","2020","PL","Poland",-,""
"Chikungunya virus disease","All cases - Data quality","Completeness for travel association","%","2020","PT","Portugal",-,""
"Chikungunya virus disease","All cases - Data quality","Completeness for travel association","%","2020","RO","Romania",-,""
"Chikungunya virus disease","All cases - Data quality","Completeness for travel association","%","2020","SE","Sweden",100.000000000,""
"Chikungunya virus disease","All cases - Data quality","Completeness for travel association","%","2020","SI","Slovenia",-,""
"Chikungunya virus disease","All cases - Data quality","Completeness for travel association","%","2020","SK","Slovakia",-,""
"Chikungunya virus disease","All cases - Data quality","Completeness for travel association","%","2021","AT","Austria",-,""
"Chikungunya virus disease","All cases - Data quality","Completeness for travel association","%","2021","BE","Belgium",0.000000000,""
"Chikungunya virus disease","All cases - Data quality","Completeness for travel association","%","2021","CZ","Czechia",-,""
"Chikungunya virus disease","All cases - Data quality","Completeness for travel association","%","2021","DE","Germany",100.000000000,""
"Chikungunya virus disease","All cases - Data quality","Completeness for travel association","%","2021","DK","Denmark",-,""
"Chikungunya virus disease","All cases - Data quality","Completeness for travel association","%","2021","EE","Estonia",-,""
"Chikungunya virus disease","All cases - Data quality","Completeness for travel association","%","2021","EL","Greece",-,""
"Chikungunya virus disease","All cases - Data quality","Completeness for travel association","%","2021","ES","Spain",100.000000000,""
"Chikungunya virus disease","All cases - Data quality","Completeness for travel association","%","2021","EU27_21","EU (without UK)",87.500000000,""
"Chikungunya virus disease","All cases - Data quality","Completeness for travel association","%","2021","EU27_UK_21","EU (with UK until 2019)",87.500000000,""
"Chikungunya virus disease","All cases - Data quality","Completeness for travel association","%","2021","EUEEA30_21","EU/EEA (without UK)",87.500000000,""
"Chikungunya virus disease","All cases - Data quality","Completeness for travel association","%","2021","EUEEAUK_21","EU/EEA (with UK until 2019)",87.500000000,""
"Chikungunya virus disease","All cases - Data quality","Completeness for travel association","%","2021","FI","Finland",-,""
"Chikungunya virus disease","All cases - Data quality","Completeness for travel association","%","2021","FR","France",100.000000000,""
"Chikungunya virus disease","All cases - Data quality","Completeness for travel association","%","2021","HR","Croatia",-,""
"Chikungunya virus disease","All cases - Data quality","Completeness for travel association","%","2021","HU","Hungary",-,""
"Chikungunya virus disease","All cases - Data quality","Completeness for travel association","%","2021","IE","Ireland",-,""
"Chikungunya virus disease","All cases - Data quality","Completeness for travel association","%","2021","IT","Italy",-,""
"Chikungunya virus disease","All cases - Data quality","Completeness for travel association","%","2021","LI","Liechtenstein",-,""
"Chikungunya virus disease","All cases - Data quality","Completeness for travel association","%","2021","LT","Lithuania",-,""
"Chikungunya virus disease","All cases - Data quality","Completeness for travel association","%","2021","LU","Luxembourg",-,""
"Chikungunya virus disease","All cases - Data quality","Completeness for travel association","%","2021","LV","Latvia",-,""
"Chikungunya virus disease","All cases - Data quality","Completeness for travel association","%","2021","MT","Malta",-,""
"Chikungunya virus disease","All cases - Data quality","Completeness for travel association","%","2021","NL","Netherlands",-,""
"Chikungunya virus disease","All cases - Data quality","Completeness for travel association","%","2021","PL","Poland",-,""
"Chikungunya virus disease","All cases - Data quality","Completeness for travel association","%","2021","PT","Portugal",-,""
"Chikungunya virus disease","All cases - Data quality","Completeness for travel association","%","2021","RO","Romania",-,""
"Chikungunya virus disease","All cases - Data quality","Completeness for travel association","%","2021","SE","Sweden",100.000000000,""
"Chikungunya virus disease","All cases - Data quality","Completeness for travel association","%","2021","SI","Slovenia",-,""
"Chikungunya virus disease","All cases - Data quality","Completeness for travel association","%","2021","SK","Slovakia",-,""
"Chikungunya virus disease","All cases - Data quality","Completeness for travel association","%","2022","AT","Austria",100.000000000,""
"Chikungunya virus disease","All cases - Data quality","Completeness for travel association","%","2022","BE","Belgium",0.000000000,""
"Chikungunya virus disease","All cases - Data quality","Completeness for travel association","%","2022","CZ","Czechia",100.000000000,""
"Chikungunya virus disease","All cases - Data quality","Completeness for travel association","%","2022","DE","Germany",100.000000000,""
"Chikungunya virus disease","All cases - Data quality","Completeness for travel association","%","2022","DK","Denmark",-,""
"Chikungunya virus disease","All cases - Data quality","Completeness for travel association","%","2022","EE","Estonia",-,""
"Chikungunya virus disease","All cases - Data quality","Completeness for travel association","%","2022","EL","Greece",-,""
"Chikungunya virus disease","All cases - Data quality","Completeness for travel association","%","2022","ES","Spain",90.000000000,""
"Chikungunya virus disease","All cases - Data quality","Completeness for travel association","%","2022","EU27_21","EU (without UK)",93.750000000,""
"Chikungunya virus disease","All cases - Data quality","Completeness for travel association","%","2022","EU27_UK_21","EU (with UK until 2019)",93.750000000,""
"Chikungunya virus disease","All cases - Data quality","Completeness for travel association","%","2022","EUEEA30_21","EU/EEA (without UK)",93.750000000,""
"Chikungunya virus disease","All cases - Data quality","Completeness for travel association","%","2022","EUEEAUK_21","EU/EEA (with UK until 2019)",93.750000000,""
"Chikungunya virus disease","All cases - Data quality","Completeness for travel association","%","2022","FI","Finland",-,""
"Chikungunya virus disease","All cases - Data quality","Completeness for travel association","%","2022","FR","France",100.000000000,""
"Chikungunya virus disease","All cases - Data quality","Completeness for travel association","%","2022","HR","Croatia",-,""
"Chikungunya virus disease","All cases - Data quality","Completeness for travel association","%","2022","HU","Hungary",100.000000000,""
"Chikungunya virus disease","All cases - Data quality","Completeness for travel association","%","2022","IE","Ireland",-,""
"Chikungunya virus disease","All cases - Data quality","Completeness for travel association","%","2022","IS","Iceland",-,""
"Chikungunya virus disease","All cases - Data quality","Completeness for travel association","%","2022","IT","Italy",-,""
"Chikungunya virus disease","All cases - Data quality","Completeness for travel association","%","2022","LI","Liechtenstein",-,""
"Chikungunya virus disease","All cases - Data quality","Completeness for travel association","%","2022","LT","Lithuania",-,""
"Chikungunya virus disease","All cases - Data quality","Completeness for travel association","%","2022","LU","Luxembourg",-,""
"Chikungunya virus disease","All cases - Data quality","Completeness for travel association","%","2022","LV","Latvia",-,""
"Chikungunya virus disease","All cases - Data quality","Completeness for travel association","%","2022","MT","Malta",100.000000000,""
"Chikungunya virus disease","All cases - Data quality","Completeness for travel association","%","2022","NL","Netherlands",0.000000000,""
"Chikungunya virus disease","All cases - Data quality","Completeness for travel association","%","2022","PL","Poland",100.000000000,""
"Chikungunya virus disease","All cases - Data quality","Completeness for travel association","%","2022","PT","Portugal",-,""
"Chikungunya virus disease","All cases - Data quality","Completeness for travel association","%","2022","RO","Romania",-,""
"Chikungunya virus disease","All cases - Data quality","Completeness for travel association","%","2022","SE","Sweden",100.000000000,""
"Chikungunya virus disease","All cases - Data quality","Completeness for travel association","%","2022","SI","Slovenia",-,""
"Chikungunya virus disease","All cases - Data quality","Completeness for travel association","%","2022","SK","Slovakia",-,""
"Chikungunya virus disease","All cases - Data quality","Completeness for travel association","%","2023","AT","Austria",100.000000000,""
"Chikungunya virus disease","All cases - Data quality","Completeness for travel association","%","2023","BE","Belgium",0.000000000,""
"Chikungunya virus disease","All cases - Data quality","Completeness for travel association","%","2023","CZ","Czechia",100.000000000,""
"Chikungunya virus disease","All cases - Data quality","Completeness for travel association","%","2023","DE","Germany",100.000000000,""
"Chikungunya virus disease","All cases - Data quality","Completeness for travel association","%","2023","DK","Denmark",100.000000000,""
"Chikungunya virus disease","All cases - Data quality","Completeness for travel association","%","2023","EE","Estonia",-,""
"Chikungunya virus disease","All cases - Data quality","Completeness for travel association","%","2023","EL","Greece",-,""
"Chikungunya virus disease","All cases - Data quality","Completeness for travel association","%","2023","ES","Spain",100.000000000,""
"Chikungunya virus disease","All cases - Data quality","Completeness for travel association","%","2023","EU27_21","EU (without UK)",95.526315000,""
"Chikungunya virus disease","All cases - Data quality","Completeness for travel association","%","2023","EU27_UK_21","EU (with UK until 2019)",95.526315000,""
"Chikungunya virus disease","All cases - Data quality","Completeness for travel association","%","2023","EUEEA30_21","EU/EEA (without UK)",95.526315000,""
"Chikungunya virus disease","All cases - Data quality","Completeness for travel association","%","2023","EUEEAUK_21","EU/EEA (with UK until 2019)",95.526315000,""
"Chikungunya virus disease","All cases - Data quality","Completeness for travel association","%","2023","FI","Finland",0.000000000,""
"Chikungunya virus disease","All cases - Data quality","Completeness for travel association","%","2023","FR","France",100.000000000,""
"Chikungunya virus disease","All cases - Data quality","Completeness for travel association","%","2023","HR","Croatia",-,""
"Chikungunya virus disease","All cases - Data quality","Completeness for travel association","%","2023","HU","Hungary",100.000000000,""
"Chikungunya virus disease","All cases - Data quality","Completeness for travel association","%","2023","IE","Ireland",-,""
"Chikungunya virus disease","All cases - Data quality","Completeness for travel association","%","2023","IS","Iceland",-,""
"Chikungunya virus disease","All cases - Data quality","Completeness for travel association","%","2023","IT","Italy",100.000000000,""
"Chikungunya virus disease","All cases - Data quality","Completeness for travel association","%","2023","LI","Liechtenstein",-,""
"Chikungunya virus disease","All cases - Data quality","Completeness for travel association","%","2023","LT","Lithuania",-,""
"Chikungunya virus disease","All cases - Data quality","Completeness for travel association","%","2023","LU","Luxembourg",-,""
"Chikungunya virus disease","All cases - Data quality","Completeness for travel association","%","2023","LV","Latvia",100.000000000,""
"Chikungunya virus disease","All cases - Data quality","Completeness for travel association","%","2023","MT","Malta",-,""
"Chikungunya virus disease","All cases - Data quality","Completeness for travel association","%","2023","NL","Netherlands",-,""
"Chikungunya virus disease","All cases - Data quality","Completeness for travel association","%","2023","PL","Poland",100.000000000,""
"Chikungunya virus disease","All cases - Data quality","Completeness for travel association","%","2023","PT","Portugal",100.000000000,""
"Chikungunya virus disease","All cases - Data quality","Completeness for travel association","%","2023","RO","Romania",100.000000000,""
"Chikungunya virus disease","All cases - Data quality","Completeness for travel association","%","2023","SE","Sweden",100.000000000,""
"Chikungunya virus disease","All cases - Data quality","Completeness for travel association","%","2023","SI","Slovenia",-,""
"Chikungunya virus disease","All cases - Data quality","Completeness for travel association","%","2023","SK","Slovakia",-,""
"Chikungunya virus disease","All cases - Data quality","Completeness for travel association","%","2024","AT","Austria",100.000000000,""
"Chikungunya virus disease","All cases - Data quality","Completeness for travel association","%","2024","BE","Belgium",93.333333330,""
"Chikungunya virus disease","All cases - Data quality","Completeness for travel association","%","2024","CY","Cyprus",-,""
"Chikungunya virus disease","All cases - Data quality","Completeness for travel association","%","2024","CZ","Czechia",100.000000000,""
"Chikungunya virus disease","All cases - Data quality","Completeness for travel association","%","2024","DE","Germany",100.000000000,""
"Chikungunya virus disease","All cases - Data quality","Completeness for travel association","%","2024","DK","Denmark",100.000000000,""
"Chikungunya virus disease","All cases - Data quality","Completeness for travel association","%","2024","EE","Estonia",-,""
"Chikungunya virus disease","All cases - Data quality","Completeness for travel association","%","2024","EL","Greece",-,""
"Chikungunya virus disease","All cases - Data quality","Completeness for travel association","%","2024","ES","Spain",90.566037730,""
"Chikungunya virus disease","All cases - Data quality","Completeness for travel association","%","2024","EU27_21","EU (without UK)",95.833333000,""
"Chikungunya virus disease","All cases - Data quality","Completeness for travel association","%","2024","EU27_UK_21","EU (with UK until 2019)",95.833333000,""
"Chikungunya virus disease","All cases - Data quality","Completeness for travel association","%","2024","EUEEA30_21","EU/EEA (without UK)",95.852534000,""
"Chikungunya virus disease","All cases - Data quality","Completeness for travel association","%","2024","EUEEAUK_21","EU/EEA (with UK until 2019)",95.852534000,""
"Chikungunya virus disease","All cases - Data quality","Completeness for travel association","%","2024","FI","Finland",0.000000000,""
"Chikungunya virus disease","All cases - Data quality","Completeness for travel association","%","2024","FR","France",100.000000000,""
"Chikungunya virus disease","All cases - Data quality","Completeness for travel association","%","2024","HR","Croatia",-,""
"Chikungunya virus disease","All cases - Data quality","Completeness for travel association","%","2024","HU","Hungary",100.000000000,""
"Chikungunya virus disease","All cases - Data quality","Completeness for travel association","%","2024","IE","Ireland",-,""
"Chikungunya virus disease","All cases - Data quality","Completeness for travel association","%","2024","IS","Iceland",-,""
"Chikungunya virus disease","All cases - Data quality","Completeness for travel association","%","2024","IT","Italy",100.000000000,""
"Chikungunya virus disease","All cases - Data quality","Completeness for travel association","%","2024","LI","Liechtenstein",100.000000000,""
"Chikungunya virus disease","All cases - Data quality","Completeness for travel association","%","2024","LT","Lithuania",-,""
"Chikungunya virus disease","All cases - Data quality","Completeness for travel association","%","2024","LU","Luxembourg",100.000000000,""
"Chikungunya virus disease","All cases - Data quality","Completeness for travel association","%","2024","LV","Latvia",-,""
"Chikungunya virus disease","All cases - Data quality","Completeness for travel association","%","2024","MT","Malta",100.000000000,""
"Chikungunya virus disease","All cases - Data quality","Completeness for travel association","%","2024","NL","Netherlands",-,""
"Chikungunya virus disease","All cases - Data quality","Completeness for travel association","%","2024","PL","Poland",100.000000000,""
"Chikungunya virus disease","All cases - Data quality","Completeness for travel association","%","2024","PT","Portugal",100.000000000,""
"Chikungunya virus disease","All cases - Data quality","Completeness for travel association","%","2024","RO","Romania",100.000000000,""
"Chikungunya virus disease","All cases - Data quality","Completeness for travel association","%","2024","SE","Sweden",100.000000000,""
"Chikungunya virus disease","All cases - Data quality","Completeness for travel association","%","2024","SI","Slovenia",-,""
"Chikungunya virus disease","All cases - Data quality","Completeness for travel association","%","2024","SK","Slovakia",-,""
"Chikungunya virus disease","All cases - Data quality","Completeness Gender","%","2008","AT","Austria",-,""
"Chikungunya virus disease","All cases - Data quality","Completeness Gender","%","2008","BE","Belgium",-,""
"Chikungunya virus disease","All cases - Data quality","Completeness Gender","%","2008","CZ","Czechia",-,""
"Chikungunya virus disease","All cases - Data quality","Completeness Gender","%","2008","DE","Germany",100.000000000,""
"Chikungunya virus disease","All cases - Data quality","Completeness Gender","%","2008","EE","Estonia",-,""
"Chikungunya virus disease","All cases - Data quality","Completeness Gender","%","2008","EL","Greece",-,""
"Chikungunya virus disease","All cases - Data quality","Completeness Gender","%","2008","ES","Spain",100.000000000,""
"Chikungunya virus disease","All cases - Data quality","Completeness Gender","%","2008","EU27_21","EU (without UK)",100.000000000,""
"Chikungunya virus disease","All cases - Data quality","Completeness Gender","%","2008","EU27_UK_21","EU (with UK until 2019)",97.560975000,""
"Chikungunya virus disease","All cases - Data quality","Completeness Gender","%","2008","EUEEA30_21","EU/EEA (without UK)",100.000000000,""
"Chikungunya virus disease","All cases - Data quality","Completeness Gender","%","2008","EUEEAUK_21","EU/EEA (with UK until 2019)",97.560975000,""
"Chikungunya virus disease","All cases - Data quality","Completeness Gender","%","2008","FI","Finland",-,""
"Chikungunya virus disease","All cases - Data quality","Completeness Gender","%","2008","FR","France",100.000000000,""
"Chikungunya virus disease","All cases - Data quality","Completeness Gender","%","2008","HU","Hungary",-,""
"Chikungunya virus disease","All cases - Data quality","Completeness Gender","%","2008","IE","Ireland",-,""
"Chikungunya virus disease","All cases - Data quality","Completeness Gender","%","2008","IT","Italy",100.000000000,""
"Chikungunya virus disease","All cases - Data quality","Completeness Gender","%","2008","LT","Lithuania",-,""
"Chikungunya virus disease","All cases - Data quality","Completeness Gender","%","2008","LU","Luxembourg",-,""
"Chikungunya virus disease","All cases - Data quality","Completeness Gender","%","2008","LV","Latvia",-,""
"Chikungunya virus disease","All cases - Data quality","Completeness Gender","%","2008","MT","Malta",-,""
"Chikungunya virus disease","All cases - Data quality","Completeness Gender","%","2008","PL","Poland",-,""
"Chikungunya virus disease","All cases - Data quality","Completeness Gender","%","2008","RO","Romania",-,""
"Chikungunya virus disease","All cases - Data quality","Completeness Gender","%","2008","SI","Slovenia",-,""
"Chikungunya virus disease","All cases - Data quality","Completeness Gender","%","2008","SK","Slovakia",-,""
"Chikungunya virus disease","All cases - Data quality","Completeness Gender","%","2008","UK","United Kingdom",88.888888880,""
"Chikungunya virus disease","All cases - Data quality","Completeness Gender","%","2009","AT","Austria",100.000000000,""
"Chikungunya virus disease","All cases - Data quality","Completeness Gender","%","2009","BE","Belgium",0.000000000,""
"Chikungunya virus disease","All cases - Data quality","Completeness Gender","%","2009","CZ","Czechia",-,""
"Chikungunya virus disease","All cases - Data quality","Completeness Gender","%","2009","DE","Germany",100.000000000,""
"Chikungunya virus disease","All cases - Data quality","Completeness Gender","%","2009","EE","Estonia",-,""
"Chikungunya virus disease","All cases - Data quality","Completeness Gender","%","2009","EL","Greece",-,""
"Chikungunya virus disease","All cases - Data quality","Completeness Gender","%","2009","ES","Spain",100.000000000,""
"Chikungunya virus disease","All cases - Data quality","Completeness Gender","%","2009","EU27_21","EU (without UK)",93.548387000,""
"Chikungunya virus disease","All cases - Data quality","Completeness Gender","%","2009","EU27_UK_21","EU (with UK until 2019)",92.617449000,""
"Chikungunya virus disease","All cases - Data quality","Completeness Gender","%","2009","EUEEA30_21","EU/EEA (without UK)",93.548387000,""
"Chikungunya virus disease","All cases - Data quality","Completeness Gender","%","2009","EUEEAUK_21","EU/EEA (with UK until 2019)",92.617449000,""
"Chikungunya virus disease","All cases - Data quality","Completeness Gender","%","2009","FI","Finland",100.000000000,""
"Chikungunya virus disease","All cases - Data quality","Completeness Gender","%","2009","FR","France",100.000000000,""
"Chikungunya virus disease","All cases - Data quality","Completeness Gender","%","2009","HU","Hungary",-,""
"Chikungunya virus disease","All cases - Data quality","Completeness Gender","%","2009","IE","Ireland",-,""
"Chikungunya virus disease","All cases - Data quality","Completeness Gender","%","2009","IT","Italy",100.000000000,""
"Chikungunya virus disease","All cases - Data quality","Completeness Gender","%","2009","LT","Lithuania",-,""
"Chikungunya virus disease","All cases - Data quality","Completeness Gender","%","2009","LU","Luxembourg",-,""
"Chikungunya virus disease","All cases - Data quality","Completeness Gender","%","2009","LV","Latvia",-,""
"Chikungunya virus disease","All cases - Data quality","Completeness Gender","%","2009","MT","Malta",-,""
"Chikungunya virus disease","All cases - Data quality","Completeness Gender","%","2009","PL","Poland",-,""
"Chikungunya virus disease","All cases - Data quality","Completeness Gender","%","2009","RO","Romania",-,""
"Chikungunya virus disease","All cases - Data quality","Completeness Gender","%","2009","SE","Sweden",-,""
"Chikungunya virus disease","All cases - Data quality","Completeness Gender","%","2009","SI","Slovenia",-,""
"Chikungunya virus disease","All cases - Data quality","Completeness Gender","%","2009","SK","Slovakia",-,""
"Chikungunya virus disease","All cases - Data quality","Completeness Gender","%","2009","UK","United Kingdom",91.071428570,""
"Chikungunya virus disease","All cases - Data quality","Completeness Gender","%","2010","AT","Austria",100.000000000,""
"Chikungunya virus disease","All cases - Data quality","Completeness Gender","%","2010","BE","Belgium",0.000000000,""
"Chikungunya virus disease","All cases - Data quality","Completeness Gender","%","2010","CZ","Czechia",-,""
"Chikungunya virus disease","All cases - Data quality","Completeness Gender","%","2010","DE","Germany",100.000000000,""
"Chikungunya virus disease","All cases - Data quality","Completeness Gender","%","2010","DK","Denmark",-,""
"Chikungunya virus disease","All cases - Data quality","Completeness Gender","%","2010","EE","Estonia",-,""
"Chikungunya virus disease","All cases - Data quality","Completeness Gender","%","2010","EL","Greece",-,""
"Chikungunya virus disease","All cases - Data quality","Completeness Gender","%","2010","ES","Spain",-,""
"Chikungunya virus disease","All cases - Data quality","Completeness Gender","%","2010","EU27_21","EU (without UK)",92.000000000,""
"Chikungunya virus disease","All cases - Data quality","Completeness Gender","%","2010","EU27_UK_21","EU (with UK until 2019)",95.530726000,""
"Chikungunya virus disease","All cases - Data quality","Completeness Gender","%","2010","EUEEA30_21","EU/EEA (without UK)",92.000000000,""
"Chikungunya virus disease","All cases - Data quality","Completeness Gender","%","2010","EUEEAUK_21","EU/EEA (with UK until 2019)",95.530726000,""
"Chikungunya virus disease","All cases - Data quality","Completeness Gender","%","2010","FI","Finland",100.000000000,""
"Chikungunya virus disease","All cases - Data quality","Completeness Gender","%","2010","FR","France",100.000000000,""
"Chikungunya virus disease","All cases - Data quality","Completeness Gender","%","2010","HU","Hungary",-,""
"Chikungunya virus disease","All cases - Data quality","Completeness Gender","%","2010","IE","Ireland",100.000000000,""
"Chikungunya virus disease","All cases - Data quality","Completeness Gender","%","2010","IT","Italy",100.000000000,""
"Chikungunya virus disease","All cases - Data quality","Completeness Gender","%","2010","LT","Lithuania",-,""
"Chikungunya virus disease","All cases - Data quality","Completeness Gender","%","2010","LU","Luxembourg",-,""
"Chikungunya virus disease","All cases - Data quality","Completeness Gender","%","2010","LV","Latvia",-,""
"Chikungunya virus disease","All cases - Data quality","Completeness Gender","%","2010","MT","Malta",-,""
"Chikungunya virus disease","All cases - Data quality","Completeness Gender","%","2010","PL","Poland",-,""
"Chikungunya virus disease","All cases - Data quality","Completeness Gender","%","2010","RO","Romania",-,""
"Chikungunya virus disease","All cases - Data quality","Completeness Gender","%","2010","SE","Sweden",-,""
"Chikungunya virus disease","All cases - Data quality","Completeness Gender","%","2010","SI","Slovenia",-,""
"Chikungunya virus disease","All cases - Data quality","Completeness Gender","%","2010","SK","Slovakia",-,""
"Chikungunya virus disease","All cases - Data quality","Completeness Gender","%","2010","UK","United Kingdom",100.000000000,""
"Chikungunya virus disease","All cases - Data quality","Completeness Gender","%","2011","AT","Austria",100.000000000,""
"Chikungunya virus disease","All cases - Data quality","Completeness Gender","%","2011","BE","Belgium",100.000000000,""
"Chikungunya virus disease","All cases - Data quality","Completeness Gender","%","2011","CZ","Czechia",-,""
"Chikungunya virus disease","All cases - Data quality","Completeness Gender","%","2011","DE","Germany",100.000000000,""
"Chikungunya virus disease","All cases - Data quality","Completeness Gender","%","2011","DK","Denmark",-,""
"Chikungunya virus disease","All cases - Data quality","Completeness Gender","%","2011","EE","Estonia",-,""
"Chikungunya virus disease","All cases - Data quality","Completeness Gender","%","2011","EL","Greece",-,""
"Chikungunya virus disease","All cases - Data quality","Completeness Gender","%","2011","ES","Spain",100.000000000,""
"Chikungunya virus disease","All cases - Data quality","Completeness Gender","%","2011","EU27_21","EU (without UK)",100.000000000,""
"Chikungunya virus disease","All cases - Data quality","Completeness Gender","%","2011","EU27_UK_21","EU (with UK until 2019)",100.000000000,""
"Chikungunya virus disease","All cases - Data quality","Completeness Gender","%","2011","EUEEA30_21","EU/EEA (without UK)",100.000000000,""
"Chikungunya virus disease","All cases - Data quality","Completeness Gender","%","2011","EUEEAUK_21","EU/EEA (with UK until 2019)",100.000000000,""
"Chikungunya virus disease","All cases - Data quality","Completeness Gender","%","2011","FI","Finland",-,""
"Chikungunya virus disease","All cases - Data quality","Completeness Gender","%","2011","FR","France",100.000000000,""
"Chikungunya virus disease","All cases - Data quality","Completeness Gender","%","2011","HU","Hungary",-,""
"Chikungunya virus disease","All cases - Data quality","Completeness Gender","%","2011","IE","Ireland",-,""
"Chikungunya virus disease","All cases - Data quality","Completeness Gender","%","2011","IT","Italy",100.000000000,""
"Chikungunya virus disease","All cases - Data quality","Completeness Gender","%","2011","LT","Lithuania",-,""
"Chikungunya virus disease","All cases - Data quality","Completeness Gender","%","2011","LU","Luxembourg",-,""
"Chikungunya virus disease","All cases - Data quality","Completeness Gender","%","2011","LV","Latvia",-,""
"Chikungunya virus disease","All cases - Data quality","Completeness Gender","%","2011","MT","Malta",-,""
"Chikungunya virus disease","All cases - Data quality","Completeness Gender","%","2011","PL","Poland",-,""
"Chikungunya virus disease","All cases - Data quality","Completeness Gender","%","2011","RO","Romania",-,""
"Chikungunya virus disease","All cases - Data quality","Completeness Gender","%","2011","SE","Sweden",-,""
"Chikungunya virus disease","All cases - Data quality","Completeness Gender","%","2011","SI","Slovenia",-,""
"Chikungunya virus disease","All cases - Data quality","Completeness Gender","%","2011","SK","Slovakia",-,""
"Chikungunya virus disease","All cases - Data quality","Completeness Gender","%","2011","UK","United Kingdom",100.000000000,""
"Chikungunya virus disease","All cases - Data quality","Completeness Gender","%","2012","AT","Austria",-,""
"Chikungunya virus disease","All cases - Data quality","Completeness Gender","%","2012","BE","Belgium",0.000000000,""
"Chikungunya virus disease","All cases - Data quality","Completeness Gender","%","2012","CZ","Czechia",-,""
"Chikungunya virus disease","All cases - Data quality","Completeness Gender","%","2012","DE","Germany",100.000000000,""
"Chikungunya virus disease","All cases - Data quality","Completeness Gender","%","2012","DK","Denmark",-,""
"Chikungunya virus disease","All cases - Data quality","Completeness Gender","%","2012","EE","Estonia",-,""
"Chikungunya virus disease","All cases - Data quality","Completeness Gender","%","2012","EL","Greece",-,""
"Chikungunya virus disease","All cases - Data quality","Completeness Gender","%","2012","ES","Spain",100.000000000,""
"Chikungunya virus disease","All cases - Data quality","Completeness Gender","%","2012","EU27_21","EU (without UK)",82.857142000,""
"Chikungunya virus disease","All cases - Data quality","Completeness Gender","%","2012","EU27_UK_21","EU (with UK until 2019)",89.285714000,""
"Chikungunya virus disease","All cases - Data quality","Completeness Gender","%","2012","EUEEA30_21","EU/EEA (without UK)",82.857142000,""
"Chikungunya virus disease","All cases - Data quality","Completeness Gender","%","2012","EUEEAUK_21","EU/EEA (with UK until 2019)",89.285714000,""
"Chikungunya virus disease","All cases - Data quality","Completeness Gender","%","2012","FI","Finland",-,""
"Chikungunya virus disease","All cases - Data quality","Completeness Gender","%","2012","FR","France",100.000000000,""
"Chikungunya virus disease","All cases - Data quality","Completeness Gender","%","2012","HR","Croatia",-,""
"Chikungunya virus disease","All cases - Data quality","Completeness Gender","%","2012","HU","Hungary",-,""
"Chikungunya virus disease","All cases - Data quality","Completeness Gender","%","2012","IE","Ireland",-,""
"Chikungunya virus disease","All cases - Data quality","Completeness Gender","%","2012","IT","Italy",100.000000000,""
"Chikungunya virus disease","All cases - Data quality","Completeness Gender","%","2012","LT","Lithuania",-,""
"Chikungunya virus disease","All cases - Data quality","Completeness Gender","%","2012","LU","Luxembourg",-,""
"Chikungunya virus disease","All cases - Data quality","Completeness Gender","%","2012","LV","Latvia",-,""
"Chikungunya virus disease","All cases - Data quality","Completeness Gender","%","2012","MT","Malta",-,""
"Chikungunya virus disease","All cases - Data quality","Completeness Gender","%","2012","PL","Poland",-,""
"Chikungunya virus disease","All cases - Data quality","Completeness Gender","%","2012","RO","Romania",-,""
"Chikungunya virus disease","All cases - Data quality","Completeness Gender","%","2012","SE","Sweden",100.000000000,""
"Chikungunya virus disease","All cases - Data quality","Completeness Gender","%","2012","SI","Slovenia",-,""
"Chikungunya virus disease","All cases - Data quality","Completeness Gender","%","2012","SK","Slovakia",-,""
"Chikungunya virus disease","All cases - Data quality","Completeness Gender","%","2012","UK","United Kingdom",100.000000000,""
"Chikungunya virus disease","All cases - Data quality","Completeness Gender","%","2013","AT","Austria",-,""
"Chikungunya virus disease","All cases - Data quality","Completeness Gender","%","2013","BE","Belgium",100.000000000,""
"Chikungunya virus disease","All cases - Data quality","Completeness Gender","%","2013","CZ","Czechia",-,""
"Chikungunya virus disease","All cases - Data quality","Completeness Gender","%","2013","DE","Germany",100.000000000,""
"Chikungunya virus disease","All cases - Data quality","Completeness Gender","%","2013","DK","Denmark",-,""
"Chikungunya virus disease","All cases - Data quality","Completeness Gender","%","2013","EE","Estonia",-,""
"Chikungunya virus disease","All cases - Data quality","Completeness Gender","%","2013","EL","Greece",-,""
"Chikungunya virus disease","All cases - Data quality","Completeness Gender","%","2013","ES","Spain",100.000000000,""
"Chikungunya virus disease","All cases - Data quality","Completeness Gender","%","2013","EU27_21","EU (without UK)",97.872340000,""
"Chikungunya virus disease","All cases - Data quality","Completeness Gender","%","2013","EU27_UK_21","EU (with UK until 2019)",98.630136000,""
"Chikungunya virus disease","All cases - Data quality","Completeness Gender","%","2013","EUEEA30_21","EU/EEA (without UK)",97.872340000,""
"Chikungunya virus disease","All cases - Data quality","Completeness Gender","%","2013","EUEEAUK_21","EU/EEA (with UK until 2019)",98.630136000,""
"Chikungunya virus disease","All cases - Data quality","Completeness Gender","%","2013","FI","Finland",100.000000000,""
"Chikungunya virus disease","All cases - Data quality","Completeness Gender","%","2013","FR","France",100.000000000,""
"Chikungunya virus disease","All cases - Data quality","Completeness Gender","%","2013","HR","Croatia",-,""
"Chikungunya virus disease","All cases - Data quality","Completeness Gender","%","2013","HU","Hungary",-,""
"Chikungunya virus disease","All cases - Data quality","Completeness Gender","%","2013","IE","Ireland",-,""
"Chikungunya virus disease","All cases - Data quality","Completeness Gender","%","2013","IT","Italy",100.000000000,""
"Chikungunya virus disease","All cases - Data quality","Completeness Gender","%","2013","LT","Lithuania",-,""
"Chikungunya virus disease","All cases - Data quality","Completeness Gender","%","2013","LU","Luxembourg",-,""
"Chikungunya virus disease","All cases - Data quality","Completeness Gender","%","2013","LV","Latvia",-,""
"Chikungunya virus disease","All cases - Data quality","Completeness Gender","%","2013","MT","Malta",-,""
"Chikungunya virus disease","All cases - Data quality","Completeness Gender","%","2013","PL","Poland",-,""
"Chikungunya virus disease","All cases - Data quality","Completeness Gender","%","2013","RO","Romania",-,""
"Chikungunya virus disease","All cases - Data quality","Completeness Gender","%","2013","SE","Sweden",83.333333330,""
"Chikungunya virus disease","All cases - Data quality","Completeness Gender","%","2013","SI","Slovenia",-,""
"Chikungunya virus disease","All cases - Data quality","Completeness Gender","%","2013","SK","Slovakia",-,""
"Chikungunya virus disease","All cases - Data quality","Completeness Gender","%","2013","UK","United Kingdom",100.000000000,""
"Chikungunya virus disease","All cases - Data quality","Completeness Gender","%","2014","BE","Belgium",98.648648640,""
"Chikungunya virus disease","All cases - Data quality","Completeness Gender","%","2014","CZ","Czechia",100.000000000,""
"Chikungunya virus disease","All cases - Data quality","Completeness Gender","%","2014","DE","Germany",100.000000000,""
"Chikungunya virus disease","All cases - Data quality","Completeness Gender","%","2014","DK","Denmark",100.000000000,""
"Chikungunya virus disease","All cases - Data quality","Completeness Gender","%","2014","EE","Estonia",-,""
"Chikungunya virus disease","All cases - Data quality","Completeness Gender","%","2014","EL","Greece",100.000000000,""
"Chikungunya virus disease","All cases - Data quality","Completeness Gender","%","2014","ES","Spain",100.000000000,""
"Chikungunya virus disease","All cases - Data quality","Completeness Gender","%","2014","EU27_21","EU (without UK)",99.928622000,""
"Chikungunya virus disease","All cases - Data quality","Completeness Gender","%","2014","EU27_UK_21","EU (with UK until 2019)",99.882491000,""
"Chikungunya virus disease","All cases - Data quality","Completeness Gender","%","2014","EUEEA30_21","EU/EEA (without UK)",99.928622000,""
"Chikungunya virus disease","All cases - Data quality","Completeness Gender","%","2014","EUEEAUK_21","EU/EEA (with UK until 2019)",99.882491000,""
"Chikungunya virus disease","All cases - Data quality","Completeness Gender","%","2014","FI","Finland",100.000000000,""
"Chikungunya virus disease","All cases - Data quality","Completeness Gender","%","2014","FR","France",100.000000000,""
"Chikungunya virus disease","All cases - Data quality","Completeness Gender","%","2014","HR","Croatia",-,""
"Chikungunya virus disease","All cases - Data quality","Completeness Gender","%","2014","HU","Hungary",100.000000000,""
"Chikungunya virus disease","All cases - Data quality","Completeness Gender","%","2014","IE","Ireland",100.000000000,""
"Chikungunya virus disease","All cases - Data quality","Completeness Gender","%","2014","IT","Italy",100.000000000,""
"Chikungunya virus disease","All cases - Data quality","Completeness Gender","%","2014","LT","Lithuania",-,""
"Chikungunya virus disease","All cases - Data quality","Completeness Gender","%","2014","LU","Luxembourg",-,""
"Chikungunya virus disease","All cases - Data quality","Completeness Gender","%","2014","LV","Latvia",-,""
"Chikungunya virus disease","All cases - Data quality","Completeness Gender","%","2014","MT","Malta",-,""
"Chikungunya virus disease","All cases - Data quality","Completeness Gender","%","2014","NL","Netherlands",100.000000000,""
"Chikungunya virus disease","All cases - Data quality","Completeness Gender","%","2014","PL","Poland",-,""
"Chikungunya virus disease","All cases - Data quality","Completeness Gender","%","2014","RO","Romania",-,""
"Chikungunya virus disease","All cases - Data quality","Completeness Gender","%","2014","SE","Sweden",100.000000000,""
"Chikungunya virus disease","All cases - Data quality","Completeness Gender","%","2014","SI","Slovenia",-,""
"Chikungunya virus disease","All cases - Data quality","Completeness Gender","%","2014","SK","Slovakia",-,""
"Chikungunya virus disease","All cases - Data quality","Completeness Gender","%","2014","UK","United Kingdom",99.667774080,""
"Chikungunya virus disease","All cases - Data quality","Completeness Gender","%","2015","BE","Belgium",100.000000000,""
"Chikungunya virus disease","All cases - Data quality","Completeness Gender","%","2015","CZ","Czechia",100.000000000,""
"Chikungunya virus disease","All cases - Data quality","Completeness Gender","%","2015","DE","Germany",100.000000000,""
"Chikungunya virus disease","All cases - Data quality","Completeness Gender","%","2015","DK","Denmark",100.000000000,""
"Chikungunya virus disease","All cases - Data quality","Completeness Gender","%","2015","EE","Estonia",-,""
"Chikungunya virus disease","All cases - Data quality","Completeness Gender","%","2015","EL","Greece",-,""
"Chikungunya virus disease","All cases - Data quality","Completeness Gender","%","2015","ES","Spain",100.000000000,""
"Chikungunya virus disease","All cases - Data quality","Completeness Gender","%","2015","EU27_21","EU (without UK)",100.000000000,""
"Chikungunya virus disease","All cases - Data quality","Completeness Gender","%","2015","EU27_UK_21","EU (with UK until 2019)",98.907956000,""
"Chikungunya virus disease","All cases - Data quality","Completeness Gender","%","2015","EUEEA30_21","EU/EEA (without UK)",100.000000000,""
"Chikungunya virus disease","All cases - Data quality","Completeness Gender","%","2015","EUEEAUK_21","EU/EEA (with UK until 2019)",98.907956000,""
"Chikungunya virus disease","All cases - Data quality","Completeness Gender","%","2015","FI","Finland",100.000000000,""
"Chikungunya virus disease","All cases - Data quality","Completeness Gender","%","2015","FR","France",100.000000000,""
"Chikungunya virus disease","All cases - Data quality","Completeness Gender","%","2015","HR","Croatia",-,""
"Chikungunya virus disease","All cases - Data quality","Completeness Gender","%","2015","HU","Hungary",100.000000000,""
"Chikungunya virus disease","All cases - Data quality","Completeness Gender","%","2015","IE","Ireland",100.000000000,""
"Chikungunya virus disease","All cases - Data quality","Completeness Gender","%","2015","IT","Italy",100.000000000,""
"Chikungunya virus disease","All cases - Data quality","Completeness Gender","%","2015","LT","Lithuania",-,""
"Chikungunya virus disease","All cases - Data quality","Completeness Gender","%","2015","LU","Luxembourg",-,""
"Chikungunya virus disease","All cases - Data quality","Completeness Gender","%","2015","LV","Latvia",100.000000000,""
"Chikungunya virus disease","All cases - Data quality","Completeness Gender","%","2015","MT","Malta",-,""
"Chikungunya virus disease","All cases - Data quality","Completeness Gender","%","2015","NL","Netherlands",100.000000000,""
"Chikungunya virus disease","All cases - Data quality","Completeness Gender","%","2015","PL","Poland",-,""
"Chikungunya virus disease","All cases - Data quality","Completeness Gender","%","2015","PT","Portugal",-,""
"Chikungunya virus disease","All cases - Data quality","Completeness Gender","%","2015","RO","Romania",-,""
"Chikungunya virus disease","All cases - Data quality","Completeness Gender","%","2015","SE","Sweden",100.000000000,""
"Chikungunya virus disease","All cases - Data quality","Completeness Gender","%","2015","SI","Slovenia",-,""
"Chikungunya virus disease","All cases - Data quality","Completeness Gender","%","2015","SK","Slovakia",-,""
"Chikungunya virus disease","All cases - Data quality","Completeness Gender","%","2015","UK","United Kingdom",93.396226410,""
"Chikungunya virus disease","All cases - Data quality","Completeness Gender","%","2016","AT","Austria",100.000000000,""
"Chikungunya virus disease","All cases - Data quality","Completeness Gender","%","2016","BE","Belgium",100.000000000,""
"Chikungunya virus disease","All cases - Data quality","Completeness Gender","%","2016","CZ","Czechia",100.000000000,""
"Chikungunya virus disease","All cases - Data quality","Completeness Gender","%","2016","DE","Germany",100.000000000,""
"Chikungunya virus disease","All cases - Data quality","Completeness Gender","%","2016","DK","Denmark",100.000000000,""
"Chikungunya virus disease","All cases - Data quality","Completeness Gender","%","2016","EE","Estonia",-,""
"Chikungunya virus disease","All cases - Data quality","Completeness Gender","%","2016","EL","Greece",100.000000000,""
"Chikungunya virus disease","All cases - Data quality","Completeness Gender","%","2016","ES","Spain",100.000000000,""
"Chikungunya virus disease","All cases - Data quality","Completeness Gender","%","2016","EU27_21","EU (without UK)",100.000000000,""
"Chikungunya virus disease","All cases - Data quality","Completeness Gender","%","2016","EU27_UK_21","EU (with UK until 2019)",99.387755000,""
"Chikungunya virus disease","All cases - Data quality","Completeness Gender","%","2016","EUEEA30_21","EU/EEA (without UK)",100.000000000,""
"Chikungunya virus disease","All cases - Data quality","Completeness Gender","%","2016","EUEEAUK_21","EU/EEA (with UK until 2019)",99.387755000,""
"Chikungunya virus disease","All cases - Data quality","Completeness Gender","%","2016","FI","Finland",-,""
"Chikungunya virus disease","All cases - Data quality","Completeness Gender","%","2016","FR","France",100.000000000,""
"Chikungunya virus disease","All cases - Data quality","Completeness Gender","%","2016","HR","Croatia",-,""
"Chikungunya virus disease","All cases - Data quality","Completeness Gender","%","2016","HU","Hungary",100.000000000,""
"Chikungunya virus disease","All cases - Data quality","Completeness Gender","%","2016","IE","Ireland",-,""
"Chikungunya virus disease","All cases - Data quality","Completeness Gender","%","2016","IT","Italy",100.000000000,""
"Chikungunya virus disease","All cases - Data quality","Completeness Gender","%","2016","LT","Lithuania",-,""
"Chikungunya virus disease","All cases - Data quality","Completeness Gender","%","2016","LU","Luxembourg",-,""
"Chikungunya virus disease","All cases - Data quality","Completeness Gender","%","2016","LV","Latvia",-,""
"Chikungunya virus disease","All cases - Data quality","Completeness Gender","%","2016","MT","Malta",100.000000000,""
"Chikungunya virus disease","All cases - Data quality","Completeness Gender","%","2016","NL","Netherlands",100.000000000,""
"Chikungunya virus disease","All cases - Data quality","Completeness Gender","%","2016","PL","Poland",-,""
"Chikungunya virus disease","All cases - Data quality","Completeness Gender","%","2016","PT","Portugal",100.000000000,""
"Chikungunya virus disease","All cases - Data quality","Completeness Gender","%","2016","RO","Romania",-,""
"Chikungunya virus disease","All cases - Data quality","Completeness Gender","%","2016","SE","Sweden",100.000000000,""
"Chikungunya virus disease","All cases - Data quality","Completeness Gender","%","2016","SI","Slovenia",100.000000000,""
"Chikungunya virus disease","All cases - Data quality","Completeness Gender","%","2016","SK","Slovakia",-,""
"Chikungunya virus disease","All cases - Data quality","Completeness Gender","%","2016","UK","United Kingdom",98.224852070,""
"Chikungunya virus disease","All cases - Data quality","Completeness Gender","%","2017","AT","Austria",100.000000000,""
"Chikungunya virus disease","All cases - Data quality","Completeness Gender","%","2017","BE","Belgium",100.000000000,""
"Chikungunya virus disease","All cases - Data quality","Completeness Gender","%","2017","CZ","Czechia",-,""
"Chikungunya virus disease","All cases - Data quality","Completeness Gender","%","2017","DE","Germany",100.000000000,""
"Chikungunya virus disease","All cases - Data quality","Completeness Gender","%","2017","DK","Denmark",100.000000000,""
"Chikungunya virus disease","All cases - Data quality","Completeness Gender","%","2017","EE","Estonia",-,""
"Chikungunya virus disease","All cases - Data quality","Completeness Gender","%","2017","EL","Greece",-,""
"Chikungunya virus disease","All cases - Data quality","Completeness Gender","%","2017","ES","Spain",100.000000000,""
"Chikungunya virus disease","All cases - Data quality","Completeness Gender","%","2017","EU27_21","EU (without UK)",100.000000000,""
"Chikungunya virus disease","All cases - Data quality","Completeness Gender","%","2017","EU27_UK_21","EU (with UK until 2019)",99.267399000,""
"Chikungunya virus disease","All cases - Data quality","Completeness Gender","%","2017","EUEEA30_21","EU/EEA (without UK)",100.000000000,""
"Chikungunya virus disease","All cases - Data quality","Completeness Gender","%","2017","EUEEAUK_21","EU/EEA (with UK until 2019)",99.267399000,""
"Chikungunya virus disease","All cases - Data quality","Completeness Gender","%","2017","FI","Finland",100.000000000,""
"Chikungunya virus disease","All cases - Data quality","Completeness Gender","%","2017","FR","France",100.000000000,""
"Chikungunya virus disease","All cases - Data quality","Completeness Gender","%","2017","HR","Croatia",-,""
"Chikungunya virus disease","All cases - Data quality","Completeness Gender","%","2017","HU","Hungary",100.000000000,""
"Chikungunya virus disease","All cases - Data quality","Completeness Gender","%","2017","IE","Ireland",-,""
"Chikungunya virus disease","All cases - Data quality","Completeness Gender","%","2017","IT","Italy",100.000000000,""
"Chikungunya virus disease","All cases - Data quality","Completeness Gender","%","2017","LT","Lithuania",-,""
"Chikungunya virus disease","All cases - Data quality","Completeness Gender","%","2017","LU","Luxembourg",-,""
"Chikungunya virus disease","All cases - Data quality","Completeness Gender","%","2017","LV","Latvia",-,""
"Chikungunya virus disease","All cases - Data quality","Completeness Gender","%","2017","MT","Malta",-,""
"Chikungunya virus disease","All cases - Data quality","Completeness Gender","%","2017","NL","Netherlands",-,""
"Chikungunya virus disease","All cases - Data quality","Completeness Gender","%","2017","PL","Poland",-,""
"Chikungunya virus disease","All cases - Data quality","Completeness Gender","%","2017","PT","Portugal",-,""
"Chikungunya virus disease","All cases - Data quality","Completeness Gender","%","2017","RO","Romania",-,""
"Chikungunya virus disease","All cases - Data quality","Completeness Gender","%","2017","SE","Sweden",100.000000000,""
"Chikungunya virus disease","All cases - Data quality","Completeness Gender","%","2017","SI","Slovenia",-,""
"Chikungunya virus disease","All cases - Data quality","Completeness Gender","%","2017","SK","Slovakia",-,""
"Chikungunya virus disease","All cases - Data quality","Completeness Gender","%","2017","UK","United Kingdom",96.153846150,""
"Chikungunya virus disease","All cases - Data quality","Completeness Gender","%","2018","AT","Austria",100.000000000,""
"Chikungunya virus disease","All cases - Data quality","Completeness Gender","%","2018","BE","Belgium",100.000000000,""
"Chikungunya virus disease","All cases - Data quality","Completeness Gender","%","2018","CZ","Czechia",100.000000000,""
"Chikungunya virus disease","All cases - Data quality","Completeness Gender","%","2018","DE","Germany",100.000000000,""
"Chikungunya virus disease","All cases - Data quality","Completeness Gender","%","2018","DK","Denmark",100.000000000,""
"Chikungunya virus disease","All cases - Data quality","Completeness Gender","%","2018","EE","Estonia",-,""
"Chikungunya virus disease","All cases - Data quality","Completeness Gender","%","2018","EL","Greece",100.000000000,""
"Chikungunya virus disease","All cases - Data quality","Completeness Gender","%","2018","ES","Spain",100.000000000,""
"Chikungunya virus disease","All cases - Data quality","Completeness Gender","%","2018","EU27_21","EU (without UK)",100.000000000,""
"Chikungunya virus disease","All cases - Data quality","Completeness Gender","%","2018","EU27_UK_21","EU (with UK until 2019)",98.830409000,""
"Chikungunya virus disease","All cases - Data quality","Completeness Gender","%","2018","EUEEA30_21","EU/EEA (without UK)",100.000000000,""
"Chikungunya virus disease","All cases - Data quality","Completeness Gender","%","2018","EUEEAUK_21","EU/EEA (with UK until 2019)",98.830409000,""
"Chikungunya virus disease","All cases - Data quality","Completeness Gender","%","2018","FI","Finland",100.000000000,""
"Chikungunya virus disease","All cases - Data quality","Completeness Gender","%","2018","FR","France",100.000000000,""
"Chikungunya virus disease","All cases - Data quality","Completeness Gender","%","2018","HR","Croatia",-,""
"Chikungunya virus disease","All cases - Data quality","Completeness Gender","%","2018","HU","Hungary",100.000000000,""
"Chikungunya virus disease","All cases - Data quality","Completeness Gender","%","2018","IE","Ireland",-,""
"Chikungunya virus disease","All cases - Data quality","Completeness Gender","%","2018","IT","Italy",100.000000000,""
"Chikungunya virus disease","All cases - Data quality","Completeness Gender","%","2018","LT","Lithuania",-,""
"Chikungunya virus disease","All cases - Data quality","Completeness Gender","%","2018","LU","Luxembourg",-,""
"Chikungunya virus disease","All cases - Data quality","Completeness Gender","%","2018","LV","Latvia",-,""
"Chikungunya virus disease","All cases - Data quality","Completeness Gender","%","2018","MT","Malta",-,""
"Chikungunya virus disease","All cases - Data quality","Completeness Gender","%","2018","NL","Netherlands",-,""
"Chikungunya virus disease","All cases - Data quality","Completeness Gender","%","2018","PL","Poland",-,""
"Chikungunya virus disease","All cases - Data quality","Completeness Gender","%","2018","PT","Portugal",100.000000000,""
"Chikungunya virus disease","All cases - Data quality","Completeness Gender","%","2018","RO","Romania",100.000000000,""
"Chikungunya virus disease","All cases - Data quality","Completeness Gender","%","2018","SE","Sweden",100.000000000,""
"Chikungunya virus disease","All cases - Data quality","Completeness Gender","%","2018","SI","Slovenia",-,""
"Chikungunya virus disease","All cases - Data quality","Completeness Gender","%","2018","SK","Slovakia",-,""
"Chikungunya virus disease","All cases - Data quality","Completeness Gender","%","2018","UK","United Kingdom",96.610169490,""
"Chikungunya virus disease","All cases - Data quality","Completeness Gender","%","2019","AT","Austria",100.000000000,""
"Chikungunya virus disease","All cases - Data quality","Completeness Gender","%","2019","BE","Belgium",100.000000000,""
"Chikungunya virus disease","All cases - Data quality","Completeness Gender","%","2019","CZ","Czechia",100.000000000,""
"Chikungunya virus disease","All cases - Data quality","Completeness Gender","%","2019","DE","Germany",100.000000000,""
"Chikungunya virus disease","All cases - Data quality","Completeness Gender","%","2019","DK","Denmark",100.000000000,""
"Chikungunya virus disease","All cases - Data quality","Completeness Gender","%","2019","EE","Estonia",-,""
"Chikungunya virus disease","All cases - Data quality","Completeness Gender","%","2019","EL","Greece",100.000000000,""
"Chikungunya virus disease","All cases - Data quality","Completeness Gender","%","2019","ES","Spain",100.000000000,""
"Chikungunya virus disease","All cases - Data quality","Completeness Gender","%","2019","EU27_21","EU (without UK)",100.000000000,""
"Chikungunya virus disease","All cases - Data quality","Completeness Gender","%","2019","EU27_UK_21","EU (with UK until 2019)",99.629629000,""
"Chikungunya virus disease","All cases - Data quality","Completeness Gender","%","2019","EUEEA30_21","EU/EEA (without UK)",100.000000000,""
"Chikungunya virus disease","All cases - Data quality","Completeness Gender","%","2019","EUEEAUK_21","EU/EEA (with UK until 2019)",99.629629000,""
"Chikungunya virus disease","All cases - Data quality","Completeness Gender","%","2019","FI","Finland",100.000000000,""
"Chikungunya virus disease","All cases - Data quality","Completeness Gender","%","2019","FR","France",100.000000000,""
"Chikungunya virus disease","All cases - Data quality","Completeness Gender","%","2019","HR","Croatia",-,""
"Chikungunya virus disease","All cases - Data quality","Completeness Gender","%","2019","HU","Hungary",100.000000000,""
"Chikungunya virus disease","All cases - Data quality","Completeness Gender","%","2019","IE","Ireland",100.000000000,""
"Chikungunya virus disease","All cases - Data quality","Completeness Gender","%","2019","IT","Italy",100.000000000,""
"Chikungunya virus disease","All cases - Data quality","Completeness Gender","%","2019","LT","Lithuania",-,""
"Chikungunya virus disease","All cases - Data quality","Completeness Gender","%","2019","LU","Luxembourg",100.000000000,""
"Chikungunya virus disease","All cases - Data quality","Completeness Gender","%","2019","LV","Latvia",-,""
"Chikungunya virus disease","All cases - Data quality","Completeness Gender","%","2019","MT","Malta",-,""
"Chikungunya virus disease","All cases - Data quality","Completeness Gender","%","2019","NL","Netherlands",-,""
"Chikungunya virus disease","All cases - Data quality","Completeness Gender","%","2019","PL","Poland",100.000000000,""
"Chikungunya virus disease","All cases - Data quality","Completeness Gender","%","2019","PT","Portugal",-,""
"Chikungunya virus disease","All cases - Data quality","Completeness Gender","%","2019","RO","Romania",-,""
"Chikungunya virus disease","All cases - Data quality","Completeness Gender","%","2019","SE","Sweden",100.000000000,""
"Chikungunya virus disease","All cases - Data quality","Completeness Gender","%","2019","SI","Slovenia",-,""
"Chikungunya virus disease","All cases - Data quality","Completeness Gender","%","2019","SK","Slovakia",-,""
"Chikungunya virus disease","All cases - Data quality","Completeness Gender","%","2019","UK","United Kingdom",97.872340420,""
"Chikungunya virus disease","All cases - Data quality","Completeness Gender","%","2020","AT","Austria",-,""
"Chikungunya virus disease","All cases - Data quality","Completeness Gender","%","2020","BE","Belgium",100.000000000,""
"Chikungunya virus disease","All cases - Data quality","Completeness Gender","%","2020","CZ","Czechia",-,""
"Chikungunya virus disease","All cases - Data quality","Completeness Gender","%","2020","DE","Germany",100.000000000,""
"Chikungunya virus disease","All cases - Data quality","Completeness Gender","%","2020","DK","Denmark",100.000000000,""
"Chikungunya virus disease","All cases - Data quality","Completeness Gender","%","2020","EE","Estonia",-,""
"Chikungunya virus disease","All cases - Data quality","Completeness Gender","%","2020","EL","Greece",-,""
"Chikungunya virus disease","All cases - Data quality","Completeness Gender","%","2020","ES","Spain",100.000000000,""
"Chikungunya virus disease","All cases - Data quality","Completeness Gender","%","2020","EU27_21","EU (without UK)",100.000000000,""
"Chikungunya virus disease","All cases - Data quality","Completeness Gender","%","2020","EU27_UK_21","EU (with UK until 2019)",100.000000000,""
"Chikungunya virus disease","All cases - Data quality","Completeness Gender","%","2020","EUEEA30_21","EU/EEA (without UK)",100.000000000,""
"Chikungunya virus disease","All cases - Data quality","Completeness Gender","%","2020","EUEEAUK_21","EU/EEA (with UK until 2019)",100.000000000,""
"Chikungunya virus disease","All cases - Data quality","Completeness Gender","%","2020","FI","Finland",100.000000000,""
"Chikungunya virus disease","All cases - Data quality","Completeness Gender","%","2020","FR","France",100.000000000,""
"Chikungunya virus disease","All cases - Data quality","Completeness Gender","%","2020","HR","Croatia",-,""
"Chikungunya virus disease","All cases - Data quality","Completeness Gender","%","2020","HU","Hungary",-,""
"Chikungunya virus disease","All cases - Data quality","Completeness Gender","%","2020","IE","Ireland",-,""
"Chikungunya virus disease","All cases - Data quality","Completeness Gender","%","2020","IT","Italy",100.000000000,""
"Chikungunya virus disease","All cases - Data quality","Completeness Gender","%","2020","LT","Lithuania",-,""
"Chikungunya virus disease","All cases - Data quality","Completeness Gender","%","2020","LU","Luxembourg",-,""
"Chikungunya virus disease","All cases - Data quality","Completeness Gender","%","2020","LV","Latvia",-,""
"Chikungunya virus disease","All cases - Data quality","Completeness Gender","%","2020","MT","Malta",-,""
"Chikungunya virus disease","All cases - Data quality","Completeness Gender","%","2020","NL","Netherlands",-,""
"Chikungunya virus disease","All cases - Data quality","Completeness Gender","%","2020","PL","Poland",-,""
"Chikungunya virus disease","All cases - Data quality","Completeness Gender","%","2020","PT","Portugal",-,""
"Chikungunya virus disease","All cases - Data quality","Completeness Gender","%","2020","RO","Romania",-,""
"Chikungunya virus disease","All cases - Data quality","Completeness Gender","%","2020","SE","Sweden",100.000000000,""
"Chikungunya virus disease","All cases - Data quality","Completeness Gender","%","2020","SI","Slovenia",-,""
"Chikungunya virus disease","All cases - Data quality","Completeness Gender","%","2020","SK","Slovakia",-,""
"Chikungunya virus disease","All cases - Data quality","Completeness Gender","%","2021","AT","Austria",-,""
"Chikungunya virus disease","All cases - Data quality","Completeness Gender","%","2021","BE","Belgium",100.000000000,""
"Chikungunya virus disease","All cases - Data quality","Completeness Gender","%","2021","CZ","Czechia",-,""
"Chikungunya virus disease","All cases - Data quality","Completeness Gender","%","2021","DE","Germany",100.000000000,""
"Chikungunya virus disease","All cases - Data quality","Completeness Gender","%","2021","DK","Denmark",-,""
"Chikungunya virus disease","All cases - Data quality","Completeness Gender","%","2021","EE","Estonia",-,""
"Chikungunya virus disease","All cases - Data quality","Completeness Gender","%","2021","EL","Greece",-,""
"Chikungunya virus disease","All cases - Data quality","Completeness Gender","%","2021","ES","Spain",100.000000000,""
"Chikungunya virus disease","All cases - Data quality","Completeness Gender","%","2021","EU27_21","EU (without UK)",100.000000000,""
"Chikungunya virus disease","All cases - Data quality","Completeness Gender","%","2021","EU27_UK_21","EU (with UK until 2019)",100.000000000,""
"Chikungunya virus disease","All cases - Data quality","Completeness Gender","%","2021","EUEEA30_21","EU/EEA (without UK)",100.000000000,""
"Chikungunya virus disease","All cases - Data quality","Completeness Gender","%","2021","EUEEAUK_21","EU/EEA (with UK until 2019)",100.000000000,""
"Chikungunya virus disease","All cases - Data quality","Completeness Gender","%","2021","FI","Finland",-,""
"Chikungunya virus disease","All cases - Data quality","Completeness Gender","%","2021","FR","France",100.000000000,""
"Chikungunya virus disease","All cases - Data quality","Completeness Gender","%","2021","HR","Croatia",-,""
"Chikungunya virus disease","All cases - Data quality","Completeness Gender","%","2021","HU","Hungary",-,""
"Chikungunya virus disease","All cases - Data quality","Completeness Gender","%","2021","IE","Ireland",-,""
"Chikungunya virus disease","All cases - Data quality","Completeness Gender","%","2021","IT","Italy",-,""
"Chikungunya virus disease","All cases - Data quality","Completeness Gender","%","2021","LI","Liechtenstein",-,""
"Chikungunya virus disease","All cases - Data quality","Completeness Gender","%","2021","LT","Lithuania",-,""
"Chikungunya virus disease","All cases - Data quality","Completeness Gender","%","2021","LU","Luxembourg",-,""
"Chikungunya virus disease","All cases - Data quality","Completeness Gender","%","2021","LV","Latvia",-,""
"Chikungunya virus disease","All cases - Data quality","Completeness Gender","%","2021","MT","Malta",-,""
"Chikungunya virus disease","All cases - Data quality","Completeness Gender","%","2021","NL","Netherlands",-,""
"Chikungunya virus disease","All cases - Data quality","Completeness Gender","%","2021","PL","Poland",-,""
"Chikungunya virus disease","All cases - Data quality","Completeness Gender","%","2021","PT","Portugal",-,""
"Chikungunya virus disease","All cases - Data quality","Completeness Gender","%","2021","RO","Romania",-,""
"Chikungunya virus disease","All cases - Data quality","Completeness Gender","%","2021","SE","Sweden",100.000000000,""
"Chikungunya virus disease","All cases - Data quality","Completeness Gender","%","2021","SI","Slovenia",-,""
"Chikungunya virus disease","All cases - Data quality","Completeness Gender","%","2021","SK","Slovakia",-,""
"Chikungunya virus disease","All cases - Data quality","Completeness Gender","%","2022","AT","Austria",100.000000000,""
"Chikungunya virus disease","All cases - Data quality","Completeness Gender","%","2022","BE","Belgium",100.000000000,""
"Chikungunya virus disease","All cases - Data quality","Completeness Gender","%","2022","CZ","Czechia",100.000000000,""
"Chikungunya virus disease","All cases - Data quality","Completeness Gender","%","2022","DE","Germany",93.750000000,""
"Chikungunya virus disease","All cases - Data quality","Completeness Gender","%","2022","DK","Denmark",-,""
"Chikungunya virus disease","All cases - Data quality","Completeness Gender","%","2022","EE","Estonia",-,""
"Chikungunya virus disease","All cases - Data quality","Completeness Gender","%","2022","EL","Greece",-,""
"Chikungunya virus disease","All cases - Data quality","Completeness Gender","%","2022","ES","Spain",100.000000000,""
"Chikungunya virus disease","All cases - Data quality","Completeness Gender","%","2022","EU27_21","EU (without UK)",97.500000000,""
"Chikungunya virus disease","All cases - Data quality","Completeness Gender","%","2022","EU27_UK_21","EU (with UK until 2019)",97.500000000,""
"Chikungunya virus disease","All cases - Data quality","Completeness Gender","%","2022","EUEEA30_21","EU/EEA (without UK)",97.500000000,""
"Chikungunya virus disease","All cases - Data quality","Completeness Gender","%","2022","EUEEAUK_21","EU/EEA (with UK until 2019)",97.500000000,""
"Chikungunya virus disease","All cases - Data quality","Completeness Gender","%","2022","FI","Finland",-,""
"Chikungunya virus disease","All cases - Data quality","Completeness Gender","%","2022","FR","France",100.000000000,""
"Chikungunya virus disease","All cases - Data quality","Completeness Gender","%","2022","HR","Croatia",-,""
"Chikungunya virus disease","All cases - Data quality","Completeness Gender","%","2022","HU","Hungary",100.000000000,""
"Chikungunya virus disease","All cases - Data quality","Completeness Gender","%","2022","IE","Ireland",-,""
"Chikungunya virus disease","All cases - Data quality","Completeness Gender","%","2022","IS","Iceland",-,""
"Chikungunya virus disease","All cases - Data quality","Completeness Gender","%","2022","IT","Italy",-,""
"Chikungunya virus disease","All cases - Data quality","Completeness Gender","%","2022","LI","Liechtenstein",-,""
"Chikungunya virus disease","All cases - Data quality","Completeness Gender","%","2022","LT","Lithuania",-,""
"Chikungunya virus disease","All cases - Data quality","Completeness Gender","%","2022","LU","Luxembourg",-,""
"Chikungunya virus disease","All cases - Data quality","Completeness Gender","%","2022","LV","Latvia",-,""
"Chikungunya virus disease","All cases - Data quality","Completeness Gender","%","2022","MT","Malta",100.000000000,""
"Chikungunya virus disease","All cases - Data quality","Completeness Gender","%","2022","NL","Netherlands",100.000000000,""
"Chikungunya virus disease","All cases - Data quality","Completeness Gender","%","2022","PL","Poland",100.000000000,""
"Chikungunya virus disease","All cases - Data quality","Completeness Gender","%","2022","PT","Portugal",-,""
"Chikungunya virus disease","All cases - Data quality","Completeness Gender","%","2022","RO","Romania",-,""
"Chikungunya virus disease","All cases - Data quality","Completeness Gender","%","2022","SE","Sweden",100.000000000,""
"Chikungunya virus disease","All cases - Data quality","Completeness Gender","%","2022","SI","Slovenia",-,""
"Chikungunya virus disease","All cases - Data quality","Completeness Gender","%","2022","SK","Slovakia",-,""
"Chikungunya virus disease","All cases - Data quality","Completeness Gender","%","2023","AT","Austria",100.000000000,""
"Chikungunya virus disease","All cases - Data quality","Completeness Gender","%","2023","BE","Belgium",100.000000000,""
"Chikungunya virus disease","All cases - Data quality","Completeness Gender","%","2023","CZ","Czechia",100.000000000,""
"Chikungunya virus disease","All cases - Data quality","Completeness Gender","%","2023","DE","Germany",100.000000000,""
"Chikungunya virus disease","All cases - Data quality","Completeness Gender","%","2023","DK","Denmark",100.000000000,""
"Chikungunya virus disease","All cases - Data quality","Completeness Gender","%","2023","EE","Estonia",-,""
"Chikungunya virus disease","All cases - Data quality","Completeness Gender","%","2023","EL","Greece",-,""
"Chikungunya virus disease","All cases - Data quality","Completeness Gender","%","2023","ES","Spain",99.476439790,""
"Chikungunya virus disease","All cases - Data quality","Completeness Gender","%","2023","EU27_21","EU (without UK)",99.736842000,""
"Chikungunya virus disease","All cases - Data quality","Completeness Gender","%","2023","EU27_UK_21","EU (with UK until 2019)",99.736842000,""
"Chikungunya virus disease","All cases - Data quality","Completeness Gender","%","2023","EUEEA30_21","EU/EEA (without UK)",99.736842000,""
"Chikungunya virus disease","All cases - Data quality","Completeness Gender","%","2023","EUEEAUK_21","EU/EEA (with UK until 2019)",99.736842000,""
"Chikungunya virus disease","All cases - Data quality","Completeness Gender","%","2023","FI","Finland",100.000000000,""
"Chikungunya virus disease","All cases - Data quality","Completeness Gender","%","2023","FR","France",100.000000000,""
"Chikungunya virus disease","All cases - Data quality","Completeness Gender","%","2023","HR","Croatia",-,""
"Chikungunya virus disease","All cases - Data quality","Completeness Gender","%","2023","HU","Hungary",100.000000000,""
"Chikungunya virus disease","All cases - Data quality","Completeness Gender","%","2023","IE","Ireland",-,""
"Chikungunya virus disease","All cases - Data quality","Completeness Gender","%","2023","IS","Iceland",-,""
"Chikungunya virus disease","All cases - Data quality","Completeness Gender","%","2023","IT","Italy",100.000000000,""
"Chikungunya virus disease","All cases - Data quality","Completeness Gender","%","2023","LI","Liechtenstein",-,""
"Chikungunya virus disease","All cases - Data quality","Completeness Gender","%","2023","LT","Lithuania",-,""
"Chikungunya virus disease","All cases - Data quality","Completeness Gender","%","2023","LU","Luxembourg",-,""
"Chikungunya virus disease","All cases - Data quality","Completeness Gender","%","2023","LV","Latvia",100.000000000,""
"Chikungunya virus disease","All cases - Data quality","Completeness Gender","%","2023","MT","Malta",-,""
"Chikungunya virus disease","All cases - Data quality","Completeness Gender","%","2023","NL","Netherlands",-,""
"Chikungunya virus disease","All cases - Data quality","Completeness Gender","%","2023","PL","Poland",100.000000000,""
"Chikungunya virus disease","All cases - Data quality","Completeness Gender","%","2023","PT","Portugal",100.000000000,""
"Chikungunya virus disease","All cases - Data quality","Completeness Gender","%","2023","RO","Romania",100.000000000,""
"Chikungunya virus disease","All cases - Data quality","Completeness Gender","%","2023","SE","Sweden",100.000000000,""
"Chikungunya virus disease","All cases - Data quality","Completeness Gender","%","2023","SI","Slovenia",-,""
"Chikungunya virus disease","All cases - Data quality","Completeness Gender","%","2023","SK","Slovakia",-,""
"Chikungunya virus disease","All cases - Data quality","Completeness Gender","%","2024","AT","Austria",100.000000000,""
"Chikungunya virus disease","All cases - Data quality","Completeness Gender","%","2024","BE","Belgium",100.000000000,""
"Chikungunya virus disease","All cases - Data quality","Completeness Gender","%","2024","CY","Cyprus",-,""
"Chikungunya virus disease","All cases - Data quality","Completeness Gender","%","2024","CZ","Czechia",100.000000000,""
"Chikungunya virus disease","All cases - Data quality","Completeness Gender","%","2024","DE","Germany",100.000000000,""
"Chikungunya virus disease","All cases - Data quality","Completeness Gender","%","2024","DK","Denmark",100.000000000,""
"Chikungunya virus disease","All cases - Data quality","Completeness Gender","%","2024","EE","Estonia",-,""
"Chikungunya virus disease","All cases - Data quality","Completeness Gender","%","2024","EL","Greece",-,""
"Chikungunya virus disease","All cases - Data quality","Completeness Gender","%","2024","ES","Spain",100.000000000,""
"Chikungunya virus disease","All cases - Data quality","Completeness Gender","%","2024","EU27_21","EU (without UK)",100.000000000,""
"Chikungunya virus disease","All cases - Data quality","Completeness Gender","%","2024","EU27_UK_21","EU (with UK until 2019)",100.000000000,""
"Chikungunya virus disease","All cases - Data quality","Completeness Gender","%","2024","EUEEA30_21","EU/EEA (without UK)",100.000000000,""
"Chikungunya virus disease","All cases - Data quality","Completeness Gender","%","2024","EUEEAUK_21","EU/EEA (with UK until 2019)",100.000000000,""
"Chikungunya virus disease","All cases - Data quality","Completeness Gender","%","2024","FI","Finland",100.000000000,""
"Chikungunya virus disease","All cases - Data quality","Completeness Gender","%","2024","FR","France",100.000000000,""
"Chikungunya virus disease","All cases - Data quality","Completeness Gender","%","2024","HR","Croatia",-,""
"Chikungunya virus disease","All cases - Data quality","Completeness Gender","%","2024","HU","Hungary",100.000000000,""
"Chikungunya virus disease","All cases - Data quality","Completeness Gender","%","2024","IE","Ireland",-,""
"Chikungunya virus disease","All cases - Data quality","Completeness Gender","%","2024","IS","Iceland",-,""
"Chikungunya virus disease","All cases - Data quality","Completeness Gender","%","2024","IT","Italy",100.000000000,""
"Chikungunya virus disease","All cases - Data quality","Completeness Gender","%","2024","LI","Liechtenstein",100.000000000,""
"Chikungunya virus disease","All cases - Data quality","Completeness Gender","%","2024","LT","Lithuania",-,""
"Chikungunya virus disease","All cases - Data quality","Completeness Gender","%","2024","LU","Luxembourg",100.000000000,""
"Chikungunya virus disease","All cases - Data quality","Completeness Gender","%","2024","LV","Latvia",-,""
"Chikungunya virus disease","All cases - Data quality","Completeness Gender","%","2024","MT","Malta",100.000000000,""
"Chikungunya virus disease","All cases - Data quality","Completeness Gender","%","2024","NL","Netherlands",-,""
"Chikungunya virus disease","All cases - Data quality","Completeness Gender","%","2024","PL","Poland",100.000000000,""
"Chikungunya virus disease","All cases - Data quality","Completeness Gender","%","2024","PT","Portugal",100.000000000,""
"Chikungunya virus disease","All cases - Data quality","Completeness Gender","%","2024","RO","Romania",100.000000000,""
"Chikungunya virus disease","All cases - Data quality","Completeness Gender","%","2024","SE","Sweden",100.000000000,""
"Chikungunya virus disease","All cases - Data quality","Completeness Gender","%","2024","SI","Slovenia",-,""
"Chikungunya virus disease","All cases - Data quality","Completeness Gender","%","2024","SK","Slovakia",-,""
"Chikungunya virus disease","Locally acquired cases","Age standardised rate","N/100000","2008","AT","Austria",0.000000000,""
"Chikungunya virus disease","Locally acquired cases","Age standardised rate","N/100000","2008","BE","Belgium",0.000000000,""
"Chikungunya virus disease","Locally acquired cases","Age standardised rate","N/100000","2008","CZ","Czechia",0.000000000,""
"Chikungunya virus disease","Locally acquired cases","Age standardised rate","N/100000","2008","DE","Germany",0.000000000,""
"Chikungunya virus disease","Locally acquired cases","Age standardised rate","N/100000","2008","EE","Estonia",0.000000000,""
"Chikungunya virus disease","Locally acquired cases","Age standardised rate","N/100000","2008","EL","Greece",0.000000000,""
"Chikungunya virus disease","Locally acquired cases","Age standardised rate","N/100000","2008","ES","Spain",-,""
"Chikungunya virus disease","Locally acquired cases","Age standardised rate","N/100000","2008","EU27_21","EU (without UK)",0.000000000,""
"Chikungunya virus disease","Locally acquired cases","Age standardised rate","N/100000","2008","EU27_UK_21","EU (with UK until 2019)",0.000000000,""
"Chikungunya virus disease","Locally acquired cases","Age standardised rate","N/100000","2008","EUEEA30_21","EU/EEA (without UK)",0.000000000,""
"Chikungunya virus disease","Locally acquired cases","Age standardised rate","N/100000","2008","EUEEAUK_21","EU/EEA (with UK until 2019)",0.000000000,""
"Chikungunya virus disease","Locally acquired cases","Age standardised rate","N/100000","2008","FI","Finland",0.000000000,""
"Chikungunya virus disease","Locally acquired cases","Age standardised rate","N/100000","2008","FR","France",0.000000000,""
"Chikungunya virus disease","Locally acquired cases","Age standardised rate","N/100000","2008","HU","Hungary",0.000000000,""
"Chikungunya virus disease","Locally acquired cases","Age standardised rate","N/100000","2008","IE","Ireland",0.000000000,""
"Chikungunya virus disease","Locally acquired cases","Age standardised rate","N/100000","2008","IT","Italy",0.000000000,""
"Chikungunya virus disease","Locally acquired cases","Age standardised rate","N/100000","2008","LT","Lithuania",0.000000000,""
"Chikungunya virus disease","Locally acquired cases","Age standardised rate","N/100000","2008","LU","Luxembourg",0.000000000,""
"Chikungunya virus disease","Locally acquired cases","Age standardised rate","N/100000","2008","LV","Latvia",0.000000000,""
"Chikungunya virus disease","Locally acquired cases","Age standardised rate","N/100000","2008","MT","Malta",0.000000000,""
"Chikungunya virus disease","Locally acquired cases","Age standardised rate","N/100000","2008","PL","Poland",0.000000000,""
"Chikungunya virus disease","Locally acquired cases","Age standardised rate","N/100000","2008","RO","Romania",0.000000000,""
"Chikungunya virus disease","Locally acquired cases","Age standardised rate","N/100000","2008","SI","Slovenia",0.000000000,""
"Chikungunya virus disease","Locally acquired cases","Age standardised rate","N/100000","2008","SK","Slovakia",0.000000000,""
"Chikungunya virus disease","Locally acquired cases","Age standardised rate","N/100000","2008","UK","United Kingdom",0.000000000,""
"Chikungunya virus disease","Locally acquired cases","Age standardised rate","N/100000","2009","AT","Austria",0.000000000,""
"Chikungunya virus disease","Locally acquired cases","Age standardised rate","N/100000","2009","BE","Belgium",0.000000000,""
"Chikungunya virus disease","Locally acquired cases","Age standardised rate","N/100000","2009","CZ","Czechia",0.000000000,""
"Chikungunya virus disease","Locally acquired cases","Age standardised rate","N/100000","2009","DE","Germany",0.000000000,""
"Chikungunya virus disease","Locally acquired cases","Age standardised rate","N/100000","2009","EE","Estonia",0.000000000,""
"Chikungunya virus disease","Locally acquired cases","Age standardised rate","N/100000","2009","EL","Greece",0.000000000,""
"Chikungunya virus disease","Locally acquired cases","Age standardised rate","N/100000","2009","ES","Spain",-,""
"Chikungunya virus disease","Locally acquired cases","Age standardised rate","N/100000","2009","EU27_21","EU (without UK)",0.000000000,""
"Chikungunya virus disease","Locally acquired cases","Age standardised rate","N/100000","2009","EU27_UK_21","EU (with UK until 2019)",0.000000000,""
"Chikungunya virus disease","Locally acquired cases","Age standardised rate","N/100000","2009","EUEEA30_21","EU/EEA (without UK)",0.000000000,""
"Chikungunya virus disease","Locally acquired cases","Age standardised rate","N/100000","2009","EUEEAUK_21","EU/EEA (with UK until 2019)",0.000000000,""
"Chikungunya virus disease","Locally acquired cases","Age standardised rate","N/100000","2009","FI","Finland",0.000000000,""
"Chikungunya virus disease","Locally acquired cases","Age standardised rate","N/100000","2009","FR","France",0.000000000,""
"Chikungunya virus disease","Locally acquired cases","Age standardised rate","N/100000","2009","HU","Hungary",0.000000000,""
"Chikungunya virus disease","Locally acquired cases","Age standardised rate","N/100000","2009","IE","Ireland",0.000000000,""
"Chikungunya virus disease","Locally acquired cases","Age standardised rate","N/100000","2009","IT","Italy",0.000000000,""
"Chikungunya virus disease","Locally acquired cases","Age standardised rate","N/100000","2009","LT","Lithuania",0.000000000,""
"Chikungunya virus disease","Locally acquired cases","Age standardised rate","N/100000","2009","LU","Luxembourg",0.000000000,""
"Chikungunya virus disease","Locally acquired cases","Age standardised rate","N/100000","2009","LV","Latvia",0.000000000,""
"Chikungunya virus disease","Locally acquired cases","Age standardised rate","N/100000","2009","MT","Malta",0.000000000,""
"Chikungunya virus disease","Locally acquired cases","Age standardised rate","N/100000","2009","PL","Poland",0.000000000,""
"Chikungunya virus disease","Locally acquired cases","Age standardised rate","N/100000","2009","RO","Romania",0.000000000,""
"Chikungunya virus disease","Locally acquired cases","Age standardised rate","N/100000","2009","SE","Sweden",0.000000000,""
"Chikungunya virus disease","Locally acquired cases","Age standardised rate","N/100000","2009","SI","Slovenia",0.000000000,""
"Chikungunya virus disease","Locally acquired cases","Age standardised rate","N/100000","2009","SK","Slovakia",0.000000000,""
"Chikungunya virus disease","Locally acquired cases","Age standardised rate","N/100000","2009","UK","United Kingdom",0.000000000,""
"Chikungunya virus disease","Locally acquired cases","Age standardised rate","N/100000","2010","AT","Austria",0.000000000,""
"Chikungunya virus disease","Locally acquired cases","Age standardised rate","N/100000","2010","BE","Belgium",0.000000000,""
"Chikungunya virus disease","Locally acquired cases","Age standardised rate","N/100000","2010","CZ","Czechia",0.000000000,""
"Chikungunya virus disease","Locally acquired cases","Age standardised rate","N/100000","2010","DE","Germany",0.000000000,""
"Chikungunya virus disease","Locally acquired cases","Age standardised rate","N/100000","2010","DK","Denmark",0.000000000,""
"Chikungunya virus disease","Locally acquired cases","Age standardised rate","N/100000","2010","EE","Estonia",0.000000000,""
"Chikungunya virus disease","Locally acquired cases","Age standardised rate","N/100000","2010","EL","Greece",0.000000000,""
"Chikungunya virus disease","Locally acquired cases","Age standardised rate","N/100000","2010","ES","Spain",-,""
"Chikungunya virus disease","Locally acquired cases","Age standardised rate","N/100000","2010","EU27_21","EU (without UK)",0.000503000,""
"Chikungunya virus disease","Locally acquired cases","Age standardised rate","N/100000","2010","EU27_UK_21","EU (with UK until 2019)",0.000428000,""
"Chikungunya virus disease","Locally acquired cases","Age standardised rate","N/100000","2010","EUEEA30_21","EU/EEA (without UK)",0.000503000,""
"Chikungunya virus disease","Locally acquired cases","Age standardised rate","N/100000","2010","EUEEAUK_21","EU/EEA (with UK until 2019)",0.000428000,""
"Chikungunya virus disease","Locally acquired cases","Age standardised rate","N/100000","2010","FI","Finland",0.000000000,""
"Chikungunya virus disease","Locally acquired cases","Age standardised rate","N/100000","2010","FR","France",0.002765680,""
"Chikungunya virus disease","Locally acquired cases","Age standardised rate","N/100000","2010","HU","Hungary",0.000000000,""
"Chikungunya virus disease","Locally acquired cases","Age standardised rate","N/100000","2010","IE","Ireland",0.000000000,""
"Chikungunya virus disease","Locally acquired cases","Age standardised rate","N/100000","2010","IT","Italy",0.000000000,""
"Chikungunya virus disease","Locally acquired cases","Age standardised rate","N/100000","2010","LT","Lithuania",0.000000000,""
"Chikungunya virus disease","Locally acquired cases","Age standardised rate","N/100000","2010","LU","Luxembourg",0.000000000,""
"Chikungunya virus disease","Locally acquired cases","Age standardised rate","N/100000","2010","LV","Latvia",0.000000000,""
"Chikungunya virus disease","Locally acquired cases","Age standardised rate","N/100000","2010","MT","Malta",0.000000000,""
"Chikungunya virus disease","Locally acquired cases","Age standardised rate","N/100000","2010","PL","Poland",0.000000000,""
"Chikungunya virus disease","Locally acquired cases","Age standardised rate","N/100000","2010","RO","Romania",0.000000000,""
"Chikungunya virus disease","Locally acquired cases","Age standardised rate","N/100000","2010","SE","Sweden",0.000000000,""
"Chikungunya virus disease","Locally acquired cases","Age standardised rate","N/100000","2010","SI","Slovenia",0.000000000,""
"Chikungunya virus disease","Locally acquired cases","Age standardised rate","N/100000","2010","SK","Slovakia",0.000000000,""
"Chikungunya virus disease","Locally acquired cases","Age standardised rate","N/100000","2010","UK","United Kingdom",0.000000000,""
"Chikungunya virus disease","Locally acquired cases","Age standardised rate","N/100000","2011","AT","Austria",0.000000000,""
"Chikungunya virus disease","Locally acquired cases","Age standardised rate","N/100000","2011","BE","Belgium",0.000000000,""
"Chikungunya virus disease","Locally acquired cases","Age standardised rate","N/100000","2011","CZ","Czechia",0.000000000,""
"Chikungunya virus disease","Locally acquired cases","Age standardised rate","N/100000","2011","DE","Germany",0.000000000,""
"Chikungunya virus disease","Locally acquired cases","Age standardised rate","N/100000","2011","DK","Denmark",0.000000000,""
"Chikungunya virus disease","Locally acquired cases","Age standardised rate","N/100000","2011","EE","Estonia",0.000000000,""
"Chikungunya virus disease","Locally acquired cases","Age standardised rate","N/100000","2011","EL","Greece",0.000000000,""
"Chikungunya virus disease","Locally acquired cases","Age standardised rate","N/100000","2011","ES","Spain",-,""
"Chikungunya virus disease","Locally acquired cases","Age standardised rate","N/100000","2011","EU27_21","EU (without UK)",0.000000000,""
"Chikungunya virus disease","Locally acquired cases","Age standardised rate","N/100000","2011","EU27_UK_21","EU (with UK until 2019)",0.000000000,""
"Chikungunya virus disease","Locally acquired cases","Age standardised rate","N/100000","2011","EUEEA30_21","EU/EEA (without UK)",0.000000000,""
"Chikungunya virus disease","Locally acquired cases","Age standardised rate","N/100000","2011","EUEEAUK_21","EU/EEA (with UK until 2019)",0.000000000,""
"Chikungunya virus disease","Locally acquired cases","Age standardised rate","N/100000","2011","FI","Finland",0.000000000,""
"Chikungunya virus disease","Locally acquired cases","Age standardised rate","N/100000","2011","FR","France",0.000000000,""
"Chikungunya virus disease","Locally acquired cases","Age standardised rate","N/100000","2011","HU","Hungary",0.000000000,""
"Chikungunya virus disease","Locally acquired cases","Age standardised rate","N/100000","2011","IE","Ireland",0.000000000,""
"Chikungunya virus disease","Locally acquired cases","Age standardised rate","N/100000","2011","IT","Italy",0.000000000,""
"Chikungunya virus disease","Locally acquired cases","Age standardised rate","N/100000","2011","LT","Lithuania",0.000000000,""
"Chikungunya virus disease","Locally acquired cases","Age standardised rate","N/100000","2011","LU","Luxembourg",0.000000000,""
"Chikungunya virus disease","Locally acquired cases","Age standardised rate","N/100000","2011","LV","Latvia",0.000000000,""
"Chikungunya virus disease","Locally acquired cases","Age standardised rate","N/100000","2011","MT","Malta",0.000000000,""
"Chikungunya virus disease","Locally acquired cases","Age standardised rate","N/100000","2011","PL","Poland",0.000000000,""
"Chikungunya virus disease","Locally acquired cases","Age standardised rate","N/100000","2011","RO","Romania",0.000000000,""
"Chikungunya virus disease","Locally acquired cases","Age standardised rate","N/100000","2011","SE","Sweden",0.000000000,""
"Chikungunya virus disease","Locally acquired cases","Age standardised rate","N/100000","2011","SI","Slovenia",0.000000000,""
"Chikungunya virus disease","Locally acquired cases","Age standardised rate","N/100000","2011","SK","Slovakia",0.000000000,""
"Chikungunya virus disease","Locally acquired cases","Age standardised rate","N/100000","2011","UK","United Kingdom",0.000000000,""
"Chikungunya virus disease","Locally acquired cases","Age standardised rate","N/100000","2012","AT","Austria",0.000000000,""
"Chikungunya virus disease","Locally acquired cases","Age standardised rate","N/100000","2012","BE","Belgium",0.000000000,""
"Chikungunya virus disease","Locally acquired cases","Age standardised rate","N/100000","2012","CZ","Czechia",0.000000000,""
"Chikungunya virus disease","Locally acquired cases","Age standardised rate","N/100000","2012","DE","Germany",0.000000000,""
"Chikungunya virus disease","Locally acquired cases","Age standardised rate","N/100000","2012","DK","Denmark",0.000000000,""
"Chikungunya virus disease","Locally acquired cases","Age standardised rate","N/100000","2012","EE","Estonia",0.000000000,""
"Chikungunya virus disease","Locally acquired cases","Age standardised rate","N/100000","2012","EL","Greece",0.000000000,""
"Chikungunya virus disease","Locally acquired cases","Age standardised rate","N/100000","2012","ES","Spain",-,""
"Chikungunya virus disease","Locally acquired cases","Age standardised rate","N/100000","2012","EU27_21","EU (without UK)",0.000000000,""
"Chikungunya virus disease","Locally acquired cases","Age standardised rate","N/100000","2012","EU27_UK_21","EU (with UK until 2019)",0.000000000,""
"Chikungunya virus disease","Locally acquired cases","Age standardised rate","N/100000","2012","EUEEA30_21","EU/EEA (without UK)",0.000000000,""
"Chikungunya virus disease","Locally acquired cases","Age standardised rate","N/100000","2012","EUEEAUK_21","EU/EEA (with UK until 2019)",0.000000000,""
"Chikungunya virus disease","Locally acquired cases","Age standardised rate","N/100000","2012","FI","Finland",0.000000000,""
"Chikungunya virus disease","Locally acquired cases","Age standardised rate","N/100000","2012","FR","France",0.000000000,""
"Chikungunya virus disease","Locally acquired cases","Age standardised rate","N/100000","2012","HR","Croatia",0.000000000,""
"Chikungunya virus disease","Locally acquired cases","Age standardised rate","N/100000","2012","HU","Hungary",0.000000000,""
"Chikungunya virus disease","Locally acquired cases","Age standardised rate","N/100000","2012","IE","Ireland",0.000000000,""
"Chikungunya virus disease","Locally acquired cases","Age standardised rate","N/100000","2012","IT","Italy",0.000000000,""
"Chikungunya virus disease","Locally acquired cases","Age standardised rate","N/100000","2012","LT","Lithuania",0.000000000,""
"Chikungunya virus disease","Locally acquired cases","Age standardised rate","N/100000","2012","LU","Luxembourg",0.000000000,""
"Chikungunya virus disease","Locally acquired cases","Age standardised rate","N/100000","2012","LV","Latvia",0.000000000,""
"Chikungunya virus disease","Locally acquired cases","Age standardised rate","N/100000","2012","MT","Malta",0.000000000,""
"Chikungunya virus disease","Locally acquired cases","Age standardised rate","N/100000","2012","PL","Poland",0.000000000,""
"Chikungunya virus disease","Locally acquired cases","Age standardised rate","N/100000","2012","RO","Romania",0.000000000,""
"Chikungunya virus disease","Locally acquired cases","Age standardised rate","N/100000","2012","SE","Sweden",0.000000000,""
"Chikungunya virus disease","Locally acquired cases","Age standardised rate","N/100000","2012","SI","Slovenia",0.000000000,""
"Chikungunya virus disease","Locally acquired cases","Age standardised rate","N/100000","2012","SK","Slovakia",0.000000000,""
"Chikungunya virus disease","Locally acquired cases","Age standardised rate","N/100000","2012","UK","United Kingdom",0.000000000,""
"Chikungunya virus disease","Locally acquired cases","Age standardised rate","N/100000","2013","AT","Austria",0.000000000,""
"Chikungunya virus disease","Locally acquired cases","Age standardised rate","N/100000","2013","BE","Belgium",0.000000000,""
"Chikungunya virus disease","Locally acquired cases","Age standardised rate","N/100000","2013","CZ","Czechia",0.000000000,""
"Chikungunya virus disease","Locally acquired cases","Age standardised rate","N/100000","2013","DE","Germany",0.000000000,""
"Chikungunya virus disease","Locally acquired cases","Age standardised rate","N/100000","2013","DK","Denmark",0.000000000,""
"Chikungunya virus disease","Locally acquired cases","Age standardised rate","N/100000","2013","EE","Estonia",0.000000000,""
"Chikungunya virus disease","Locally acquired cases","Age standardised rate","N/100000","2013","EL","Greece",0.000000000,""
"Chikungunya virus disease","Locally acquired cases","Age standardised rate","N/100000","2013","ES","Spain",-,""
"Chikungunya virus disease","Locally acquired cases","Age standardised rate","N/100000","2013","EU27_21","EU (without UK)",0.000000000,""
"Chikungunya virus disease","Locally acquired cases","Age standardised rate","N/100000","2013","EU27_UK_21","EU (with UK until 2019)",0.000000000,""
"Chikungunya virus disease","Locally acquired cases","Age standardised rate","N/100000","2013","EUEEA30_21","EU/EEA (without UK)",0.000000000,""
"Chikungunya virus disease","Locally acquired cases","Age standardised rate","N/100000","2013","EUEEAUK_21","EU/EEA (with UK until 2019)",0.000000000,""
"Chikungunya virus disease","Locally acquired cases","Age standardised rate","N/100000","2013","FI","Finland",0.000000000,""
"Chikungunya virus disease","Locally acquired cases","Age standardised rate","N/100000","2013","FR","France",0.000000000,""
"Chikungunya virus disease","Locally acquired cases","Age standardised rate","N/100000","2013","HR","Croatia",0.000000000,""
"Chikungunya virus disease","Locally acquired cases","Age standardised rate","N/100000","2013","HU","Hungary",0.000000000,""
"Chikungunya virus disease","Locally acquired cases","Age standardised rate","N/100000","2013","IE","Ireland",0.000000000,""
"Chikungunya virus disease","Locally acquired cases","Age standardised rate","N/100000","2013","IT","Italy",0.000000000,""
"Chikungunya virus disease","Locally acquired cases","Age standardised rate","N/100000","2013","LT","Lithuania",0.000000000,""
"Chikungunya virus disease","Locally acquired cases","Age standardised rate","N/100000","2013","LU","Luxembourg",0.000000000,""
"Chikungunya virus disease","Locally acquired cases","Age standardised rate","N/100000","2013","LV","Latvia",0.000000000,""
"Chikungunya virus disease","Locally acquired cases","Age standardised rate","N/100000","2013","MT","Malta",0.000000000,""
"Chikungunya virus disease","Locally acquired cases","Age standardised rate","N/100000","2013","PL","Poland",0.000000000,""
"Chikungunya virus disease","Locally acquired cases","Age standardised rate","N/100000","2013","RO","Romania",0.000000000,""
"Chikungunya virus disease","Locally acquired cases","Age standardised rate","N/100000","2013","SE","Sweden",0.000000000,""
"Chikungunya virus disease","Locally acquired cases","Age standardised rate","N/100000","2013","SI","Slovenia",0.000000000,""
"Chikungunya virus disease","Locally acquired cases","Age standardised rate","N/100000","2013","SK","Slovakia",0.000000000,""
"Chikungunya virus disease","Locally acquired cases","Age standardised rate","N/100000","2013","UK","United Kingdom",0.000000000,""
"Chikungunya virus disease","Locally acquired cases","Age standardised rate","N/100000","2014","BE","Belgium",0.000000000,""
"Chikungunya virus disease","Locally acquired cases","Age standardised rate","N/100000","2014","CZ","Czechia",0.000000000,""
"Chikungunya virus disease","Locally acquired cases","Age standardised rate","N/100000","2014","DE","Germany",0.000000000,""
"Chikungunya virus disease","Locally acquired cases","Age standardised rate","N/100000","2014","DK","Denmark",0.000000000,""
"Chikungunya virus disease","Locally acquired cases","Age standardised rate","N/100000","2014","EE","Estonia",0.000000000,""
"Chikungunya virus disease","Locally acquired cases","Age standardised rate","N/100000","2014","EL","Greece",0.000000000,""
"Chikungunya virus disease","Locally acquired cases","Age standardised rate","N/100000","2014","ES","Spain",0.000000000,""
"Chikungunya virus disease","Locally acquired cases","Age standardised rate","N/100000","2014","EU27_21","EU (without UK)",-,""
"Chikungunya virus disease","Locally acquired cases","Age standardised rate","N/100000","2014","EU27_UK_21","EU (with UK until 2019)",-,""
"Chikungunya virus disease","Locally acquired cases","Age standardised rate","N/100000","2014","EUEEA30_21","EU/EEA (without UK)",-,""
"Chikungunya virus disease","Locally acquired cases","Age standardised rate","N/100000","2014","EUEEAUK_21","EU/EEA (with UK until 2019)",-,""
"Chikungunya virus disease","Locally acquired cases","Age standardised rate","N/100000","2014","FI","Finland",0.000000000,""
"Chikungunya virus disease","Locally acquired cases","Age standardised rate","N/100000","2014","FR","France",-,""
"Chikungunya virus disease","Locally acquired cases","Age standardised rate","N/100000","2014","HR","Croatia",0.000000000,""
"Chikungunya virus disease","Locally acquired cases","Age standardised rate","N/100000","2014","HU","Hungary",0.000000000,""
"Chikungunya virus disease","Locally acquired cases","Age standardised rate","N/100000","2014","IE","Ireland",0.000000000,""
"Chikungunya virus disease","Locally acquired cases","Age standardised rate","N/100000","2014","IT","Italy",0.000000000,""
"Chikungunya virus disease","Locally acquired cases","Age standardised rate","N/100000","2014","LT","Lithuania",0.000000000,""
"Chikungunya virus disease","Locally acquired cases","Age standardised rate","N/100000","2014","LU","Luxembourg",0.000000000,""
"Chikungunya virus disease","Locally acquired cases","Age standardised rate","N/100000","2014","LV","Latvia",0.000000000,""
"Chikungunya virus disease","Locally acquired cases","Age standardised rate","N/100000","2014","MT","Malta",0.000000000,""
"Chikungunya virus disease","Locally acquired cases","Age standardised rate","N/100000","2014","NL","Netherlands",-,""
"Chikungunya virus disease","Locally acquired cases","Age standardised rate","N/100000","2014","PL","Poland",0.000000000,""
"Chikungunya virus disease","Locally acquired cases","Age standardised rate","N/100000","2014","RO","Romania",0.000000000,""
"Chikungunya virus disease","Locally acquired cases","Age standardised rate","N/100000","2014","SE","Sweden",0.000000000,""
"Chikungunya virus disease","Locally acquired cases","Age standardised rate","N/100000","2014","SI","Slovenia",0.000000000,""
"Chikungunya virus disease","Locally acquired cases","Age standardised rate","N/100000","2014","SK","Slovakia",0.000000000,""
"Chikungunya virus disease","Locally acquired cases","Age standardised rate","N/100000","2014","UK","United Kingdom",0.000000000,""
"Chikungunya virus disease","Locally acquired cases","Age standardised rate","N/100000","2015","BE","Belgium",0.000000000,""
"Chikungunya virus disease","Locally acquired cases","Age standardised rate","N/100000","2015","CZ","Czechia",0.000000000,""
"Chikungunya virus disease","Locally acquired cases","Age standardised rate","N/100000","2015","DE","Germany",0.000000000,""
"Chikungunya virus disease","Locally acquired cases","Age standardised rate","N/100000","2015","DK","Denmark",0.000000000,""
"Chikungunya virus disease","Locally acquired cases","Age standardised rate","N/100000","2015","EE","Estonia",0.000000000,""
"Chikungunya virus disease","Locally acquired cases","Age standardised rate","N/100000","2015","EL","Greece",0.000000000,""
"Chikungunya virus disease","Locally acquired cases","Age standardised rate","N/100000","2015","ES","Spain",0.000000000,""
"Chikungunya virus disease","Locally acquired cases","Age standardised rate","N/100000","2015","EU27_21","EU (without UK)",0.000000000,""
"Chikungunya virus disease","Locally acquired cases","Age standardised rate","N/100000","2015","EU27_UK_21","EU (with UK until 2019)",0.000000000,""
"Chikungunya virus disease","Locally acquired cases","Age standardised rate","N/100000","2015","EUEEA30_21","EU/EEA (without UK)",0.000000000,""
"Chikungunya virus disease","Locally acquired cases","Age standardised rate","N/100000","2015","EUEEAUK_21","EU/EEA (with UK until 2019)",0.000000000,""
"Chikungunya virus disease","Locally acquired cases","Age standardised rate","N/100000","2015","FI","Finland",0.000000000,""
"Chikungunya virus disease","Locally acquired cases","Age standardised rate","N/100000","2015","FR","France",0.000000000,""
"Chikungunya virus disease","Locally acquired cases","Age standardised rate","N/100000","2015","HR","Croatia",0.000000000,""
"Chikungunya virus disease","Locally acquired cases","Age standardised rate","N/100000","2015","HU","Hungary",0.000000000,""
"Chikungunya virus disease","Locally acquired cases","Age standardised rate","N/100000","2015","IE","Ireland",0.000000000,""
"Chikungunya virus disease","Locally acquired cases","Age standardised rate","N/100000","2015","IT","Italy",0.000000000,""
"Chikungunya virus disease","Locally acquired cases","Age standardised rate","N/100000","2015","LT","Lithuania",0.000000000,""
"Chikungunya virus disease","Locally acquired cases","Age standardised rate","N/100000","2015","LU","Luxembourg",0.000000000,""
"Chikungunya virus disease","Locally acquired cases","Age standardised rate","N/100000","2015","LV","Latvia",0.000000000,""
"Chikungunya virus disease","Locally acquired cases","Age standardised rate","N/100000","2015","MT","Malta",0.000000000,""
"Chikungunya virus disease","Locally acquired cases","Age standardised rate","N/100000","2015","NL","Netherlands",-,""
"Chikungunya virus disease","Locally acquired cases","Age standardised rate","N/100000","2015","PL","Poland",0.000000000,""
"Chikungunya virus disease","Locally acquired cases","Age standardised rate","N/100000","2015","PT","Portugal",0.000000000,""
"Chikungunya virus disease","Locally acquired cases","Age standardised rate","N/100000","2015","RO","Romania",0.000000000,""
"Chikungunya virus disease","Locally acquired cases","Age standardised rate","N/100000","2015","SE","Sweden",0.000000000,""
"Chikungunya virus disease","Locally acquired cases","Age standardised rate","N/100000","2015","SI","Slovenia",0.000000000,""
"Chikungunya virus disease","Locally acquired cases","Age standardised rate","N/100000","2015","SK","Slovakia",0.000000000,""
"Chikungunya virus disease","Locally acquired cases","Age standardised rate","N/100000","2015","UK","United Kingdom",0.000000000,""
"Chikungunya virus disease","Locally acquired cases","Age standardised rate","N/100000","2016","AT","Austria",0.000000000,""
"Chikungunya virus disease","Locally acquired cases","Age standardised rate","N/100000","2016","BE","Belgium",0.000000000,""
"Chikungunya virus disease","Locally acquired cases","Age standardised rate","N/100000","2016","CZ","Czechia",0.000000000,""
"Chikungunya virus disease","Locally acquired cases","Age standardised rate","N/100000","2016","DE","Germany",0.000000000,""
"Chikungunya virus disease","Locally acquired cases","Age standardised rate","N/100000","2016","DK","Denmark",0.000000000,""
"Chikungunya virus disease","Locally acquired cases","Age standardised rate","N/100000","2016","EE","Estonia",0.000000000,""
"Chikungunya virus disease","Locally acquired cases","Age standardised rate","N/100000","2016","EL","Greece",0.000000000,""
"Chikungunya virus disease","Locally acquired cases","Age standardised rate","N/100000","2016","ES","Spain",0.000000000,""
"Chikungunya virus disease","Locally acquired cases","Age standardised rate","N/100000","2016","EU27_21","EU (without UK)",0.000000000,""
"Chikungunya virus disease","Locally acquired cases","Age standardised rate","N/100000","2016","EU27_UK_21","EU (with UK until 2019)",0.000000000,""
"Chikungunya virus disease","Locally acquired cases","Age standardised rate","N/100000","2016","EUEEA30_21","EU/EEA (without UK)",0.000000000,""
"Chikungunya virus disease","Locally acquired cases","Age standardised rate","N/100000","2016","EUEEAUK_21","EU/EEA (with UK until 2019)",0.000000000,""
"Chikungunya virus disease","Locally acquired cases","Age standardised rate","N/100000","2016","FI","Finland",0.000000000,""
"Chikungunya virus disease","Locally acquired cases","Age standardised rate","N/100000","2016","FR","France",0.000000000,""
"Chikungunya virus disease","Locally acquired cases","Age standardised rate","N/100000","2016","HR","Croatia",0.000000000,""
"Chikungunya virus disease","Locally acquired cases","Age standardised rate","N/100000","2016","HU","Hungary",0.000000000,""
"Chikungunya virus disease","Locally acquired cases","Age standardised rate","N/100000","2016","IE","Ireland",0.000000000,""
"Chikungunya virus disease","Locally acquired cases","Age standardised rate","N/100000","2016","IT","Italy",0.000000000,""
"Chikungunya virus disease","Locally acquired cases","Age standardised rate","N/100000","2016","LT","Lithuania",0.000000000,""
"Chikungunya virus disease","Locally acquired cases","Age standardised rate","N/100000","2016","LU","Luxembourg",0.000000000,""
"Chikungunya virus disease","Locally acquired cases","Age standardised rate","N/100000","2016","LV","Latvia",0.000000000,""
"Chikungunya virus disease","Locally acquired cases","Age standardised rate","N/100000","2016","MT","Malta",0.000000000,""
"Chikungunya virus disease","Locally acquired cases","Age standardised rate","N/100000","2016","NL","Netherlands",-,""
"Chikungunya virus disease","Locally acquired cases","Age standardised rate","N/100000","2016","PL","Poland",0.000000000,""
"Chikungunya virus disease","Locally acquired cases","Age standardised rate","N/100000","2016","PT","Portugal",0.000000000,""
"Chikungunya virus disease","Locally acquired cases","Age standardised rate","N/100000","2016","RO","Romania",0.000000000,""
"Chikungunya virus disease","Locally acquired cases","Age standardised rate","N/100000","2016","SE","Sweden",0.000000000,""
"Chikungunya virus disease","Locally acquired cases","Age standardised rate","N/100000","2016","SI","Slovenia",0.000000000,""
"Chikungunya virus disease","Locally acquired cases","Age standardised rate","N/100000","2016","SK","Slovakia",0.000000000,""
"Chikungunya virus disease","Locally acquired cases","Age standardised rate","N/100000","2016","UK","United Kingdom",0.000000000,""
"Chikungunya virus disease","Locally acquired cases","Age standardised rate","N/100000","2017","AT","Austria",0.000000000,""
"Chikungunya virus disease","Locally acquired cases","Age standardised rate","N/100000","2017","BE","Belgium",0.000000000,""
"Chikungunya virus disease","Locally acquired cases","Age standardised rate","N/100000","2017","CZ","Czechia",0.000000000,""
"Chikungunya virus disease","Locally acquired cases","Age standardised rate","N/100000","2017","DE","Germany",0.000000000,""
"Chikungunya virus disease","Locally acquired cases","Age standardised rate","N/100000","2017","DK","Denmark",0.000000000,""
"Chikungunya virus disease","Locally acquired cases","Age standardised rate","N/100000","2017","EE","Estonia",0.000000000,""
"Chikungunya virus disease","Locally acquired cases","Age standardised rate","N/100000","2017","EL","Greece",0.000000000,""
"Chikungunya virus disease","Locally acquired cases","Age standardised rate","N/100000","2017","ES","Spain",0.000000000,""
"Chikungunya virus disease","Locally acquired cases","Age standardised rate","N/100000","2017","EU27_21","EU (without UK)",0.065040000,""
"Chikungunya virus disease","Locally acquired cases","Age standardised rate","N/100000","2017","EU27_UK_21","EU (with UK until 2019)",0.056223000,""
"Chikungunya virus disease","Locally acquired cases","Age standardised rate","N/100000","2017","EUEEA30_21","EU/EEA (without UK)",0.065040000,""
"Chikungunya virus disease","Locally acquired cases","Age standardised rate","N/100000","2017","EUEEAUK_21","EU/EEA (with UK until 2019)",0.056223000,""
"Chikungunya virus disease","Locally acquired cases","Age standardised rate","N/100000","2017","FI","Finland",0.000000000,""
"Chikungunya virus disease","Locally acquired cases","Age standardised rate","N/100000","2017","FR","France",0.024643820,""
"Chikungunya virus disease","Locally acquired cases","Age standardised rate","N/100000","2017","HR","Croatia",0.000000000,""
"Chikungunya virus disease","Locally acquired cases","Age standardised rate","N/100000","2017","HU","Hungary",0.000000000,""
"Chikungunya virus disease","Locally acquired cases","Age standardised rate","N/100000","2017","IE","Ireland",0.000000000,""
"Chikungunya virus disease","Locally acquired cases","Age standardised rate","N/100000","2017","IT","Italy",0.427227080,""
"Chikungunya virus disease","Locally acquired cases","Age standardised rate","N/100000","2017","LT","Lithuania",0.000000000,""
"Chikungunya virus disease","Locally acquired cases","Age standardised rate","N/100000","2017","LU","Luxembourg",0.000000000,""
"Chikungunya virus disease","Locally acquired cases","Age standardised rate","N/100000","2017","LV","Latvia",0.000000000,""
"Chikungunya virus disease","Locally acquired cases","Age standardised rate","N/100000","2017","MT","Malta",0.000000000,""
"Chikungunya virus disease","Locally acquired cases","Age standardised rate","N/100000","2017","NL","Netherlands",-,""
"Chikungunya virus disease","Locally acquired cases","Age standardised rate","N/100000","2017","PL","Poland",0.000000000,""
"Chikungunya virus disease","Locally acquired cases","Age standardised rate","N/100000","2017","PT","Portugal",0.000000000,""
"Chikungunya virus disease","Locally acquired cases","Age standardised rate","N/100000","2017","RO","Romania",0.000000000,""
"Chikungunya virus disease","Locally acquired cases","Age standardised rate","N/100000","2017","SE","Sweden",0.000000000,""
"Chikungunya virus disease","Locally acquired cases","Age standardised rate","N/100000","2017","SI","Slovenia",0.000000000,""
"Chikungunya virus disease","Locally acquired cases","Age standardised rate","N/100000","2017","SK","Slovakia",0.000000000,""
"Chikungunya virus disease","Locally acquired cases","Age standardised rate","N/100000","2017","UK","United Kingdom",0.000000000,""
"Chikungunya virus disease","Locally acquired cases","Age standardised rate","N/100000","2018","AT","Austria",0.000000000,""
"Chikungunya virus disease","Locally acquired cases","Age standardised rate","N/100000","2018","BE","Belgium",0.000000000,""
"Chikungunya virus disease","Locally acquired cases","Age standardised rate","N/100000","2018","CZ","Czechia",0.000000000,""
"Chikungunya virus disease","Locally acquired cases","Age standardised rate","N/100000","2018","DE","Germany",0.000000000,""
"Chikungunya virus disease","Locally acquired cases","Age standardised rate","N/100000","2018","DK","Denmark",0.000000000,""
"Chikungunya virus disease","Locally acquired cases","Age standardised rate","N/100000","2018","EE","Estonia",0.000000000,""
"Chikungunya virus disease","Locally acquired cases","Age standardised rate","N/100000","2018","EL","Greece",0.000000000,""
"Chikungunya virus disease","Locally acquired cases","Age standardised rate","N/100000","2018","ES","Spain",0.000000000,""
"Chikungunya virus disease","Locally acquired cases","Age standardised rate","N/100000","2018","EU27_21","EU (without UK)",0.000000000,""
"Chikungunya virus disease","Locally acquired cases","Age standardised rate","N/100000","2018","EU27_UK_21","EU (with UK until 2019)",0.000000000,""
"Chikungunya virus disease","Locally acquired cases","Age standardised rate","N/100000","2018","EUEEA30_21","EU/EEA (without UK)",0.000000000,""
"Chikungunya virus disease","Locally acquired cases","Age standardised rate","N/100000","2018","EUEEAUK_21","EU/EEA (with UK until 2019)",0.000000000,""
"Chikungunya virus disease","Locally acquired cases","Age standardised rate","N/100000","2018","FI","Finland",0.000000000,""
"Chikungunya virus disease","Locally acquired cases","Age standardised rate","N/100000","2018","FR","France",0.000000000,""
"Chikungunya virus disease","Locally acquired cases","Age standardised rate","N/100000","2018","HR","Croatia",0.000000000,""
"Chikungunya virus disease","Locally acquired cases","Age standardised rate","N/100000","2018","HU","Hungary",0.000000000,""
"Chikungunya virus disease","Locally acquired cases","Age standardised rate","N/100000","2018","IE","Ireland",0.000000000,""
"Chikungunya virus disease","Locally acquired cases","Age standardised rate","N/100000","2018","IT","Italy",0.000000000,""
"Chikungunya virus disease","Locally acquired cases","Age standardised rate","N/100000","2018","LT","Lithuania",0.000000000,""
"Chikungunya virus disease","Locally acquired cases","Age standardised rate","N/100000","2018","LU","Luxembourg",0.000000000,""
"Chikungunya virus disease","Locally acquired cases","Age standardised rate","N/100000","2018","LV","Latvia",0.000000000,""
"Chikungunya virus disease","Locally acquired cases","Age standardised rate","N/100000","2018","MT","Malta",0.000000000,""
"Chikungunya virus disease","Locally acquired cases","Age standardised rate","N/100000","2018","NL","Netherlands",-,""
"Chikungunya virus disease","Locally acquired cases","Age standardised rate","N/100000","2018","PL","Poland",0.000000000,""
"Chikungunya virus disease","Locally acquired cases","Age standardised rate","N/100000","2018","PT","Portugal",0.000000000,""
"Chikungunya virus disease","Locally acquired cases","Age standardised rate","N/100000","2018","RO","Romania",0.000000000,""
"Chikungunya virus disease","Locally acquired cases","Age standardised rate","N/100000","2018","SE","Sweden",0.000000000,""
"Chikungunya virus disease","Locally acquired cases","Age standardised rate","N/100000","2018","SI","Slovenia",0.000000000,""
"Chikungunya virus disease","Locally acquired cases","Age standardised rate","N/100000","2018","SK","Slovakia",0.000000000,""
"Chikungunya virus disease","Locally acquired cases","Age standardised rate","N/100000","2018","UK","United Kingdom",0.000000000,""
"Chikungunya virus disease","Locally acquired cases","Age standardised rate","N/100000","2019","AT","Austria",0.000000000,""
"Chikungunya virus disease","Locally acquired cases","Age standardised rate","N/100000","2019","BE","Belgium",0.000000000,""
"Chikungunya virus disease","Locally acquired cases","Age standardised rate","N/100000","2019","CZ","Czechia",0.000000000,""
"Chikungunya virus disease","Locally acquired cases","Age standardised rate","N/100000","2019","DE","Germany",0.000000000,""
"Chikungunya virus disease","Locally acquired cases","Age standardised rate","N/100000","2019","DK","Denmark",0.000000000,""
"Chikungunya virus disease","Locally acquired cases","Age standardised rate","N/100000","2019","EE","Estonia",0.000000000,""
"Chikungunya virus disease","Locally acquired cases","Age standardised rate","N/100000","2019","EL","Greece",0.000000000,""
"Chikungunya virus disease","Locally acquired cases","Age standardised rate","N/100000","2019","ES","Spain",0.000000000,""
"Chikungunya virus disease","Locally acquired cases","Age standardised rate","N/100000","2019","EU27_21","EU (without UK)",0.000000000,""
"Chikungunya virus disease","Locally acquired cases","Age standardised rate","N/100000","2019","EU27_UK_21","EU (with UK until 2019)",0.000000000,""
"Chikungunya virus disease","Locally acquired cases","Age standardised rate","N/100000","2019","EUEEA30_21","EU/EEA (without UK)",0.000000000,""
"Chikungunya virus disease","Locally acquired cases","Age standardised rate","N/100000","2019","EUEEAUK_21","EU/EEA (with UK until 2019)",0.000000000,""
"Chikungunya virus disease","Locally acquired cases","Age standardised rate","N/100000","2019","FI","Finland",0.000000000,""
"Chikungunya virus disease","Locally acquired cases","Age standardised rate","N/100000","2019","FR","France",0.000000000,""
"Chikungunya virus disease","Locally acquired cases","Age standardised rate","N/100000","2019","HR","Croatia",0.000000000,""
"Chikungunya virus disease","Locally acquired cases","Age standardised rate","N/100000","2019","HU","Hungary",0.000000000,""
"Chikungunya virus disease","Locally acquired cases","Age standardised rate","N/100000","2019","IE","Ireland",0.000000000,""
"Chikungunya virus disease","Locally acquired cases","Age standardised rate","N/100000","2019","IT","Italy",0.000000000,""
"Chikungunya virus disease","Locally acquired cases","Age standardised rate","N/100000","2019","LT","Lithuania",0.000000000,""
"Chikungunya virus disease","Locally acquired cases","Age standardised rate","N/100000","2019","LU","Luxembourg",0.000000000,""
"Chikungunya virus disease","Locally acquired cases","Age standardised rate","N/100000","2019","LV","Latvia",0.000000000,""
"Chikungunya virus disease","Locally acquired cases","Age standardised rate","N/100000","2019","MT","Malta",0.000000000,""
"Chikungunya virus disease","Locally acquired cases","Age standardised rate","N/100000","2019","NL","Netherlands",-,""
"Chikungunya virus disease","Locally acquired cases","Age standardised rate","N/100000","2019","PL","Poland",0.000000000,""
"Chikungunya virus disease","Locally acquired cases","Age standardised rate","N/100000","2019","PT","Portugal",0.000000000,""
"Chikungunya virus disease","Locally acquired cases","Age standardised rate","N/100000","2019","RO","Romania",0.000000000,""
"Chikungunya virus disease","Locally acquired cases","Age standardised rate","N/100000","2019","SE","Sweden",0.000000000,""
"Chikungunya virus disease","Locally acquired cases","Age standardised rate","N/100000","2019","SI","Slovenia",0.000000000,""
"Chikungunya virus disease","Locally acquired cases","Age standardised rate","N/100000","2019","SK","Slovakia",0.000000000,""
"Chikungunya virus disease","Locally acquired cases","Age standardised rate","N/100000","2019","UK","United Kingdom",0.000000000,""
"Chikungunya virus disease","Locally acquired cases","Age standardised rate","N/100000","2020","AT","Austria",0.000000000,""
"Chikungunya virus disease","Locally acquired cases","Age standardised rate","N/100000","2020","BE","Belgium",0.000000000,""
"Chikungunya virus disease","Locally acquired cases","Age standardised rate","N/100000","2020","CZ","Czechia",0.000000000,""
"Chikungunya virus disease","Locally acquired cases","Age standardised rate","N/100000","2020","DE","Germany",0.000000000,""
"Chikungunya virus disease","Locally acquired cases","Age standardised rate","N/100000","2020","DK","Denmark",0.000000000,""
"Chikungunya virus disease","Locally acquired cases","Age standardised rate","N/100000","2020","EE","Estonia",0.000000000,""
"Chikungunya virus disease","Locally acquired cases","Age standardised rate","N/100000","2020","EL","Greece",0.000000000,""
"Chikungunya virus disease","Locally acquired cases","Age standardised rate","N/100000","2020","ES","Spain",0.000000000,""
"Chikungunya virus disease","Locally acquired cases","Age standardised rate","N/100000","2020","EU27_21","EU (without UK)",0.000000000,""
"Chikungunya virus disease","Locally acquired cases","Age standardised rate","N/100000","2020","EU27_UK_21","EU (with UK until 2019)",0.000000000,""
"Chikungunya virus disease","Locally acquired cases","Age standardised rate","N/100000","2020","EUEEA30_21","EU/EEA (without UK)",0.000000000,""
"Chikungunya virus disease","Locally acquired cases","Age standardised rate","N/100000","2020","EUEEAUK_21","EU/EEA (with UK until 2019)",0.000000000,""
"Chikungunya virus disease","Locally acquired cases","Age standardised rate","N/100000","2020","FI","Finland",0.000000000,""
"Chikungunya virus disease","Locally acquired cases","Age standardised rate","N/100000","2020","FR","France",0.000000000,""
"Chikungunya virus disease","Locally acquired cases","Age standardised rate","N/100000","2020","HR","Croatia",0.000000000,""
"Chikungunya virus disease","Locally acquired cases","Age standardised rate","N/100000","2020","HU","Hungary",0.000000000,""
"Chikungunya virus disease","Locally acquired cases","Age standardised rate","N/100000","2020","IE","Ireland",0.000000000,""
"Chikungunya virus disease","Locally acquired cases","Age standardised rate","N/100000","2020","IT","Italy",0.000000000,""
"Chikungunya virus disease","Locally acquired cases","Age standardised rate","N/100000","2020","LT","Lithuania",0.000000000,""
"Chikungunya virus disease","Locally acquired cases","Age standardised rate","N/100000","2020","LU","Luxembourg",0.000000000,""
"Chikungunya virus disease","Locally acquired cases","Age standardised rate","N/100000","2020","LV","Latvia",0.000000000,""
"Chikungunya virus disease","Locally acquired cases","Age standardised rate","N/100000","2020","MT","Malta",0.000000000,""
"Chikungunya virus disease","Locally acquired cases","Age standardised rate","N/100000","2020","NL","Netherlands",-,""
"Chikungunya virus disease","Locally acquired cases","Age standardised rate","N/100000","2020","PL","Poland",0.000000000,""
"Chikungunya virus disease","Locally acquired cases","Age standardised rate","N/100000","2020","PT","Portugal",0.000000000,""
"Chikungunya virus disease","Locally acquired cases","Age standardised rate","N/100000","2020","RO","Romania",0.000000000,""
"Chikungunya virus disease","Locally acquired cases","Age standardised rate","N/100000","2020","SE","Sweden",0.000000000,""
"Chikungunya virus disease","Locally acquired cases","Age standardised rate","N/100000","2020","SI","Slovenia",0.000000000,""
"Chikungunya virus disease","Locally acquired cases","Age standardised rate","N/100000","2020","SK","Slovakia",0.000000000,""
"Chikungunya virus disease","Locally acquired cases","Age standardised rate","N/100000","2021","AT","Austria",0.000000000,""
"Chikungunya virus disease","Locally acquired cases","Age standardised rate","N/100000","2021","BE","Belgium",0.000000000,""
"Chikungunya virus disease","Locally acquired cases","Age standardised rate","N/100000","2021","CZ","Czechia",0.000000000,""
"Chikungunya virus disease","Locally acquired cases","Age standardised rate","N/100000","2021","DE","Germany",0.000000000,""
"Chikungunya virus disease","Locally acquired cases","Age standardised rate","N/100000","2021","DK","Denmark",0.000000000,""
"Chikungunya virus disease","Locally acquired cases","Age standardised rate","N/100000","2021","EE","Estonia",0.000000000,""
"Chikungunya virus disease","Locally acquired cases","Age standardised rate","N/100000","2021","EL","Greece",0.000000000,""
"Chikungunya virus disease","Locally acquired cases","Age standardised rate","N/100000","2021","ES","Spain",0.000000000,""
"Chikungunya virus disease","Locally acquired cases","Age standardised rate","N/100000","2021","EU27_21","EU (without UK)",0.000000000,""
"Chikungunya virus disease","Locally acquired cases","Age standardised rate","N/100000","2021","EU27_UK_21","EU (with UK until 2019)",0.000000000,""
"Chikungunya virus disease","Locally acquired cases","Age standardised rate","N/100000","2021","EUEEA30_21","EU/EEA (without UK)",0.000000000,""
"Chikungunya virus disease","Locally acquired cases","Age standardised rate","N/100000","2021","EUEEAUK_21","EU/EEA (with UK until 2019)",0.000000000,""
"Chikungunya virus disease","Locally acquired cases","Age standardised rate","N/100000","2021","FI","Finland",0.000000000,""
"Chikungunya virus disease","Locally acquired cases","Age standardised rate","N/100000","2021","FR","France",0.000000000,""
"Chikungunya virus disease","Locally acquired cases","Age standardised rate","N/100000","2021","HR","Croatia",0.000000000,""
"Chikungunya virus disease","Locally acquired cases","Age standardised rate","N/100000","2021","HU","Hungary",0.000000000,""
"Chikungunya virus disease","Locally acquired cases","Age standardised rate","N/100000","2021","IE","Ireland",0.000000000,""
"Chikungunya virus disease","Locally acquired cases","Age standardised rate","N/100000","2021","IT","Italy",0.000000000,""
"Chikungunya virus disease","Locally acquired cases","Age standardised rate","N/100000","2021","LI","Liechtenstein",0.000000000,""
"Chikungunya virus disease","Locally acquired cases","Age standardised rate","N/100000","2021","LT","Lithuania",0.000000000,""
"Chikungunya virus disease","Locally acquired cases","Age standardised rate","N/100000","2021","LU","Luxembourg",0.000000000,""
"Chikungunya virus disease","Locally acquired cases","Age standardised rate","N/100000","2021","LV","Latvia",0.000000000,""
"Chikungunya virus disease","Locally acquired cases","Age standardised rate","N/100000","2021","MT","Malta",0.000000000,""
"Chikungunya virus disease","Locally acquired cases","Age standardised rate","N/100000","2021","NL","Netherlands",-,""
"Chikungunya virus disease","Locally acquired cases","Age standardised rate","N/100000","2021","PL","Poland",0.000000000,""
"Chikungunya virus disease","Locally acquired cases","Age standardised rate","N/100000","2021","PT","Portugal",0.000000000,""
"Chikungunya virus disease","Locally acquired cases","Age standardised rate","N/100000","2021","RO","Romania",0.000000000,""
"Chikungunya virus disease","Locally acquired cases","Age standardised rate","N/100000","2021","SE","Sweden",0.000000000,""
"Chikungunya virus disease","Locally acquired cases","Age standardised rate","N/100000","2021","SI","Slovenia",0.000000000,""
"Chikungunya virus disease","Locally acquired cases","Age standardised rate","N/100000","2021","SK","Slovakia",0.000000000,""
"Chikungunya virus disease","Locally acquired cases","Age standardised rate","N/100000","2022","AT","Austria",0.000000000,""
"Chikungunya virus disease","Locally acquired cases","Age standardised rate","N/100000","2022","BE","Belgium",0.000000000,""
"Chikungunya virus disease","Locally acquired cases","Age standardised rate","N/100000","2022","CZ","Czechia",0.000000000,""
"Chikungunya virus disease","Locally acquired cases","Age standardised rate","N/100000","2022","DE","Germany",0.000000000,""
"Chikungunya virus disease","Locally acquired cases","Age standardised rate","N/100000","2022","DK","Denmark",0.000000000,""
"Chikungunya virus disease","Locally acquired cases","Age standardised rate","N/100000","2022","EE","Estonia",0.000000000,""
"Chikungunya virus disease","Locally acquired cases","Age standardised rate","N/100000","2022","EL","Greece",0.000000000,""
"Chikungunya virus disease","Locally acquired cases","Age standardised rate","N/100000","2022","ES","Spain",0.000000000,""
"Chikungunya virus disease","Locally acquired cases","Age standardised rate","N/100000","2022","EU27_21","EU (without UK)",0.000000000,""
"Chikungunya virus disease","Locally acquired cases","Age standardised rate","N/100000","2022","EU27_UK_21","EU (with UK until 2019)",0.000000000,""
"Chikungunya virus disease","Locally acquired cases","Age standardised rate","N/100000","2022","EUEEA30_21","EU/EEA (without UK)",0.000000000,""
"Chikungunya virus disease","Locally acquired cases","Age standardised rate","N/100000","2022","EUEEAUK_21","EU/EEA (with UK until 2019)",0.000000000,""
"Chikungunya virus disease","Locally acquired cases","Age standardised rate","N/100000","2022","FI","Finland",0.000000000,""
"Chikungunya virus disease","Locally acquired cases","Age standardised rate","N/100000","2022","FR","France",0.000000000,""
"Chikungunya virus disease","Locally acquired cases","Age standardised rate","N/100000","2022","HR","Croatia",0.000000000,""
"Chikungunya virus disease","Locally acquired cases","Age standardised rate","N/100000","2022","HU","Hungary",0.000000000,""
"Chikungunya virus disease","Locally acquired cases","Age standardised rate","N/100000","2022","IE","Ireland",0.000000000,""
"Chikungunya virus disease","Locally acquired cases","Age standardised rate","N/100000","2022","IS","Iceland",0.000000000,""
"Chikungunya virus disease","Locally acquired cases","Age standardised rate","N/100000","2022","IT","Italy",0.000000000,""
"Chikungunya virus disease","Locally acquired cases","Age standardised rate","N/100000","2022","LI","Liechtenstein",0.000000000,""
"Chikungunya virus disease","Locally acquired cases","Age standardised rate","N/100000","2022","LT","Lithuania",0.000000000,""
"Chikungunya virus disease","Locally acquired cases","Age standardised rate","N/100000","2022","LU","Luxembourg",0.000000000,""
"Chikungunya virus disease","Locally acquired cases","Age standardised rate","N/100000","2022","LV","Latvia",0.000000000,""
"Chikungunya virus disease","Locally acquired cases","Age standardised rate","N/100000","2022","MT","Malta",0.000000000,""
"Chikungunya virus disease","Locally acquired cases","Age standardised rate","N/100000","2022","NL","Netherlands",-,""
"Chikungunya virus disease","Locally acquired cases","Age standardised rate","N/100000","2022","PL","Poland",0.000000000,""
"Chikungunya virus disease","Locally acquired cases","Age standardised rate","N/100000","2022","PT","Portugal",0.000000000,""
"Chikungunya virus disease","Locally acquired cases","Age standardised rate","N/100000","2022","RO","Romania",0.000000000,""
"Chikungunya virus disease","Locally acquired cases","Age standardised rate","N/100000","2022","SE","Sweden",0.000000000,""
"Chikungunya virus disease","Locally acquired cases","Age standardised rate","N/100000","2022","SI","Slovenia",0.000000000,""
"Chikungunya virus disease","Locally acquired cases","Age standardised rate","N/100000","2022","SK","Slovakia",0.000000000,""
"Chikungunya virus disease","Locally acquired cases","Age standardised rate","N/100000","2023","AT","Austria",0.000000000,""
"Chikungunya virus disease","Locally acquired cases","Age standardised rate","N/100000","2023","BE","Belgium",0.000000000,""
"Chikungunya virus disease","Locally acquired cases","Age standardised rate","N/100000","2023","CZ","Czechia",0.000000000,""
"Chikungunya virus disease","Locally acquired cases","Age standardised rate","N/100000","2023","DE","Germany",0.000000000,""
"Chikungunya virus disease","Locally acquired cases","Age standardised rate","N/100000","2023","DK","Denmark",0.000000000,""
"Chikungunya virus disease","Locally acquired cases","Age standardised rate","N/100000","2023","EE","Estonia",0.000000000,""
"Chikungunya virus disease","Locally acquired cases","Age standardised rate","N/100000","2023","EL","Greece",0.000000000,""
"Chikungunya virus disease","Locally acquired cases","Age standardised rate","N/100000","2023","ES","Spain",0.000000000,""
"Chikungunya virus disease","Locally acquired cases","Age standardised rate","N/100000","2023","EU27_21","EU (without UK)",0.000000000,""
"Chikungunya virus disease","Locally acquired cases","Age standardised rate","N/100000","2023","EU27_UK_21","EU (with UK until 2019)",0.000000000,""
"Chikungunya virus disease","Locally acquired cases","Age standardised rate","N/100000","2023","EUEEA30_21","EU/EEA (without UK)",0.000000000,""
"Chikungunya virus disease","Locally acquired cases","Age standardised rate","N/100000","2023","EUEEAUK_21","EU/EEA (with UK until 2019)",0.000000000,""
"Chikungunya virus disease","Locally acquired cases","Age standardised rate","N/100000","2023","FI","Finland",0.000000000,""
"Chikungunya virus disease","Locally acquired cases","Age standardised rate","N/100000","2023","FR","France",0.000000000,""
"Chikungunya virus disease","Locally acquired cases","Age standardised rate","N/100000","2023","HR","Croatia",0.000000000,""
"Chikungunya virus disease","Locally acquired cases","Age standardised rate","N/100000","2023","HU","Hungary",0.000000000,""
"Chikungunya virus disease","Locally acquired cases","Age standardised rate","N/100000","2023","IE","Ireland",0.000000000,""
"Chikungunya virus disease","Locally acquired cases","Age standardised rate","N/100000","2023","IS","Iceland",0.000000000,""
"Chikungunya virus disease","Locally acquired cases","Age standardised rate","N/100000","2023","IT","Italy",0.000000000,""
"Chikungunya virus disease","Locally acquired cases","Age standardised rate","N/100000","2023","LI","Liechtenstein",0.000000000,""
"Chikungunya virus disease","Locally acquired cases","Age standardised rate","N/100000","2023","LT","Lithuania",0.000000000,""
"Chikungunya virus disease","Locally acquired cases","Age standardised rate","N/100000","2023","LU","Luxembourg",0.000000000,""
"Chikungunya virus disease","Locally acquired cases","Age standardised rate","N/100000","2023","LV","Latvia",0.000000000,""
"Chikungunya virus disease","Locally acquired cases","Age standardised rate","N/100000","2023","MT","Malta",0.000000000,""
"Chikungunya virus disease","Locally acquired cases","Age standardised rate","N/100000","2023","NL","Netherlands",-,""
"Chikungunya virus disease","Locally acquired cases","Age standardised rate","N/100000","2023","PL","Poland",0.000000000,""
"Chikungunya virus disease","Locally acquired cases","Age standardised rate","N/100000","2023","PT","Portugal",0.000000000,""
"Chikungunya virus disease","Locally acquired cases","Age standardised rate","N/100000","2023","RO","Romania",0.000000000,""
"Chikungunya virus disease","Locally acquired cases","Age standardised rate","N/100000","2023","SE","Sweden",0.000000000,""
"Chikungunya virus disease","Locally acquired cases","Age standardised rate","N/100000","2023","SI","Slovenia",0.000000000,""
"Chikungunya virus disease","Locally acquired cases","Age standardised rate","N/100000","2023","SK","Slovakia",0.000000000,""
"Chikungunya virus disease","Locally acquired cases","Age standardised rate","N/100000","2024","AT","Austria",0.000000000,""
"Chikungunya virus disease","Locally acquired cases","Age standardised rate","N/100000","2024","BE","Belgium",0.000000000,""
"Chikungunya virus disease","Locally acquired cases","Age standardised rate","N/100000","2024","CY","Cyprus",0.000000000,""
"Chikungunya virus disease","Locally acquired cases","Age standardised rate","N/100000","2024","CZ","Czechia",0.000000000,""
"Chikungunya virus disease","Locally acquired cases","Age standardised rate","N/100000","2024","DE","Germany",0.000000000,""
"Chikungunya virus disease","Locally acquired cases","Age standardised rate","N/100000","2024","DK","Denmark",0.000000000,""
"Chikungunya virus disease","Locally acquired cases","Age standardised rate","N/100000","2024","EE","Estonia",0.000000000,""
"Chikungunya virus disease","Locally acquired cases","Age standardised rate","N/100000","2024","EL","Greece",0.000000000,""
"Chikungunya virus disease","Locally acquired cases","Age standardised rate","N/100000","2024","ES","Spain",0.000000000,""
"Chikungunya virus disease","Locally acquired cases","Age standardised rate","N/100000","2024","EU27_21","EU (without UK)",0.000233000,""
"Chikungunya virus disease","Locally acquired cases","Age standardised rate","N/100000","2024","EU27_UK_21","EU (with UK until 2019)",0.000233000,""
"Chikungunya virus disease","Locally acquired cases","Age standardised rate","N/100000","2024","EUEEA30_21","EU/EEA (without UK)",0.000233000,""
"Chikungunya virus disease","Locally acquired cases","Age standardised rate","N/100000","2024","EUEEAUK_21","EU/EEA (with UK until 2019)",0.000233000,""
"Chikungunya virus disease","Locally acquired cases","Age standardised rate","N/100000","2024","FI","Finland",0.000000000,""
"Chikungunya virus disease","Locally acquired cases","Age standardised rate","N/100000","2024","FR","France",0.001448060,""
"Chikungunya virus disease","Locally acquired cases","Age standardised rate","N/100000","2024","HR","Croatia",0.000000000,""
"Chikungunya virus disease","Locally acquired cases","Age standardised rate","N/100000","2024","HU","Hungary",0.000000000,""
"Chikungunya virus disease","Locally acquired cases","Age standardised rate","N/100000","2024","IE","Ireland",0.000000000,""
"Chikungunya virus disease","Locally acquired cases","Age standardised rate","N/100000","2024","IS","Iceland",0.000000000,""
"Chikungunya virus disease","Locally acquired cases","Age standardised rate","N/100000","2024","IT","Italy",0.000000000,""
"Chikungunya virus disease","Locally acquired cases","Age standardised rate","N/100000","2024","LI","Liechtenstein",0.000000000,""
"Chikungunya virus disease","Locally acquired cases","Age standardised rate","N/100000","2024","LT","Lithuania",0.000000000,""
"Chikungunya virus disease","Locally acquired cases","Age standardised rate","N/100000","2024","LU","Luxembourg",0.000000000,""
"Chikungunya virus disease","Locally acquired cases","Age standardised rate","N/100000","2024","LV","Latvia",0.000000000,""
"Chikungunya virus disease","Locally acquired cases","Age standardised rate","N/100000","2024","MT","Malta",0.000000000,""
"Chikungunya virus disease","Locally acquired cases","Age standardised rate","N/100000","2024","NL","Netherlands",-,""
"Chikungunya virus disease","Locally acquired cases","Age standardised rate","N/100000","2024","PL","Poland",0.000000000,""
"Chikungunya virus disease","Locally acquired cases","Age standardised rate","N/100000","2024","PT","Portugal",0.000000000,""
"Chikungunya virus disease","Locally acquired cases","Age standardised rate","N/100000","2024","RO","Romania",0.000000000,""
"Chikungunya virus disease","Locally acquired cases","Age standardised rate","N/100000","2024","SE","Sweden",0.000000000,""
"Chikungunya virus disease","Locally acquired cases","Age standardised rate","N/100000","2024","SI","Slovenia",0.000000000,""
"Chikungunya virus disease","Locally acquired cases","Age standardised rate","N/100000","2024","SK","Slovakia",0.000000000,""
"Chikungunya virus disease","Locally acquired cases","Notification rate","N/100000","2008","AT","Austria",0.000000000,""
"Chikungunya virus disease","Locally acquired cases","Notification rate","N/100000","2008","BE","Belgium",0.000000000,""
"Chikungunya virus disease","Locally acquired cases","Notification rate","N/100000","2008","CZ","Czechia",0.000000000,""
"Chikungunya virus disease","Locally acquired cases","Notification rate","N/100000","2008","DE","Germany",0.000000000,""
"Chikungunya virus disease","Locally acquired cases","Notification rate","N/100000","2008","EE","Estonia",0.000000000,""
"Chikungunya virus disease","Locally acquired cases","Notification rate","N/100000","2008","EL","Greece",0.000000000,""
"Chikungunya virus disease","Locally acquired cases","Notification rate","N/100000","2008","ES","Spain",0.000000000,""
"Chikungunya virus disease","Locally acquired cases","Notification rate","N/100000","2008","EU27_21","EU (without UK)",0.000000000,""
"Chikungunya virus disease","Locally acquired cases","Notification rate","N/100000","2008","EU27_UK_21","EU (with UK until 2019)",0.000000000,""
"Chikungunya virus disease","Locally acquired cases","Notification rate","N/100000","2008","EUEEA30_21","EU/EEA (without UK)",0.000000000,""
"Chikungunya virus disease","Locally acquired cases","Notification rate","N/100000","2008","EUEEAUK_21","EU/EEA (with UK until 2019)",0.000000000,""
"Chikungunya virus disease","Locally acquired cases","Notification rate","N/100000","2008","FI","Finland",0.000000000,""
"Chikungunya virus disease","Locally acquired cases","Notification rate","N/100000","2008","FR","France",0.000000000,""
"Chikungunya virus disease","Locally acquired cases","Notification rate","N/100000","2008","HU","Hungary",0.000000000,""
"Chikungunya virus disease","Locally acquired cases","Notification rate","N/100000","2008","IE","Ireland",0.000000000,""
"Chikungunya virus disease","Locally acquired cases","Notification rate","N/100000","2008","IT","Italy",0.000000000,""
"Chikungunya virus disease","Locally acquired cases","Notification rate","N/100000","2008","LT","Lithuania",0.000000000,""
"Chikungunya virus disease","Locally acquired cases","Notification rate","N/100000","2008","LU","Luxembourg",0.000000000,""
"Chikungunya virus disease","Locally acquired cases","Notification rate","N/100000","2008","LV","Latvia",0.000000000,""
"Chikungunya virus disease","Locally acquired cases","Notification rate","N/100000","2008","MT","Malta",0.000000000,""
"Chikungunya virus disease","Locally acquired cases","Notification rate","N/100000","2008","PL","Poland",0.000000000,""
"Chikungunya virus disease","Locally acquired cases","Notification rate","N/100000","2008","RO","Romania",0.000000000,""
"Chikungunya virus disease","Locally acquired cases","Notification rate","N/100000","2008","SI","Slovenia",0.000000000,""
"Chikungunya virus disease","Locally acquired cases","Notification rate","N/100000","2008","SK","Slovakia",0.000000000,""
"Chikungunya virus disease","Locally acquired cases","Notification rate","N/100000","2008","UK","United Kingdom",0.000000000,""
"Chikungunya virus disease","Locally acquired cases","Notification rate","N/100000","2009","AT","Austria",0.000000000,""
"Chikungunya virus disease","Locally acquired cases","Notification rate","N/100000","2009","BE","Belgium",0.000000000,""
"Chikungunya virus disease","Locally acquired cases","Notification rate","N/100000","2009","CZ","Czechia",0.000000000,""
"Chikungunya virus disease","Locally acquired cases","Notification rate","N/100000","2009","DE","Germany",0.000000000,""
"Chikungunya virus disease","Locally acquired cases","Notification rate","N/100000","2009","EE","Estonia",0.000000000,""
"Chikungunya virus disease","Locally acquired cases","Notification rate","N/100000","2009","EL","Greece",0.000000000,""
"Chikungunya virus disease","Locally acquired cases","Notification rate","N/100000","2009","ES","Spain",0.000000000,""
"Chikungunya virus disease","Locally acquired cases","Notification rate","N/100000","2009","EU27_21","EU (without UK)",0.000000000,""
"Chikungunya virus disease","Locally acquired cases","Notification rate","N/100000","2009","EU27_UK_21","EU (with UK until 2019)",0.000000000,""
"Chikungunya virus disease","Locally acquired cases","Notification rate","N/100000","2009","EUEEA30_21","EU/EEA (without UK)",0.000000000,""
"Chikungunya virus disease","Locally acquired cases","Notification rate","N/100000","2009","EUEEAUK_21","EU/EEA (with UK until 2019)",0.000000000,""
"Chikungunya virus disease","Locally acquired cases","Notification rate","N/100000","2009","FI","Finland",0.000000000,""
"Chikungunya virus disease","Locally acquired cases","Notification rate","N/100000","2009","FR","France",0.000000000,""
"Chikungunya virus disease","Locally acquired cases","Notification rate","N/100000","2009","HU","Hungary",0.000000000,""
"Chikungunya virus disease","Locally acquired cases","Notification rate","N/100000","2009","IE","Ireland",0.000000000,""
"Chikungunya virus disease","Locally acquired cases","Notification rate","N/100000","2009","IT","Italy",0.000000000,""
"Chikungunya virus disease","Locally acquired cases","Notification rate","N/100000","2009","LT","Lithuania",0.000000000,""
"Chikungunya virus disease","Locally acquired cases","Notification rate","N/100000","2009","LU","Luxembourg",0.000000000,""
"Chikungunya virus disease","Locally acquired cases","Notification rate","N/100000","2009","LV","Latvia",0.000000000,""
"Chikungunya virus disease","Locally acquired cases","Notification rate","N/100000","2009","MT","Malta",0.000000000,""
"Chikungunya virus disease","Locally acquired cases","Notification rate","N/100000","2009","PL","Poland",0.000000000,""
"Chikungunya virus disease","Locally acquired cases","Notification rate","N/100000","2009","RO","Romania",0.000000000,""
"Chikungunya virus disease","Locally acquired cases","Notification rate","N/100000","2009","SE","Sweden",0.000000000,""
"Chikungunya virus disease","Locally acquired cases","Notification rate","N/100000","2009","SI","Slovenia",0.000000000,""
"Chikungunya virus disease","Locally acquired cases","Notification rate","N/100000","2009","SK","Slovakia",0.000000000,""
"Chikungunya virus disease","Locally acquired cases","Notification rate","N/100000","2009","UK","United Kingdom",0.000000000,""
"Chikungunya virus disease","Locally acquired cases","Notification rate","N/100000","2010","AT","Austria",0.000000000,""
"Chikungunya virus disease","Locally acquired cases","Notification rate","N/100000","2010","BE","Belgium",0.000000000,""
"Chikungunya virus disease","Locally acquired cases","Notification rate","N/100000","2010","CZ","Czechia",0.000000000,""
"Chikungunya virus disease","Locally acquired cases","Notification rate","N/100000","2010","DE","Germany",0.000000000,""
"Chikungunya virus disease","Locally acquired cases","Notification rate","N/100000","2010","DK","Denmark",0.000000000,""
"Chikungunya virus disease","Locally acquired cases","Notification rate","N/100000","2010","EE","Estonia",0.000000000,""
"Chikungunya virus disease","Locally acquired cases","Notification rate","N/100000","2010","EL","Greece",0.000000000,""
"Chikungunya virus disease","Locally acquired cases","Notification rate","N/100000","2010","ES","Spain",0.000000000,""
"Chikungunya virus disease","Locally acquired cases","Notification rate","N/100000","2010","EU27_21","EU (without UK)",0.000498000,""
"Chikungunya virus disease","Locally acquired cases","Notification rate","N/100000","2010","EU27_UK_21","EU (with UK until 2019)",0.000431000,""
"Chikungunya virus disease","Locally acquired cases","Notification rate","N/100000","2010","EUEEA30_21","EU/EEA (without UK)",0.000498000,""
"Chikungunya virus disease","Locally acquired cases","Notification rate","N/100000","2010","EUEEAUK_21","EU/EEA (with UK until 2019)",0.000431000,""
"Chikungunya virus disease","Locally acquired cases","Notification rate","N/100000","2010","FI","Finland",0.000000000,""
"Chikungunya virus disease","Locally acquired cases","Notification rate","N/100000","2010","FR","France",0.003093150,""
"Chikungunya virus disease","Locally acquired cases","Notification rate","N/100000","2010","HU","Hungary",0.000000000,""
"Chikungunya virus disease","Locally acquired cases","Notification rate","N/100000","2010","IE","Ireland",0.000000000,""
"Chikungunya virus disease","Locally acquired cases","Notification rate","N/100000","2010","IT","Italy",0.000000000,""
"Chikungunya virus disease","Locally acquired cases","Notification rate","N/100000","2010","LT","Lithuania",0.000000000,""
"Chikungunya virus disease","Locally acquired cases","Notification rate","N/100000","2010","LU","Luxembourg",0.000000000,""
"Chikungunya virus disease","Locally acquired cases","Notification rate","N/100000","2010","LV","Latvia",0.000000000,""
"Chikungunya virus disease","Locally acquired cases","Notification rate","N/100000","2010","MT","Malta",0.000000000,""
"Chikungunya virus disease","Locally acquired cases","Notification rate","N/100000","2010","PL","Poland",0.000000000,""
"Chikungunya virus disease","Locally acquired cases","Notification rate","N/100000","2010","RO","Romania",0.000000000,""
"Chikungunya virus disease","Locally acquired cases","Notification rate","N/100000","2010","SE","Sweden",0.000000000,""
"Chikungunya virus disease","Locally acquired cases","Notification rate","N/100000","2010","SI","Slovenia",0.000000000,""
"Chikungunya virus disease","Locally acquired cases","Notification rate","N/100000","2010","SK","Slovakia",0.000000000,""
"Chikungunya virus disease","Locally acquired cases","Notification rate","N/100000","2010","UK","United Kingdom",0.000000000,""
"Chikungunya virus disease","Locally acquired cases","Notification rate","N/100000","2011","AT","Austria",0.000000000,""
"Chikungunya virus disease","Locally acquired cases","Notification rate","N/100000","2011","BE","Belgium",0.000000000,""
"Chikungunya virus disease","Locally acquired cases","Notification rate","N/100000","2011","CZ","Czechia",0.000000000,""
"Chikungunya virus disease","Locally acquired cases","Notification rate","N/100000","2011","DE","Germany",0.000000000,""
"Chikungunya virus disease","Locally acquired cases","Notification rate","N/100000","2011","DK","Denmark",0.000000000,""
"Chikungunya virus disease","Locally acquired cases","Notification rate","N/100000","2011","EE","Estonia",0.000000000,""
"Chikungunya virus disease","Locally acquired cases","Notification rate","N/100000","2011","EL","Greece",0.000000000,""
"Chikungunya virus disease","Locally acquired cases","Notification rate","N/100000","2011","ES","Spain",0.000000000,""
"Chikungunya virus disease","Locally acquired cases","Notification rate","N/100000","2011","EU27_21","EU (without UK)",0.000000000,""
"Chikungunya virus disease","Locally acquired cases","Notification rate","N/100000","2011","EU27_UK_21","EU (with UK until 2019)",0.000000000,""
"Chikungunya virus disease","Locally acquired cases","Notification rate","N/100000","2011","EUEEA30_21","EU/EEA (without UK)",0.000000000,""
"Chikungunya virus disease","Locally acquired cases","Notification rate","N/100000","2011","EUEEAUK_21","EU/EEA (with UK until 2019)",0.000000000,""
"Chikungunya virus disease","Locally acquired cases","Notification rate","N/100000","2011","FI","Finland",0.000000000,""
"Chikungunya virus disease","Locally acquired cases","Notification rate","N/100000","2011","FR","France",0.000000000,""
"Chikungunya virus disease","Locally acquired cases","Notification rate","N/100000","2011","HU","Hungary",0.000000000,""
"Chikungunya virus disease","Locally acquired cases","Notification rate","N/100000","2011","IE","Ireland",0.000000000,""
"Chikungunya virus disease","Locally acquired cases","Notification rate","N/100000","2011","IT","Italy",0.000000000,""
"Chikungunya virus disease","Locally acquired cases","Notification rate","N/100000","2011","LT","Lithuania",0.000000000,""
"Chikungunya virus disease","Locally acquired cases","Notification rate","N/100000","2011","LU","Luxembourg",0.000000000,""
"Chikungunya virus disease","Locally acquired cases","Notification rate","N/100000","2011","LV","Latvia",0.000000000,""
"Chikungunya virus disease","Locally acquired cases","Notification rate","N/100000","2011","MT","Malta",0.000000000,""
"Chikungunya virus disease","Locally acquired cases","Notification rate","N/100000","2011","PL","Poland",0.000000000,""
"Chikungunya virus disease","Locally acquired cases","Notification rate","N/100000","2011","RO","Romania",0.000000000,""
"Chikungunya virus disease","Locally acquired cases","Notification rate","N/100000","2011","SE","Sweden",0.000000000,""
"Chikungunya virus disease","Locally acquired cases","Notification rate","N/100000","2011","SI","Slovenia",0.000000000,""
"Chikungunya virus disease","Locally acquired cases","Notification rate","N/100000","2011","SK","Slovakia",0.000000000,""
"Chikungunya virus disease","Locally acquired cases","Notification rate","N/100000","2011","UK","United Kingdom",0.000000000,""
"Chikungunya virus disease","Locally acquired cases","Notification rate","N/100000","2012","AT","Austria",0.000000000,""
"Chikungunya virus disease","Locally acquired cases","Notification rate","N/100000","2012","BE","Belgium",0.000000000,""
"Chikungunya virus disease","Locally acquired cases","Notification rate","N/100000","2012","CZ","Czechia",0.000000000,""
"Chikungunya virus disease","Locally acquired cases","Notification rate","N/100000","2012","DE","Germany",0.000000000,""
"Chikungunya virus disease","Locally acquired cases","Notification rate","N/100000","2012","DK","Denmark",0.000000000,""
"Chikungunya virus disease","Locally acquired cases","Notification rate","N/100000","2012","EE","Estonia",0.000000000,""
"Chikungunya virus disease","Locally acquired cases","Notification rate","N/100000","2012","EL","Greece",0.000000000,""
"Chikungunya virus disease","Locally acquired cases","Notification rate","N/100000","2012","ES","Spain",0.000000000,""
"Chikungunya virus disease","Locally acquired cases","Notification rate","N/100000","2012","EU27_21","EU (without UK)",0.000000000,""
"Chikungunya virus disease","Locally acquired cases","Notification rate","N/100000","2012","EU27_UK_21","EU (with UK until 2019)",0.000000000,""
"Chikungunya virus disease","Locally acquired cases","Notification rate","N/100000","2012","EUEEA30_21","EU/EEA (without UK)",0.000000000,""
"Chikungunya virus disease","Locally acquired cases","Notification rate","N/100000","2012","EUEEAUK_21","EU/EEA (with UK until 2019)",0.000000000,""
"Chikungunya virus disease","Locally acquired cases","Notification rate","N/100000","2012","FI","Finland",0.000000000,""
"Chikungunya virus disease","Locally acquired cases","Notification rate","N/100000","2012","FR","France",0.000000000,""
"Chikungunya virus disease","Locally acquired cases","Notification rate","N/100000","2012","HR","Croatia",0.000000000,""
"Chikungunya virus disease","Locally acquired cases","Notification rate","N/100000","2012","HU","Hungary",0.000000000,""
"Chikungunya virus disease","Locally acquired cases","Notification rate","N/100000","2012","IE","Ireland",0.000000000,""
"Chikungunya virus disease","Locally acquired cases","Notification rate","N/100000","2012","IT","Italy",0.000000000,""
"Chikungunya virus disease","Locally acquired cases","Notification rate","N/100000","2012","LT","Lithuania",0.000000000,""
"Chikungunya virus disease","Locally acquired cases","Notification rate","N/100000","2012","LU","Luxembourg",0.000000000,""
"Chikungunya virus disease","Locally acquired cases","Notification rate","N/100000","2012","LV","Latvia",0.000000000,""
"Chikungunya virus disease","Locally acquired cases","Notification rate","N/100000","2012","MT","Malta",0.000000000,""
"Chikungunya virus disease","Locally acquired cases","Notification rate","N/100000","2012","PL","Poland",0.000000000,""
"Chikungunya virus disease","Locally acquired cases","Notification rate","N/100000","2012","RO","Romania",0.000000000,""
"Chikungunya virus disease","Locally acquired cases","Notification rate","N/100000","2012","SE","Sweden",0.000000000,""
"Chikungunya virus disease","Locally acquired cases","Notification rate","N/100000","2012","SI","Slovenia",0.000000000,""
"Chikungunya virus disease","Locally acquired cases","Notification rate","N/100000","2012","SK","Slovakia",0.000000000,""
"Chikungunya virus disease","Locally acquired cases","Notification rate","N/100000","2012","UK","United Kingdom",0.000000000,""
"Chikungunya virus disease","Locally acquired cases","Notification rate","N/100000","2013","AT","Austria",0.000000000,""
"Chikungunya virus disease","Locally acquired cases","Notification rate","N/100000","2013","BE","Belgium",0.000000000,""
"Chikungunya virus disease","Locally acquired cases","Notification rate","N/100000","2013","CZ","Czechia",0.000000000,""
"Chikungunya virus disease","Locally acquired cases","Notification rate","N/100000","2013","DE","Germany",0.000000000,""
"Chikungunya virus disease","Locally acquired cases","Notification rate","N/100000","2013","DK","Denmark",0.000000000,""
"Chikungunya virus disease","Locally acquired cases","Notification rate","N/100000","2013","EE","Estonia",0.000000000,""
"Chikungunya virus disease","Locally acquired cases","Notification rate","N/100000","2013","EL","Greece",0.000000000,""
"Chikungunya virus disease","Locally acquired cases","Notification rate","N/100000","2013","ES","Spain",0.000000000,""
"Chikungunya virus disease","Locally acquired cases","Notification rate","N/100000","2013","EU27_21","EU (without UK)",0.000000000,""
"Chikungunya virus disease","Locally acquired cases","Notification rate","N/100000","2013","EU27_UK_21","EU (with UK until 2019)",0.000000000,""
"Chikungunya virus disease","Locally acquired cases","Notification rate","N/100000","2013","EUEEA30_21","EU/EEA (without UK)",0.000000000,""
"Chikungunya virus disease","Locally acquired cases","Notification rate","N/100000","2013","EUEEAUK_21","EU/EEA (with UK until 2019)",0.000000000,""
"Chikungunya virus disease","Locally acquired cases","Notification rate","N/100000","2013","FI","Finland",0.000000000,""
"Chikungunya virus disease","Locally acquired cases","Notification rate","N/100000","2013","FR","France",0.000000000,""
"Chikungunya virus disease","Locally acquired cases","Notification rate","N/100000","2013","HR","Croatia",0.000000000,""
"Chikungunya virus disease","Locally acquired cases","Notification rate","N/100000","2013","HU","Hungary",0.000000000,""
"Chikungunya virus disease","Locally acquired cases","Notification rate","N/100000","2013","IE","Ireland",0.000000000,""
"Chikungunya virus disease","Locally acquired cases","Notification rate","N/100000","2013","IT","Italy",0.000000000,""
"Chikungunya virus disease","Locally acquired cases","Notification rate","N/100000","2013","LT","Lithuania",0.000000000,""
"Chikungunya virus disease","Locally acquired cases","Notification rate","N/100000","2013","LU","Luxembourg",0.000000000,""
"Chikungunya virus disease","Locally acquired cases","Notification rate","N/100000","2013","LV","Latvia",0.000000000,""
"Chikungunya virus disease","Locally acquired cases","Notification rate","N/100000","2013","MT","Malta",0.000000000,""
"Chikungunya virus disease","Locally acquired cases","Notification rate","N/100000","2013","PL","Poland",0.000000000,""
"Chikungunya virus disease","Locally acquired cases","Notification rate","N/100000","2013","RO","Romania",0.000000000,""
"Chikungunya virus disease","Locally acquired cases","Notification rate","N/100000","2013","SE","Sweden",0.000000000,""
"Chikungunya virus disease","Locally acquired cases","Notification rate","N/100000","2013","SI","Slovenia",0.000000000,""
"Chikungunya virus disease","Locally acquired cases","Notification rate","N/100000","2013","SK","Slovakia",0.000000000,""
"Chikungunya virus disease","Locally acquired cases","Notification rate","N/100000","2013","UK","United Kingdom",0.000000000,""
"Chikungunya virus disease","Locally acquired cases","Notification rate","N/100000","2014","BE","Belgium",0.000000000,""
"Chikungunya virus disease","Locally acquired cases","Notification rate","N/100000","2014","CZ","Czechia",0.000000000,""
"Chikungunya virus disease","Locally acquired cases","Notification rate","N/100000","2014","DE","Germany",0.000000000,""
"Chikungunya virus disease","Locally acquired cases","Notification rate","N/100000","2014","DK","Denmark",0.000000000,""
"Chikungunya virus disease","Locally acquired cases","Notification rate","N/100000","2014","EE","Estonia",0.000000000,""
"Chikungunya virus disease","Locally acquired cases","Notification rate","N/100000","2014","EL","Greece",0.000000000,""
"Chikungunya virus disease","Locally acquired cases","Notification rate","N/100000","2014","ES","Spain",0.000000000,""
"Chikungunya virus disease","Locally acquired cases","Notification rate","N/100000","2014","EU27_21","EU (without UK)",0.002889000,""
"Chikungunya virus disease","Locally acquired cases","Notification rate","N/100000","2014","EU27_UK_21","EU (with UK until 2019)",0.002501000,""
"Chikungunya virus disease","Locally acquired cases","Notification rate","N/100000","2014","EUEEA30_21","EU/EEA (without UK)",0.002889000,""
"Chikungunya virus disease","Locally acquired cases","Notification rate","N/100000","2014","EUEEAUK_21","EU/EEA (with UK until 2019)",0.002501000,""
"Chikungunya virus disease","Locally acquired cases","Notification rate","N/100000","2014","FI","Finland",0.000000000,""
"Chikungunya virus disease","Locally acquired cases","Notification rate","N/100000","2014","FR","France",0.018136200,""
"Chikungunya virus disease","Locally acquired cases","Notification rate","N/100000","2014","HR","Croatia",0.000000000,""
"Chikungunya virus disease","Locally acquired cases","Notification rate","N/100000","2014","HU","Hungary",0.000000000,""
"Chikungunya virus disease","Locally acquired cases","Notification rate","N/100000","2014","IE","Ireland",0.000000000,""
"Chikungunya virus disease","Locally acquired cases","Notification rate","N/100000","2014","IT","Italy",0.000000000,""
"Chikungunya virus disease","Locally acquired cases","Notification rate","N/100000","2014","LT","Lithuania",0.000000000,""
"Chikungunya virus disease","Locally acquired cases","Notification rate","N/100000","2014","LU","Luxembourg",0.000000000,""
"Chikungunya virus disease","Locally acquired cases","Notification rate","N/100000","2014","LV","Latvia",0.000000000,""
"Chikungunya virus disease","Locally acquired cases","Notification rate","N/100000","2014","MT","Malta",0.000000000,""
"Chikungunya virus disease","Locally acquired cases","Notification rate","N/100000","2014","NL","Netherlands",0.000000000,""
"Chikungunya virus disease","Locally acquired cases","Notification rate","N/100000","2014","PL","Poland",0.000000000,""
"Chikungunya virus disease","Locally acquired cases","Notification rate","N/100000","2014","RO","Romania",0.000000000,""
"Chikungunya virus disease","Locally acquired cases","Notification rate","N/100000","2014","SE","Sweden",0.000000000,""
"Chikungunya virus disease","Locally acquired cases","Notification rate","N/100000","2014","SI","Slovenia",0.000000000,""
"Chikungunya virus disease","Locally acquired cases","Notification rate","N/100000","2014","SK","Slovakia",0.000000000,""
"Chikungunya virus disease","Locally acquired cases","Notification rate","N/100000","2014","UK","United Kingdom",0.000000000,""
"Chikungunya virus disease","Locally acquired cases","Notification rate","N/100000","2015","BE","Belgium",0.000000000,""
"Chikungunya virus disease","Locally acquired cases","Notification rate","N/100000","2015","CZ","Czechia",0.000000000,""
"Chikungunya virus disease","Locally acquired cases","Notification rate","N/100000","2015","DE","Germany",0.000000000,""
"Chikungunya virus disease","Locally acquired cases","Notification rate","N/100000","2015","DK","Denmark",0.000000000,""
"Chikungunya virus disease","Locally acquired cases","Notification rate","N/100000","2015","EE","Estonia",0.000000000,""
"Chikungunya virus disease","Locally acquired cases","Notification rate","N/100000","2015","EL","Greece",0.000000000,""
"Chikungunya virus disease","Locally acquired cases","Notification rate","N/100000","2015","ES","Spain",0.000000000,""
"Chikungunya virus disease","Locally acquired cases","Notification rate","N/100000","2015","EU27_21","EU (without UK)",0.000000000,""
"Chikungunya virus disease","Locally acquired cases","Notification rate","N/100000","2015","EU27_UK_21","EU (with UK until 2019)",0.000000000,""
"Chikungunya virus disease","Locally acquired cases","Notification rate","N/100000","2015","EUEEA30_21","EU/EEA (without UK)",0.000000000,""
"Chikungunya virus disease","Locally acquired cases","Notification rate","N/100000","2015","EUEEAUK_21","EU/EEA (with UK until 2019)",0.000000000,""
"Chikungunya virus disease","Locally acquired cases","Notification rate","N/100000","2015","FI","Finland",0.000000000,""
"Chikungunya virus disease","Locally acquired cases","Notification rate","N/100000","2015","FR","France",0.000000000,""
"Chikungunya virus disease","Locally acquired cases","Notification rate","N/100000","2015","HR","Croatia",0.000000000,""
"Chikungunya virus disease","Locally acquired cases","Notification rate","N/100000","2015","HU","Hungary",0.000000000,""
"Chikungunya virus disease","Locally acquired cases","Notification rate","N/100000","2015","IE","Ireland",0.000000000,""
"Chikungunya virus disease","Locally acquired cases","Notification rate","N/100000","2015","IT","Italy",0.000000000,""
"Chikungunya virus disease","Locally acquired cases","Notification rate","N/100000","2015","LT","Lithuania",0.000000000,""
"Chikungunya virus disease","Locally acquired cases","Notification rate","N/100000","2015","LU","Luxembourg",0.000000000,""
"Chikungunya virus disease","Locally acquired cases","Notification rate","N/100000","2015","LV","Latvia",0.000000000,""
"Chikungunya virus disease","Locally acquired cases","Notification rate","N/100000","2015","MT","Malta",0.000000000,""
"Chikungunya virus disease","Locally acquired cases","Notification rate","N/100000","2015","NL","Netherlands",0.000000000,""
"Chikungunya virus disease","Locally acquired cases","Notification rate","N/100000","2015","PL","Poland",0.000000000,""
"Chikungunya virus disease","Locally acquired cases","Notification rate","N/100000","2015","PT","Portugal",0.000000000,""
"Chikungunya virus disease","Locally acquired cases","Notification rate","N/100000","2015","RO","Romania",0.000000000,""
"Chikungunya virus disease","Locally acquired cases","Notification rate","N/100000","2015","SE","Sweden",0.000000000,""
"Chikungunya virus disease","Locally acquired cases","Notification rate","N/100000","2015","SI","Slovenia",0.000000000,""
"Chikungunya virus disease","Locally acquired cases","Notification rate","N/100000","2015","SK","Slovakia",0.000000000,""
"Chikungunya virus disease","Locally acquired cases","Notification rate","N/100000","2015","UK","United Kingdom",0.000000000,""
"Chikungunya virus disease","Locally acquired cases","Notification rate","N/100000","2016","AT","Austria",0.000000000,""
"Chikungunya virus disease","Locally acquired cases","Notification rate","N/100000","2016","BE","Belgium",0.000000000,""
"Chikungunya virus disease","Locally acquired cases","Notification rate","N/100000","2016","CZ","Czechia",0.000000000,""
"Chikungunya virus disease","Locally acquired cases","Notification rate","N/100000","2016","DE","Germany",0.000000000,""
"Chikungunya virus disease","Locally acquired cases","Notification rate","N/100000","2016","DK","Denmark",0.000000000,""
"Chikungunya virus disease","Locally acquired cases","Notification rate","N/100000","2016","EE","Estonia",0.000000000,""
"Chikungunya virus disease","Locally acquired cases","Notification rate","N/100000","2016","EL","Greece",0.000000000,""
"Chikungunya virus disease","Locally acquired cases","Notification rate","N/100000","2016","ES","Spain",0.000000000,""
"Chikungunya virus disease","Locally acquired cases","Notification rate","N/100000","2016","EU27_21","EU (without UK)",0.000000000,""
"Chikungunya virus disease","Locally acquired cases","Notification rate","N/100000","2016","EU27_UK_21","EU (with UK until 2019)",0.000000000,""
"Chikungunya virus disease","Locally acquired cases","Notification rate","N/100000","2016","EUEEA30_21","EU/EEA (without UK)",0.000000000,""
"Chikungunya virus disease","Locally acquired cases","Notification rate","N/100000","2016","EUEEAUK_21","EU/EEA (with UK until 2019)",0.000000000,""
"Chikungunya virus disease","Locally acquired cases","Notification rate","N/100000","2016","FI","Finland",0.000000000,""
"Chikungunya virus disease","Locally acquired cases","Notification rate","N/100000","2016","FR","France",0.000000000,""
"Chikungunya virus disease","Locally acquired cases","Notification rate","N/100000","2016","HR","Croatia",0.000000000,""
"Chikungunya virus disease","Locally acquired cases","Notification rate","N/100000","2016","HU","Hungary",0.000000000,""
"Chikungunya virus disease","Locally acquired cases","Notification rate","N/100000","2016","IE","Ireland",0.000000000,""
"Chikungunya virus disease","Locally acquired cases","Notification rate","N/100000","2016","IT","Italy",0.000000000,""
"Chikungunya virus disease","Locally acquired cases","Notification rate","N/100000","2016","LT","Lithuania",0.000000000,""
"Chikungunya virus disease","Locally acquired cases","Notification rate","N/100000","2016","LU","Luxembourg",0.000000000,""
"Chikungunya virus disease","Locally acquired cases","Notification rate","N/100000","2016","LV","Latvia",0.000000000,""
"Chikungunya virus disease","Locally acquired cases","Notification rate","N/100000","2016","MT","Malta",0.000000000,""
"Chikungunya virus disease","Locally acquired cases","Notification rate","N/100000","2016","NL","Netherlands",0.000000000,""
"Chikungunya virus disease","Locally acquired cases","Notification rate","N/100000","2016","PL","Poland",0.000000000,""
"Chikungunya virus disease","Locally acquired cases","Notification rate","N/100000","2016","PT","Portugal",0.000000000,""
"Chikungunya virus disease","Locally acquired cases","Notification rate","N/100000","2016","RO","Romania",0.000000000,""
"Chikungunya virus disease","Locally acquired cases","Notification rate","N/100000","2016","SE","Sweden",0.000000000,""
"Chikungunya virus disease","Locally acquired cases","Notification rate","N/100000","2016","SI","Slovenia",0.000000000,""
"Chikungunya virus disease","Locally acquired cases","Notification rate","N/100000","2016","SK","Slovakia",0.000000000,""
"Chikungunya virus disease","Locally acquired cases","Notification rate","N/100000","2016","UK","United Kingdom",0.000000000,""
"Chikungunya virus disease","Locally acquired cases","Notification rate","N/100000","2017","AT","Austria",0.000000000,""
"Chikungunya virus disease","Locally acquired cases","Notification rate","N/100000","2017","BE","Belgium",0.000000000,""
"Chikungunya virus disease","Locally acquired cases","Notification rate","N/100000","2017","CZ","Czechia",0.000000000,""
"Chikungunya virus disease","Locally acquired cases","Notification rate","N/100000","2017","DE","Germany",0.000000000,""
"Chikungunya virus disease","Locally acquired cases","Notification rate","N/100000","2017","DK","Denmark",0.000000000,""
"Chikungunya virus disease","Locally acquired cases","Notification rate","N/100000","2017","EE","Estonia",0.000000000,""
"Chikungunya virus disease","Locally acquired cases","Notification rate","N/100000","2017","EL","Greece",0.000000000,""
"Chikungunya virus disease","Locally acquired cases","Notification rate","N/100000","2017","ES","Spain",0.000000000,""
"Chikungunya virus disease","Locally acquired cases","Notification rate","N/100000","2017","EU27_21","EU (without UK)",0.068428000,""
"Chikungunya virus disease","Locally acquired cases","Notification rate","N/100000","2017","EU27_UK_21","EU (with UK until 2019)",0.059467000,""
"Chikungunya virus disease","Locally acquired cases","Notification rate","N/100000","2017","EUEEA30_21","EU/EEA (without UK)",0.068428000,""
"Chikungunya virus disease","Locally acquired cases","Notification rate","N/100000","2017","EUEEAUK_21","EU/EEA (with UK until 2019)",0.059467000,""
"Chikungunya virus disease","Locally acquired cases","Notification rate","N/100000","2017","FI","Finland",0.000000000,""
"Chikungunya virus disease","Locally acquired cases","Notification rate","N/100000","2017","FR","France",0.025445360,""
"Chikungunya virus disease","Locally acquired cases","Notification rate","N/100000","2017","HR","Croatia",0.000000000,""
"Chikungunya virus disease","Locally acquired cases","Notification rate","N/100000","2017","HU","Hungary",0.000000000,""
"Chikungunya virus disease","Locally acquired cases","Notification rate","N/100000","2017","IE","Ireland",0.000000000,""
"Chikungunya virus disease","Locally acquired cases","Notification rate","N/100000","2017","IT","Italy",0.469477830,""
"Chikungunya virus disease","Locally acquired cases","Notification rate","N/100000","2017","LT","Lithuania",0.000000000,""
"Chikungunya virus disease","Locally acquired cases","Notification rate","N/100000","2017","LU","Luxembourg",0.000000000,""
"Chikungunya virus disease","Locally acquired cases","Notification rate","N/100000","2017","LV","Latvia",0.000000000,""
"Chikungunya virus disease","Locally acquired cases","Notification rate","N/100000","2017","MT","Malta",0.000000000,""
"Chikungunya virus disease","Locally acquired cases","Notification rate","N/100000","2017","NL","Netherlands",0.000000000,""
"Chikungunya virus disease","Locally acquired cases","Notification rate","N/100000","2017","PL","Poland",0.000000000,""
"Chikungunya virus disease","Locally acquired cases","Notification rate","N/100000","2017","PT","Portugal",0.000000000,""
"Chikungunya virus disease","Locally acquired cases","Notification rate","N/100000","2017","RO","Romania",0.000000000,""
"Chikungunya virus disease","Locally acquired cases","Notification rate","N/100000","2017","SE","Sweden",0.000000000,""
"Chikungunya virus disease","Locally acquired cases","Notification rate","N/100000","2017","SI","Slovenia",0.000000000,""
"Chikungunya virus disease","Locally acquired cases","Notification rate","N/100000","2017","SK","Slovakia",0.000000000,""
"Chikungunya virus disease","Locally acquired cases","Notification rate","N/100000","2017","UK","United Kingdom",0.000000000,""
"Chikungunya virus disease","Locally acquired cases","Notification rate","N/100000","2018","AT","Austria",0.000000000,""
"Chikungunya virus disease","Locally acquired cases","Notification rate","N/100000","2018","BE","Belgium",0.000000000,""
"Chikungunya virus disease","Locally acquired cases","Notification rate","N/100000","2018","CZ","Czechia",0.000000000,""
"Chikungunya virus disease","Locally acquired cases","Notification rate","N/100000","2018","DE","Germany",0.000000000,""
"Chikungunya virus disease","Locally acquired cases","Notification rate","N/100000","2018","DK","Denmark",0.000000000,""
"Chikungunya virus disease","Locally acquired cases","Notification rate","N/100000","2018","EE","Estonia",0.000000000,""
"Chikungunya virus disease","Locally acquired cases","Notification rate","N/100000","2018","EL","Greece",0.000000000,""
"Chikungunya virus disease","Locally acquired cases","Notification rate","N/100000","2018","ES","Spain",0.000000000,""
"Chikungunya virus disease","Locally acquired cases","Notification rate","N/100000","2018","EU27_21","EU (without UK)",0.000000000,""
"Chikungunya virus disease","Locally acquired cases","Notification rate","N/100000","2018","EU27_UK_21","EU (with UK until 2019)",0.000000000,""
"Chikungunya virus disease","Locally acquired cases","Notification rate","N/100000","2018","EUEEA30_21","EU/EEA (without UK)",0.000000000,""
"Chikungunya virus disease","Locally acquired cases","Notification rate","N/100000","2018","EUEEAUK_21","EU/EEA (with UK until 2019)",0.000000000,""
"Chikungunya virus disease","Locally acquired cases","Notification rate","N/100000","2018","FI","Finland",0.000000000,""
"Chikungunya virus disease","Locally acquired cases","Notification rate","N/100000","2018","FR","France",0.000000000,""
"Chikungunya virus disease","Locally acquired cases","Notification rate","N/100000","2018","HR","Croatia",0.000000000,""
"Chikungunya virus disease","Locally acquired cases","Notification rate","N/100000","2018","HU","Hungary",0.000000000,""
"Chikungunya virus disease","Locally acquired cases","Notification rate","N/100000","2018","IE","Ireland",0.000000000,""
"Chikungunya virus disease","Locally acquired cases","Notification rate","N/100000","2018","IT","Italy",0.000000000,""
"Chikungunya virus disease","Locally acquired cases","Notification rate","N/100000","2018","LT","Lithuania",0.000000000,""
"Chikungunya virus disease","Locally acquired cases","Notification rate","N/100000","2018","LU","Luxembourg",0.000000000,""
"Chikungunya virus disease","Locally acquired cases","Notification rate","N/100000","2018","LV","Latvia",0.000000000,""
"Chikungunya virus disease","Locally acquired cases","Notification rate","N/100000","2018","MT","Malta",0.000000000,""
"Chikungunya virus disease","Locally acquired cases","Notification rate","N/100000","2018","NL","Netherlands",0.000000000,""
"Chikungunya virus disease","Locally acquired cases","Notification rate","N/100000","2018","PL","Poland",0.000000000,""
"Chikungunya virus disease","Locally acquired cases","Notification rate","N/100000","2018","PT","Portugal",0.000000000,""
"Chikungunya virus disease","Locally acquired cases","Notification rate","N/100000","2018","RO","Romania",0.000000000,""
"Chikungunya virus disease","Locally acquired cases","Notification rate","N/100000","2018","SE","Sweden",0.000000000,""
"Chikungunya virus disease","Locally acquired cases","Notification rate","N/100000","2018","SI","Slovenia",0.000000000,""
"Chikungunya virus disease","Locally acquired cases","Notification rate","N/100000","2018","SK","Slovakia",0.000000000,""
"Chikungunya virus disease","Locally acquired cases","Notification rate","N/100000","2018","UK","United Kingdom",0.000000000,""
"Chikungunya virus disease","Locally acquired cases","Notification rate","N/100000","2019","AT","Austria",0.000000000,""
"Chikungunya virus disease","Locally acquired cases","Notification rate","N/100000","2019","BE","Belgium",0.000000000,""
"Chikungunya virus disease","Locally acquired cases","Notification rate","N/100000","2019","CZ","Czechia",0.000000000,""
"Chikungunya virus disease","Locally acquired cases","Notification rate","N/100000","2019","DE","Germany",0.000000000,""
"Chikungunya virus disease","Locally acquired cases","Notification rate","N/100000","2019","DK","Denmark",0.000000000,""
"Chikungunya virus disease","Locally acquired cases","Notification rate","N/100000","2019","EE","Estonia",0.000000000,""
"Chikungunya virus disease","Locally acquired cases","Notification rate","N/100000","2019","EL","Greece",0.000000000,""
"Chikungunya virus disease","Locally acquired cases","Notification rate","N/100000","2019","ES","Spain",0.000000000,""
"Chikungunya virus disease","Locally acquired cases","Notification rate","N/100000","2019","EU27_21","EU (without UK)",0.000000000,""
"Chikungunya virus disease","Locally acquired cases","Notification rate","N/100000","2019","EU27_UK_21","EU (with UK until 2019)",0.000000000,""
"Chikungunya virus disease","Locally acquired cases","Notification rate","N/100000","2019","EUEEA30_21","EU/EEA (without UK)",0.000000000,""
"Chikungunya virus disease","Locally acquired cases","Notification rate","N/100000","2019","EUEEAUK_21","EU/EEA (with UK until 2019)",0.000000000,""
"Chikungunya virus disease","Locally acquired cases","Notification rate","N/100000","2019","FI","Finland",0.000000000,""
"Chikungunya virus disease","Locally acquired cases","Notification rate","N/100000","2019","FR","France",0.000000000,""
"Chikungunya virus disease","Locally acquired cases","Notification rate","N/100000","2019","HR","Croatia",0.000000000,""
"Chikungunya virus disease","Locally acquired cases","Notification rate","N/100000","2019","HU","Hungary",0.000000000,""
"Chikungunya virus disease","Locally acquired cases","Notification rate","N/100000","2019","IE","Ireland",0.000000000,""
"Chikungunya virus disease","Locally acquired cases","Notification rate","N/100000","2019","IT","Italy",0.000000000,""
"Chikungunya virus disease","Locally acquired cases","Notification rate","N/100000","2019","LT","Lithuania",0.000000000,""
"Chikungunya virus disease","Locally acquired cases","Notification rate","N/100000","2019","LU","Luxembourg",0.000000000,""
"Chikungunya virus disease","Locally acquired cases","Notification rate","N/100000","2019","LV","Latvia",0.000000000,""
"Chikungunya virus disease","Locally acquired cases","Notification rate","N/100000","2019","MT","Malta",0.000000000,""
"Chikungunya virus disease","Locally acquired cases","Notification rate","N/100000","2019","NL","Netherlands",0.000000000,""
"Chikungunya virus disease","Locally acquired cases","Notification rate","N/100000","2019","PL","Poland",0.000000000,""
"Chikungunya virus disease","Locally acquired cases","Notification rate","N/100000","2019","PT","Portugal",0.000000000,""
"Chikungunya virus disease","Locally acquired cases","Notification rate","N/100000","2019","RO","Romania",0.000000000,""
"Chikungunya virus disease","Locally acquired cases","Notification rate","N/100000","2019","SE","Sweden",0.000000000,""
"Chikungunya virus disease","Locally acquired cases","Notification rate","N/100000","2019","SI","Slovenia",0.000000000,""
"Chikungunya virus disease","Locally acquired cases","Notification rate","N/100000","2019","SK","Slovakia",0.000000000,""
"Chikungunya virus disease","Locally acquired cases","Notification rate","N/100000","2019","UK","United Kingdom",0.000000000,""
"Chikungunya virus disease","Locally acquired cases","Notification rate","N/100000","2020","AT","Austria",0.000000000,""
"Chikungunya virus disease","Locally acquired cases","Notification rate","N/100000","2020","BE","Belgium",0.000000000,""
"Chikungunya virus disease","Locally acquired cases","Notification rate","N/100000","2020","CZ","Czechia",0.000000000,""
"Chikungunya virus disease","Locally acquired cases","Notification rate","N/100000","2020","DE","Germany",0.000000000,""
"Chikungunya virus disease","Locally acquired cases","Notification rate","N/100000","2020","DK","Denmark",0.000000000,""
"Chikungunya virus disease","Locally acquired cases","Notification rate","N/100000","2020","EE","Estonia",0.000000000,""
"Chikungunya virus disease","Locally acquired cases","Notification rate","N/100000","2020","EL","Greece",0.000000000,""
"Chikungunya virus disease","Locally acquired cases","Notification rate","N/100000","2020","ES","Spain",0.000000000,""
"Chikungunya virus disease","Locally acquired cases","Notification rate","N/100000","2020","EU27_21","EU (without UK)",0.000000000,""
"Chikungunya virus disease","Locally acquired cases","Notification rate","N/100000","2020","EU27_UK_21","EU (with UK until 2019)",0.000000000,""
"Chikungunya virus disease","Locally acquired cases","Notification rate","N/100000","2020","EUEEA30_21","EU/EEA (without UK)",0.000000000,""
"Chikungunya virus disease","Locally acquired cases","Notification rate","N/100000","2020","EUEEAUK_21","EU/EEA (with UK until 2019)",0.000000000,""
"Chikungunya virus disease","Locally acquired cases","Notification rate","N/100000","2020","FI","Finland",0.000000000,""
"Chikungunya virus disease","Locally acquired cases","Notification rate","N/100000","2020","FR","France",0.000000000,""
"Chikungunya virus disease","Locally acquired cases","Notification rate","N/100000","2020","HR","Croatia",0.000000000,""
"Chikungunya virus disease","Locally acquired cases","Notification rate","N/100000","2020","HU","Hungary",0.000000000,""
"Chikungunya virus disease","Locally acquired cases","Notification rate","N/100000","2020","IE","Ireland",0.000000000,""
"Chikungunya virus disease","Locally acquired cases","Notification rate","N/100000","2020","IT","Italy",0.000000000,""
"Chikungunya virus disease","Locally acquired cases","Notification rate","N/100000","2020","LT","Lithuania",0.000000000,""
"Chikungunya virus disease","Locally acquired cases","Notification rate","N/100000","2020","LU","Luxembourg",0.000000000,""
"Chikungunya virus disease","Locally acquired cases","Notification rate","N/100000","2020","LV","Latvia",0.000000000,""
"Chikungunya virus disease","Locally acquired cases","Notification rate","N/100000","2020","MT","Malta",0.000000000,""
"Chikungunya virus disease","Locally acquired cases","Notification rate","N/100000","2020","NL","Netherlands",0.000000000,""
"Chikungunya virus disease","Locally acquired cases","Notification rate","N/100000","2020","PL","Poland",0.000000000,""
"Chikungunya virus disease","Locally acquired cases","Notification rate","N/100000","2020","PT","Portugal",0.000000000,""
"Chikungunya virus disease","Locally acquired cases","Notification rate","N/100000","2020","RO","Romania",0.000000000,""
"Chikungunya virus disease","Locally acquired cases","Notification rate","N/100000","2020","SE","Sweden",0.000000000,""
"Chikungunya virus disease","Locally acquired cases","Notification rate","N/100000","2020","SI","Slovenia",0.000000000,""
"Chikungunya virus disease","Locally acquired cases","Notification rate","N/100000","2020","SK","Slovakia",0.000000000,""
"Chikungunya virus disease","Locally acquired cases","Notification rate","N/100000","2021","AT","Austria",0.000000000,""
"Chikungunya virus disease","Locally acquired cases","Notification rate","N/100000","2021","BE","Belgium",0.000000000,""
"Chikungunya virus disease","Locally acquired cases","Notification rate","N/100000","2021","CZ","Czechia",0.000000000,""
"Chikungunya virus disease","Locally acquired cases","Notification rate","N/100000","2021","DE","Germany",0.000000000,""
"Chikungunya virus disease","Locally acquired cases","Notification rate","N/100000","2021","DK","Denmark",0.000000000,""
"Chikungunya virus disease","Locally acquired cases","Notification rate","N/100000","2021","EE","Estonia",0.000000000,""
"Chikungunya virus disease","Locally acquired cases","Notification rate","N/100000","2021","EL","Greece",0.000000000,""
"Chikungunya virus disease","Locally acquired cases","Notification rate","N/100000","2021","ES","Spain",0.000000000,""
"Chikungunya virus disease","Locally acquired cases","Notification rate","N/100000","2021","EU27_21","EU (without UK)",0.000000000,""
"Chikungunya virus disease","Locally acquired cases","Notification rate","N/100000","2021","EU27_UK_21","EU (with UK until 2019)",0.000000000,""
"Chikungunya virus disease","Locally acquired cases","Notification rate","N/100000","2021","EUEEA30_21","EU/EEA (without UK)",0.000000000,""
"Chikungunya virus disease","Locally acquired cases","Notification rate","N/100000","2021","EUEEAUK_21","EU/EEA (with UK until 2019)",0.000000000,""
"Chikungunya virus disease","Locally acquired cases","Notification rate","N/100000","2021","FI","Finland",0.000000000,""
"Chikungunya virus disease","Locally acquired cases","Notification rate","N/100000","2021","FR","France",0.000000000,""
"Chikungunya virus disease","Locally acquired cases","Notification rate","N/100000","2021","HR","Croatia",0.000000000,""
"Chikungunya virus disease","Locally acquired cases","Notification rate","N/100000","2021","HU","Hungary",0.000000000,""
"Chikungunya virus disease","Locally acquired cases","Notification rate","N/100000","2021","IE","Ireland",0.000000000,""
"Chikungunya virus disease","Locally acquired cases","Notification rate","N/100000","2021","IT","Italy",0.000000000,""
"Chikungunya virus disease","Locally acquired cases","Notification rate","N/100000","2021","LI","Liechtenstein",0.000000000,""
"Chikungunya virus disease","Locally acquired cases","Notification rate","N/100000","2021","LT","Lithuania",0.000000000,""
"Chikungunya virus disease","Locally acquired cases","Notification rate","N/100000","2021","LU","Luxembourg",0.000000000,""
"Chikungunya virus disease","Locally acquired cases","Notification rate","N/100000","2021","LV","Latvia",0.000000000,""
"Chikungunya virus disease","Locally acquired cases","Notification rate","N/100000","2021","MT","Malta",0.000000000,""
"Chikungunya virus disease","Locally acquired cases","Notification rate","N/100000","2021","NL","Netherlands",0.000000000,""
"Chikungunya virus disease","Locally acquired cases","Notification rate","N/100000","2021","PL","Poland",0.000000000,""
"Chikungunya virus disease","Locally acquired cases","Notification rate","N/100000","2021","PT","Portugal",0.000000000,""
"Chikungunya virus disease","Locally acquired cases","Notification rate","N/100000","2021","RO","Romania",0.000000000,""
"Chikungunya virus disease","Locally acquired cases","Notification rate","N/100000","2021","SE","Sweden",0.000000000,""
"Chikungunya virus disease","Locally acquired cases","Notification rate","N/100000","2021","SI","Slovenia",0.000000000,""
"Chikungunya virus disease","Locally acquired cases","Notification rate","N/100000","2021","SK","Slovakia",0.000000000,""
"Chikungunya virus disease","Locally acquired cases","Notification rate","N/100000","2022","AT","Austria",0.000000000,""
"Chikungunya virus disease","Locally acquired cases","Notification rate","N/100000","2022","BE","Belgium",0.000000000,""
"Chikungunya virus disease","Locally acquired cases","Notification rate","N/100000","2022","CZ","Czechia",0.000000000,""
"Chikungunya virus disease","Locally acquired cases","Notification rate","N/100000","2022","DE","Germany",0.000000000,""
"Chikungunya virus disease","Locally acquired cases","Notification rate","N/100000","2022","DK","Denmark",0.000000000,""
"Chikungunya virus disease","Locally acquired cases","Notification rate","N/100000","2022","EE","Estonia",0.000000000,""
"Chikungunya virus disease","Locally acquired cases","Notification rate","N/100000","2022","EL","Greece",0.000000000,""
"Chikungunya virus disease","Locally acquired cases","Notification rate","N/100000","2022","ES","Spain",0.000000000,""
"Chikungunya virus disease","Locally acquired cases","Notification rate","N/100000","2022","EU27_21","EU (without UK)",0.000000000,""
"Chikungunya virus disease","Locally acquired cases","Notification rate","N/100000","2022","EU27_UK_21","EU (with UK until 2019)",0.000000000,""
"Chikungunya virus disease","Locally acquired cases","Notification rate","N/100000","2022","EUEEA30_21","EU/EEA (without UK)",0.000000000,""
"Chikungunya virus disease","Locally acquired cases","Notification rate","N/100000","2022","EUEEAUK_21","EU/EEA (with UK until 2019)",0.000000000,""
"Chikungunya virus disease","Locally acquired cases","Notification rate","N/100000","2022","FI","Finland",0.000000000,""
"Chikungunya virus disease","Locally acquired cases","Notification rate","N/100000","2022","FR","France",0.000000000,""
"Chikungunya virus disease","Locally acquired cases","Notification rate","N/100000","2022","HR","Croatia",0.000000000,""
"Chikungunya virus disease","Locally acquired cases","Notification rate","N/100000","2022","HU","Hungary",0.000000000,""
"Chikungunya virus disease","Locally acquired cases","Notification rate","N/100000","2022","IE","Ireland",0.000000000,""
"Chikungunya virus disease","Locally acquired cases","Notification rate","N/100000","2022","IS","Iceland",0.000000000,""
"Chikungunya virus disease","Locally acquired cases","Notification rate","N/100000","2022","IT","Italy",0.000000000,""
"Chikungunya virus disease","Locally acquired cases","Notification rate","N/100000","2022","LI","Liechtenstein",0.000000000,""
"Chikungunya virus disease","Locally acquired cases","Notification rate","N/100000","2022","LT","Lithuania",0.000000000,""
"Chikungunya virus disease","Locally acquired cases","Notification rate","N/100000","2022","LU","Luxembourg",0.000000000,""
"Chikungunya virus disease","Locally acquired cases","Notification rate","N/100000","2022","LV","Latvia",0.000000000,""
"Chikungunya virus disease","Locally acquired cases","Notification rate","N/100000","2022","MT","Malta",0.000000000,""
"Chikungunya virus disease","Locally acquired cases","Notification rate","N/100000","2022","NL","Netherlands",0.000000000,""
"Chikungunya virus disease","Locally acquired cases","Notification rate","N/100000","2022","PL","Poland",0.000000000,""
"Chikungunya virus disease","Locally acquired cases","Notification rate","N/100000","2022","PT","Portugal",0.000000000,""
"Chikungunya virus disease","Locally acquired cases","Notification rate","N/100000","2022","RO","Romania",0.000000000,""
"Chikungunya virus disease","Locally acquired cases","Notification rate","N/100000","2022","SE","Sweden",0.000000000,""
"Chikungunya virus disease","Locally acquired cases","Notification rate","N/100000","2022","SI","Slovenia",0.000000000,""
"Chikungunya virus disease","Locally acquired cases","Notification rate","N/100000","2022","SK","Slovakia",0.000000000,""
"Chikungunya virus disease","Locally acquired cases","Notification rate","N/100000","2023","AT","Austria",0.000000000,""
"Chikungunya virus disease","Locally acquired cases","Notification rate","N/100000","2023","BE","Belgium",0.000000000,""
"Chikungunya virus disease","Locally acquired cases","Notification rate","N/100000","2023","CZ","Czechia",0.000000000,""
"Chikungunya virus disease","Locally acquired cases","Notification rate","N/100000","2023","DE","Germany",0.000000000,""
"Chikungunya virus disease","Locally acquired cases","Notification rate","N/100000","2023","DK","Denmark",0.000000000,""
"Chikungunya virus disease","Locally acquired cases","Notification rate","N/100000","2023","EE","Estonia",0.000000000,""
"Chikungunya virus disease","Locally acquired cases","Notification rate","N/100000","2023","EL","Greece",0.000000000,""
"Chikungunya virus disease","Locally acquired cases","Notification rate","N/100000","2023","ES","Spain",0.000000000,""
"Chikungunya virus disease","Locally acquired cases","Notification rate","N/100000","2023","EU27_21","EU (without UK)",0.000000000,""
"Chikungunya virus disease","Locally acquired cases","Notification rate","N/100000","2023","EU27_UK_21","EU (with UK until 2019)",0.000000000,""
"Chikungunya virus disease","Locally acquired cases","Notification rate","N/100000","2023","EUEEA30_21","EU/EEA (without UK)",0.000000000,""
"Chikungunya virus disease","Locally acquired cases","Notification rate","N/100000","2023","EUEEAUK_21","EU/EEA (with UK until 2019)",0.000000000,""
"Chikungunya virus disease","Locally acquired cases","Notification rate","N/100000","2023","FI","Finland",0.000000000,""
"Chikungunya virus disease","Locally acquired cases","Notification rate","N/100000","2023","FR","France",0.000000000,""
"Chikungunya virus disease","Locally acquired cases","Notification rate","N/100000","2023","HR","Croatia",0.000000000,""
"Chikungunya virus disease","Locally acquired cases","Notification rate","N/100000","2023","HU","Hungary",0.000000000,""
"Chikungunya virus disease","Locally acquired cases","Notification rate","N/100000","2023","IE","Ireland",0.000000000,""
"Chikungunya virus disease","Locally acquired cases","Notification rate","N/100000","2023","IS","Iceland",0.000000000,""
"Chikungunya virus disease","Locally acquired cases","Notification rate","N/100000","2023","IT","Italy",0.000000000,""
"Chikungunya virus disease","Locally acquired cases","Notification rate","N/100000","2023","LI","Liechtenstein",0.000000000,""
"Chikungunya virus disease","Locally acquired cases","Notification rate","N/100000","2023","LT","Lithuania",0.000000000,""
"Chikungunya virus disease","Locally acquired cases","Notification rate","N/100000","2023","LU","Luxembourg",0.000000000,""
"Chikungunya virus disease","Locally acquired cases","Notification rate","N/100000","2023","LV","Latvia",0.000000000,""
"Chikungunya virus disease","Locally acquired cases","Notification rate","N/100000","2023","MT","Malta",0.000000000,""
"Chikungunya virus disease","Locally acquired cases","Notification rate","N/100000","2023","NL","Netherlands",0.000000000,""
"Chikungunya virus disease","Locally acquired cases","Notification rate","N/100000","2023","PL","Poland",0.000000000,""
"Chikungunya virus disease","Locally acquired cases","Notification rate","N/100000","2023","PT","Portugal",0.000000000,""
"Chikungunya virus disease","Locally acquired cases","Notification rate","N/100000","2023","RO","Romania",0.000000000,""
"Chikungunya virus disease","Locally acquired cases","Notification rate","N/100000","2023","SE","Sweden",0.000000000,""
"Chikungunya virus disease","Locally acquired cases","Notification rate","N/100000","2023","SI","Slovenia",0.000000000,""
"Chikungunya virus disease","Locally acquired cases","Notification rate","N/100000","2023","SK","Slovakia",0.000000000,""
"Chikungunya virus disease","Locally acquired cases","Notification rate","N/100000","2024","AT","Austria",0.000000000,""
"Chikungunya virus disease","Locally acquired cases","Notification rate","N/100000","2024","BE","Belgium",0.000000000,""
"Chikungunya virus disease","Locally acquired cases","Notification rate","N/100000","2024","CY","Cyprus",0.000000000,""
"Chikungunya virus disease","Locally acquired cases","Notification rate","N/100000","2024","CZ","Czechia",0.000000000,""
"Chikungunya virus disease","Locally acquired cases","Notification rate","N/100000","2024","DE","Germany",0.000000000,""
"Chikungunya virus disease","Locally acquired cases","Notification rate","N/100000","2024","DK","Denmark",0.000000000,""
"Chikungunya virus disease","Locally acquired cases","Notification rate","N/100000","2024","EE","Estonia",0.000000000,""
"Chikungunya virus disease","Locally acquired cases","Notification rate","N/100000","2024","EL","Greece",0.000000000,""
"Chikungunya virus disease","Locally acquired cases","Notification rate","N/100000","2024","ES","Spain",0.000000000,""
"Chikungunya virus disease","Locally acquired cases","Notification rate","N/100000","2024","EU27_21","EU (without UK)",0.000225000,""
"Chikungunya virus disease","Locally acquired cases","Notification rate","N/100000","2024","EU27_UK_21","EU (with UK until 2019)",0.000225000,""
"Chikungunya virus disease","Locally acquired cases","Notification rate","N/100000","2024","EUEEA30_21","EU/EEA (without UK)",0.000225000,""
"Chikungunya virus disease","Locally acquired cases","Notification rate","N/100000","2024","EUEEAUK_21","EU/EEA (with UK until 2019)",0.000225000,""
"Chikungunya virus disease","Locally acquired cases","Notification rate","N/100000","2024","FI","Finland",0.000000000,""
"Chikungunya virus disease","Locally acquired cases","Notification rate","N/100000","2024","FR","France",0.001460540,""
"Chikungunya virus disease","Locally acquired cases","Notification rate","N/100000","2024","HR","Croatia",0.000000000,""
"Chikungunya virus disease","Locally acquired cases","Notification rate","N/100000","2024","HU","Hungary",0.000000000,""
"Chikungunya virus disease","Locally acquired cases","Notification rate","N/100000","2024","IE","Ireland",0.000000000,""
"Chikungunya virus disease","Locally acquired cases","Notification rate","N/100000","2024","IS","Iceland",0.000000000,""
"Chikungunya virus disease","Locally acquired cases","Notification rate","N/100000","2024","IT","Italy",0.000000000,""
"Chikungunya virus disease","Locally acquired cases","Notification rate","N/100000","2024","LI","Liechtenstein",0.000000000,""
"Chikungunya virus disease","Locally acquired cases","Notification rate","N/100000","2024","LT","Lithuania",0.000000000,""
"Chikungunya virus disease","Locally acquired cases","Notification rate","N/100000","2024","LU","Luxembourg",0.000000000,""
"Chikungunya virus disease","Locally acquired cases","Notification rate","N/100000","2024","LV","Latvia",0.000000000,""
"Chikungunya virus disease","Locally acquired cases","Notification rate","N/100000","2024","MT","Malta",0.000000000,""
"Chikungunya virus disease","Locally acquired cases","Notification rate","N/100000","2024","NL","Netherlands",0.000000000,""
"Chikungunya virus disease","Locally acquired cases","Notification rate","N/100000","2024","PL","Poland",0.000000000,""
"Chikungunya virus disease","Locally acquired cases","Notification rate","N/100000","2024","PT","Portugal",0.000000000,""
"Chikungunya virus disease","Locally acquired cases","Notification rate","N/100000","2024","RO","Romania",0.000000000,""
"Chikungunya virus disease","Locally acquired cases","Notification rate","N/100000","2024","SE","Sweden",0.000000000,""
"Chikungunya virus disease","Locally acquired cases","Notification rate","N/100000","2024","SI","Slovenia",0.000000000,""
"Chikungunya virus disease","Locally acquired cases","Notification rate","N/100000","2024","SK","Slovakia",0.000000000,""
"Chikungunya virus disease","Locally acquired cases","Reported cases","N","2008","AT","Austria",0.000000000,""
"Chikungunya virus disease","Locally acquired cases","Reported cases","N","2008","BE","Belgium",0.000000000,""
"Chikungunya virus disease","Locally acquired cases","Reported cases","N","2008","CZ","Czechia",0.000000000,""
"Chikungunya virus disease","Locally acquired cases","Reported cases","N","2008","DE","Germany",0.000000000,""
"Chikungunya virus disease","Locally acquired cases","Reported cases","N","2008","EE","Estonia",0.000000000,""
"Chikungunya virus disease","Locally acquired cases","Reported cases","N","2008","EL","Greece",0.000000000,""
"Chikungunya virus disease","Locally acquired cases","Reported cases","N","2008","ES","Spain",0.000000000,""
"Chikungunya virus disease","Locally acquired cases","Reported cases","N","2008","EU27_21","EU (without UK)",0.000000000,""
"Chikungunya virus disease","Locally acquired cases","Reported cases","N","2008","EU27_UK_21","EU (with UK until 2019)",0.000000000,""
"Chikungunya virus disease","Locally acquired cases","Reported cases","N","2008","EUEEA30_21","EU/EEA (without UK)",0.000000000,""
"Chikungunya virus disease","Locally acquired cases","Reported cases","N","2008","EUEEAUK_21","EU/EEA (with UK until 2019)",0.000000000,""
"Chikungunya virus disease","Locally acquired cases","Reported cases","N","2008","FI","Finland",0.000000000,""
"Chikungunya virus disease","Locally acquired cases","Reported cases","N","2008","FR","France",0.000000000,""
"Chikungunya virus disease","Locally acquired cases","Reported cases","N","2008","HU","Hungary",0.000000000,""
"Chikungunya virus disease","Locally acquired cases","Reported cases","N","2008","IE","Ireland",0.000000000,""
"Chikungunya virus disease","Locally acquired cases","Reported cases","N","2008","IT","Italy",0.000000000,""
"Chikungunya virus disease","Locally acquired cases","Reported cases","N","2008","LT","Lithuania",0.000000000,""
"Chikungunya virus disease","Locally acquired cases","Reported cases","N","2008","LU","Luxembourg",0.000000000,""
"Chikungunya virus disease","Locally acquired cases","Reported cases","N","2008","LV","Latvia",0.000000000,""
"Chikungunya virus disease","Locally acquired cases","Reported cases","N","2008","MT","Malta",0.000000000,""
"Chikungunya virus disease","Locally acquired cases","Reported cases","N","2008","PL","Poland",0.000000000,""
"Chikungunya virus disease","Locally acquired cases","Reported cases","N","2008","RO","Romania",0.000000000,""
"Chikungunya virus disease","Locally acquired cases","Reported cases","N","2008","SI","Slovenia",0.000000000,""
"Chikungunya virus disease","Locally acquired cases","Reported cases","N","2008","SK","Slovakia",0.000000000,""
"Chikungunya virus disease","Locally acquired cases","Reported cases","N","2008","UK","United Kingdom",0.000000000,""
"Chikungunya virus disease","Locally acquired cases","Reported cases","N","2009","AT","Austria",0.000000000,""
"Chikungunya virus disease","Locally acquired cases","Reported cases","N","2009","BE","Belgium",0.000000000,""
"Chikungunya virus disease","Locally acquired cases","Reported cases","N","2009","CZ","Czechia",0.000000000,""
"Chikungunya virus disease","Locally acquired cases","Reported cases","N","2009","DE","Germany",0.000000000,""
"Chikungunya virus disease","Locally acquired cases","Reported cases","N","2009","EE","Estonia",0.000000000,""
"Chikungunya virus disease","Locally acquired cases","Reported cases","N","2009","EL","Greece",0.000000000,""
"Chikungunya virus disease","Locally acquired cases","Reported cases","N","2009","ES","Spain",0.000000000,""
"Chikungunya virus disease","Locally acquired cases","Reported cases","N","2009","EU27_21","EU (without UK)",0.000000000,""
"Chikungunya virus disease","Locally acquired cases","Reported cases","N","2009","EU27_UK_21","EU (with UK until 2019)",0.000000000,""
"Chikungunya virus disease","Locally acquired cases","Reported cases","N","2009","EUEEA30_21","EU/EEA (without UK)",0.000000000,""
"Chikungunya virus disease","Locally acquired cases","Reported cases","N","2009","EUEEAUK_21","EU/EEA (with UK until 2019)",0.000000000,""
"Chikungunya virus disease","Locally acquired cases","Reported cases","N","2009","FI","Finland",0.000000000,""
"Chikungunya virus disease","Locally acquired cases","Reported cases","N","2009","FR","France",0.000000000,""
"Chikungunya virus disease","Locally acquired cases","Reported cases","N","2009","HU","Hungary",0.000000000,""
"Chikungunya virus disease","Locally acquired cases","Reported cases","N","2009","IE","Ireland",0.000000000,""
"Chikungunya virus disease","Locally acquired cases","Reported cases","N","2009","IT","Italy",0.000000000,""
"Chikungunya virus disease","Locally acquired cases","Reported cases","N","2009","LT","Lithuania",0.000000000,""
"Chikungunya virus disease","Locally acquired cases","Reported cases","N","2009","LU","Luxembourg",0.000000000,""
"Chikungunya virus disease","Locally acquired cases","Reported cases","N","2009","LV","Latvia",0.000000000,""
"Chikungunya virus disease","Locally acquired cases","Reported cases","N","2009","MT","Malta",0.000000000,""
"Chikungunya virus disease","Locally acquired cases","Reported cases","N","2009","PL","Poland",0.000000000,""
"Chikungunya virus disease","Locally acquired cases","Reported cases","N","2009","RO","Romania",0.000000000,""
"Chikungunya virus disease","Locally acquired cases","Reported cases","N","2009","SE","Sweden",0.000000000,""
"Chikungunya virus disease","Locally acquired cases","Reported cases","N","2009","SI","Slovenia",0.000000000,""
"Chikungunya virus disease","Locally acquired cases","Reported cases","N","2009","SK","Slovakia",0.000000000,""
"Chikungunya virus disease","Locally acquired cases","Reported cases","N","2009","UK","United Kingdom",0.000000000,""
"Chikungunya virus disease","Locally acquired cases","Reported cases","N","2010","AT","Austria",0.000000000,""
"Chikungunya virus disease","Locally acquired cases","Reported cases","N","2010","BE","Belgium",0.000000000,""
"Chikungunya virus disease","Locally acquired cases","Reported cases","N","2010","CZ","Czechia",0.000000000,""
"Chikungunya virus disease","Locally acquired cases","Reported cases","N","2010","DE","Germany",0.000000000,""
"Chikungunya virus disease","Locally acquired cases","Reported cases","N","2010","DK","Denmark",0.000000000,""
"Chikungunya virus disease","Locally acquired cases","Reported cases","N","2010","EE","Estonia",0.000000000,""
"Chikungunya virus disease","Locally acquired cases","Reported cases","N","2010","EL","Greece",0.000000000,""
"Chikungunya virus disease","Locally acquired cases","Reported cases","N","2010","ES","Spain",0.000000000,""
"Chikungunya virus disease","Locally acquired cases","Reported cases","N","2010","EU27_21","EU (without UK)",2.000000000,""
"Chikungunya virus disease","Locally acquired cases","Reported cases","N","2010","EU27_UK_21","EU (with UK until 2019)",2.000000000,""
"Chikungunya virus disease","Locally acquired cases","Reported cases","N","2010","EUEEA30_21","EU/EEA (without UK)",2.000000000,""
"Chikungunya virus disease","Locally acquired cases","Reported cases","N","2010","EUEEAUK_21","EU/EEA (with UK until 2019)",2.000000000,""
"Chikungunya virus disease","Locally acquired cases","Reported cases","N","2010","FI","Finland",0.000000000,""
"Chikungunya virus disease","Locally acquired cases","Reported cases","N","2010","FR","France",2.000000000,""
"Chikungunya virus disease","Locally acquired cases","Reported cases","N","2010","HU","Hungary",0.000000000,""
"Chikungunya virus disease","Locally acquired cases","Reported cases","N","2010","IE","Ireland",0.000000000,""
"Chikungunya virus disease","Locally acquired cases","Reported cases","N","2010","IT","Italy",0.000000000,""
"Chikungunya virus disease","Locally acquired cases","Reported cases","N","2010","LT","Lithuania",0.000000000,""
"Chikungunya virus disease","Locally acquired cases","Reported cases","N","2010","LU","Luxembourg",0.000000000,""
"Chikungunya virus disease","Locally acquired cases","Reported cases","N","2010","LV","Latvia",0.000000000,""
"Chikungunya virus disease","Locally acquired cases","Reported cases","N","2010","MT","Malta",0.000000000,""
"Chikungunya virus disease","Locally acquired cases","Reported cases","N","2010","PL","Poland",0.000000000,""
"Chikungunya virus disease","Locally acquired cases","Reported cases","N","2010","RO","Romania",0.000000000,""
"Chikungunya virus disease","Locally acquired cases","Reported cases","N","2010","SE","Sweden",0.000000000,""
"Chikungunya virus disease","Locally acquired cases","Reported cases","N","2010","SI","Slovenia",0.000000000,""
"Chikungunya virus disease","Locally acquired cases","Reported cases","N","2010","SK","Slovakia",0.000000000,""
"Chikungunya virus disease","Locally acquired cases","Reported cases","N","2010","UK","United Kingdom",0.000000000,""
"Chikungunya virus disease","Locally acquired cases","Reported cases","N","2011","AT","Austria",0.000000000,""
"Chikungunya virus disease","Locally acquired cases","Reported cases","N","2011","BE","Belgium",0.000000000,""
"Chikungunya virus disease","Locally acquired cases","Reported cases","N","2011","CZ","Czechia",0.000000000,""
"Chikungunya virus disease","Locally acquired cases","Reported cases","N","2011","DE","Germany",0.000000000,""
"Chikungunya virus disease","Locally acquired cases","Reported cases","N","2011","DK","Denmark",0.000000000,""
"Chikungunya virus disease","Locally acquired cases","Reported cases","N","2011","EE","Estonia",0.000000000,""
"Chikungunya virus disease","Locally acquired cases","Reported cases","N","2011","EL","Greece",0.000000000,""
"Chikungunya virus disease","Locally acquired cases","Reported cases","N","2011","ES","Spain",0.000000000,""
"Chikungunya virus disease","Locally acquired cases","Reported cases","N","2011","EU27_21","EU (without UK)",0.000000000,""
"Chikungunya virus disease","Locally acquired cases","Reported cases","N","2011","EU27_UK_21","EU (with UK until 2019)",0.000000000,""
"Chikungunya virus disease","Locally acquired cases","Reported cases","N","2011","EUEEA30_21","EU/EEA (without UK)",0.000000000,""
"Chikungunya virus disease","Locally acquired cases","Reported cases","N","2011","EUEEAUK_21","EU/EEA (with UK until 2019)",0.000000000,""
"Chikungunya virus disease","Locally acquired cases","Reported cases","N","2011","FI","Finland",0.000000000,""
"Chikungunya virus disease","Locally acquired cases","Reported cases","N","2011","FR","France",0.000000000,""
"Chikungunya virus disease","Locally acquired cases","Reported cases","N","2011","HU","Hungary",0.000000000,""
"Chikungunya virus disease","Locally acquired cases","Reported cases","N","2011","IE","Ireland",0.000000000,""
"Chikungunya virus disease","Locally acquired cases","Reported cases","N","2011","IT","Italy",0.000000000,""
"Chikungunya virus disease","Locally acquired cases","Reported cases","N","2011","LT","Lithuania",0.000000000,""
"Chikungunya virus disease","Locally acquired cases","Reported cases","N","2011","LU","Luxembourg",0.000000000,""
"Chikungunya virus disease","Locally acquired cases","Reported cases","N","2011","LV","Latvia",0.000000000,""
"Chikungunya virus disease","Locally acquired cases","Reported cases","N","2011","MT","Malta",0.000000000,""
"Chikungunya virus disease","Locally acquired cases","Reported cases","N","2011","PL","Poland",0.000000000,""
"Chikungunya virus disease","Locally acquired cases","Reported cases","N","2011","RO","Romania",0.000000000,""
"Chikungunya virus disease","Locally acquired cases","Reported cases","N","2011","SE","Sweden",0.000000000,""
"Chikungunya virus disease","Locally acquired cases","Reported cases","N","2011","SI","Slovenia",0.000000000,""
"Chikungunya virus disease","Locally acquired cases","Reported cases","N","2011","SK","Slovakia",0.000000000,""
"Chikungunya virus disease","Locally acquired cases","Reported cases","N","2011","UK","United Kingdom",0.000000000,""
"Chikungunya virus disease","Locally acquired cases","Reported cases","N","2012","AT","Austria",0.000000000,""
"Chikungunya virus disease","Locally acquired cases","Reported cases","N","2012","BE","Belgium",0.000000000,""
"Chikungunya virus disease","Locally acquired cases","Reported cases","N","2012","CZ","Czechia",0.000000000,""
"Chikungunya virus disease","Locally acquired cases","Reported cases","N","2012","DE","Germany",0.000000000,""
"Chikungunya virus disease","Locally acquired cases","Reported cases","N","2012","DK","Denmark",0.000000000,""
"Chikungunya virus disease","Locally acquired cases","Reported cases","N","2012","EE","Estonia",0.000000000,""
"Chikungunya virus disease","Locally acquired cases","Reported cases","N","2012","EL","Greece",0.000000000,""
"Chikungunya virus disease","Locally acquired cases","Reported cases","N","2012","ES","Spain",0.000000000,""
"Chikungunya virus disease","Locally acquired cases","Reported cases","N","2012","EU27_21","EU (without UK)",0.000000000,""
"Chikungunya virus disease","Locally acquired cases","Reported cases","N","2012","EU27_UK_21","EU (with UK until 2019)",0.000000000,""
"Chikungunya virus disease","Locally acquired cases","Reported cases","N","2012","EUEEA30_21","EU/EEA (without UK)",0.000000000,""
"Chikungunya virus disease","Locally acquired cases","Reported cases","N","2012","EUEEAUK_21","EU/EEA (with UK until 2019)",0.000000000,""
"Chikungunya virus disease","Locally acquired cases","Reported cases","N","2012","FI","Finland",0.000000000,""
"Chikungunya virus disease","Locally acquired cases","Reported cases","N","2012","FR","France",0.000000000,""
"Chikungunya virus disease","Locally acquired cases","Reported cases","N","2012","HR","Croatia",0.000000000,""
"Chikungunya virus disease","Locally acquired cases","Reported cases","N","2012","HU","Hungary",0.000000000,""
"Chikungunya virus disease","Locally acquired cases","Reported cases","N","2012","IE","Ireland",0.000000000,""
"Chikungunya virus disease","Locally acquired cases","Reported cases","N","2012","IT","Italy",0.000000000,""
"Chikungunya virus disease","Locally acquired cases","Reported cases","N","2012","LT","Lithuania",0.000000000,""
"Chikungunya virus disease","Locally acquired cases","Reported cases","N","2012","LU","Luxembourg",0.000000000,""
"Chikungunya virus disease","Locally acquired cases","Reported cases","N","2012","LV","Latvia",0.000000000,""
"Chikungunya virus disease","Locally acquired cases","Reported cases","N","2012","MT","Malta",0.000000000,""
"Chikungunya virus disease","Locally acquired cases","Reported cases","N","2012","PL","Poland",0.000000000,""
"Chikungunya virus disease","Locally acquired cases","Reported cases","N","2012","RO","Romania",0.000000000,""
"Chikungunya virus disease","Locally acquired cases","Reported cases","N","2012","SE","Sweden",0.000000000,""
"Chikungunya virus disease","Locally acquired cases","Reported cases","N","2012","SI","Slovenia",0.000000000,""
"Chikungunya virus disease","Locally acquired cases","Reported cases","N","2012","SK","Slovakia",0.000000000,""
"Chikungunya virus disease","Locally acquired cases","Reported cases","N","2012","UK","United Kingdom",0.000000000,""
"Chikungunya virus disease","Locally acquired cases","Reported cases","N","2013","AT","Austria",0.000000000,""
"Chikungunya virus disease","Locally acquired cases","Reported cases","N","2013","BE","Belgium",0.000000000,""
"Chikungunya virus disease","Locally acquired cases","Reported cases","N","2013","CZ","Czechia",0.000000000,""
"Chikungunya virus disease","Locally acquired cases","Reported cases","N","2013","DE","Germany",0.000000000,""
"Chikungunya virus disease","Locally acquired cases","Reported cases","N","2013","DK","Denmark",0.000000000,""
"Chikungunya virus disease","Locally acquired cases","Reported cases","N","2013","EE","Estonia",0.000000000,""
"Chikungunya virus disease","Locally acquired cases","Reported cases","N","2013","EL","Greece",0.000000000,""
"Chikungunya virus disease","Locally acquired cases","Reported cases","N","2013","ES","Spain",0.000000000,""
"Chikungunya virus disease","Locally acquired cases","Reported cases","N","2013","EU27_21","EU (without UK)",0.000000000,""
"Chikungunya virus disease","Locally acquired cases","Reported cases","N","2013","EU27_UK_21","EU (with UK until 2019)",0.000000000,""
"Chikungunya virus disease","Locally acquired cases","Reported cases","N","2013","EUEEA30_21","EU/EEA (without UK)",0.000000000,""
"Chikungunya virus disease","Locally acquired cases","Reported cases","N","2013","EUEEAUK_21","EU/EEA (with UK until 2019)",0.000000000,""
"Chikungunya virus disease","Locally acquired cases","Reported cases","N","2013","FI","Finland",0.000000000,""
"Chikungunya virus disease","Locally acquired cases","Reported cases","N","2013","FR","France",0.000000000,""
"Chikungunya virus disease","Locally acquired cases","Reported cases","N","2013","HR","Croatia",0.000000000,""
"Chikungunya virus disease","Locally acquired cases","Reported cases","N","2013","HU","Hungary",0.000000000,""
"Chikungunya virus disease","Locally acquired cases","Reported cases","N","2013","IE","Ireland",0.000000000,""
"Chikungunya virus disease","Locally acquired cases","Reported cases","N","2013","IT","Italy",0.000000000,""
"Chikungunya virus disease","Locally acquired cases","Reported cases","N","2013","LT","Lithuania",0.000000000,""
"Chikungunya virus disease","Locally acquired cases","Reported cases","N","2013","LU","Luxembourg",0.000000000,""
"Chikungunya virus disease","Locally acquired cases","Reported cases","N","2013","LV","Latvia",0.000000000,""
"Chikungunya virus disease","Locally acquired cases","Reported cases","N","2013","MT","Malta",0.000000000,""
"Chikungunya virus disease","Locally acquired cases","Reported cases","N","2013","PL","Poland",0.000000000,""
"Chikungunya virus disease","Locally acquired cases","Reported cases","N","2013","RO","Romania",0.000000000,""
"Chikungunya virus disease","Locally acquired cases","Reported cases","N","2013","SE","Sweden",0.000000000,""
"Chikungunya virus disease","Locally acquired cases","Reported cases","N","2013","SI","Slovenia",0.000000000,""
"Chikungunya virus disease","Locally acquired cases","Reported cases","N","2013","SK","Slovakia",0.000000000,""
"Chikungunya virus disease","Locally acquired cases","Reported cases","N","2013","UK","United Kingdom",0.000000000,""
"Chikungunya virus disease","Locally acquired cases","Reported cases","N","2014","BE","Belgium",0.000000000,""
"Chikungunya virus disease","Locally acquired cases","Reported cases","N","2014","CZ","Czechia",0.000000000,""
"Chikungunya virus disease","Locally acquired cases","Reported cases","N","2014","DE","Germany",0.000000000,""
"Chikungunya virus disease","Locally acquired cases","Reported cases","N","2014","DK","Denmark",0.000000000,""
"Chikungunya virus disease","Locally acquired cases","Reported cases","N","2014","EE","Estonia",0.000000000,""
"Chikungunya virus disease","Locally acquired cases","Reported cases","N","2014","EL","Greece",0.000000000,""
"Chikungunya virus disease","Locally acquired cases","Reported cases","N","2014","ES","Spain",0.000000000,""
"Chikungunya virus disease","Locally acquired cases","Reported cases","N","2014","EU27_21","EU (without UK)",12.000000000,""
"Chikungunya virus disease","Locally acquired cases","Reported cases","N","2014","EU27_UK_21","EU (with UK until 2019)",12.000000000,""
"Chikungunya virus disease","Locally acquired cases","Reported cases","N","2014","EUEEA30_21","EU/EEA (without UK)",12.000000000,""
"Chikungunya virus disease","Locally acquired cases","Reported cases","N","2014","EUEEAUK_21","EU/EEA (with UK until 2019)",12.000000000,""
"Chikungunya virus disease","Locally acquired cases","Reported cases","N","2014","FI","Finland",0.000000000,""
"Chikungunya virus disease","Locally acquired cases","Reported cases","N","2014","FR","France",12.000000000,""
"Chikungunya virus disease","Locally acquired cases","Reported cases","N","2014","HR","Croatia",0.000000000,""
"Chikungunya virus disease","Locally acquired cases","Reported cases","N","2014","HU","Hungary",0.000000000,""
"Chikungunya virus disease","Locally acquired cases","Reported cases","N","2014","IE","Ireland",0.000000000,""
"Chikungunya virus disease","Locally acquired cases","Reported cases","N","2014","IT","Italy",0.000000000,""
"Chikungunya virus disease","Locally acquired cases","Reported cases","N","2014","LT","Lithuania",0.000000000,""
"Chikungunya virus disease","Locally acquired cases","Reported cases","N","2014","LU","Luxembourg",0.000000000,""
"Chikungunya virus disease","Locally acquired cases","Reported cases","N","2014","LV","Latvia",0.000000000,""
"Chikungunya virus disease","Locally acquired cases","Reported cases","N","2014","MT","Malta",0.000000000,""
"Chikungunya virus disease","Locally acquired cases","Reported cases","N","2014","NL","Netherlands",0.000000000,""
"Chikungunya virus disease","Locally acquired cases","Reported cases","N","2014","PL","Poland",0.000000000,""
"Chikungunya virus disease","Locally acquired cases","Reported cases","N","2014","RO","Romania",0.000000000,""
"Chikungunya virus disease","Locally acquired cases","Reported cases","N","2014","SE","Sweden",0.000000000,""
"Chikungunya virus disease","Locally acquired cases","Reported cases","N","2014","SI","Slovenia",0.000000000,""
"Chikungunya virus disease","Locally acquired cases","Reported cases","N","2014","SK","Slovakia",0.000000000,""
"Chikungunya virus disease","Locally acquired cases","Reported cases","N","2014","UK","United Kingdom",0.000000000,""
"Chikungunya virus disease","Locally acquired cases","Reported cases","N","2015","BE","Belgium",0.000000000,""
"Chikungunya virus disease","Locally acquired cases","Reported cases","N","2015","CZ","Czechia",0.000000000,""
"Chikungunya virus disease","Locally acquired cases","Reported cases","N","2015","DE","Germany",0.000000000,""
"Chikungunya virus disease","Locally acquired cases","Reported cases","N","2015","DK","Denmark",0.000000000,""
"Chikungunya virus disease","Locally acquired cases","Reported cases","N","2015","EE","Estonia",0.000000000,""
"Chikungunya virus disease","Locally acquired cases","Reported cases","N","2015","EL","Greece",0.000000000,""
"Chikungunya virus disease","Locally acquired cases","Reported cases","N","2015","ES","Spain",0.000000000,""
"Chikungunya virus disease","Locally acquired cases","Reported cases","N","2015","EU27_21","EU (without UK)",0.000000000,""
"Chikungunya virus disease","Locally acquired cases","Reported cases","N","2015","EU27_UK_21","EU (with UK until 2019)",0.000000000,""
"Chikungunya virus disease","Locally acquired cases","Reported cases","N","2015","EUEEA30_21","EU/EEA (without UK)",0.000000000,""
"Chikungunya virus disease","Locally acquired cases","Reported cases","N","2015","EUEEAUK_21","EU/EEA (with UK until 2019)",0.000000000,""
"Chikungunya virus disease","Locally acquired cases","Reported cases","N","2015","FI","Finland",0.000000000,""
"Chikungunya virus disease","Locally acquired cases","Reported cases","N","2015","FR","France",0.000000000,""
"Chikungunya virus disease","Locally acquired cases","Reported cases","N","2015","HR","Croatia",0.000000000,""
"Chikungunya virus disease","Locally acquired cases","Reported cases","N","2015","HU","Hungary",0.000000000,""
"Chikungunya virus disease","Locally acquired cases","Reported cases","N","2015","IE","Ireland",0.000000000,""
"Chikungunya virus disease","Locally acquired cases","Reported cases","N","2015","IT","Italy",0.000000000,""
"Chikungunya virus disease","Locally acquired cases","Reported cases","N","2015","LT","Lithuania",0.000000000,""
"Chikungunya virus disease","Locally acquired cases","Reported cases","N","2015","LU","Luxembourg",0.000000000,""
"Chikungunya virus disease","Locally acquired cases","Reported cases","N","2015","LV","Latvia",0.000000000,""
"Chikungunya virus disease","Locally acquired cases","Reported cases","N","2015","MT","Malta",0.000000000,""
"Chikungunya virus disease","Locally acquired cases","Reported cases","N","2015","NL","Netherlands",0.000000000,""
"Chikungunya virus disease","Locally acquired cases","Reported cases","N","2015","PL","Poland",0.000000000,""
"Chikungunya virus disease","Locally acquired cases","Reported cases","N","2015","PT","Portugal",0.000000000,""
"Chikungunya virus disease","Locally acquired cases","Reported cases","N","2015","RO","Romania",0.000000000,""
"Chikungunya virus disease","Locally acquired cases","Reported cases","N","2015","SE","Sweden",0.000000000,""
"Chikungunya virus disease","Locally acquired cases","Reported cases","N","2015","SI","Slovenia",0.000000000,""
"Chikungunya virus disease","Locally acquired cases","Reported cases","N","2015","SK","Slovakia",0.000000000,""
"Chikungunya virus disease","Locally acquired cases","Reported cases","N","2015","UK","United Kingdom",0.000000000,""
"Chikungunya virus disease","Locally acquired cases","Reported cases","N","2016","AT","Austria",0.000000000,""
"Chikungunya virus disease","Locally acquired cases","Reported cases","N","2016","BE","Belgium",0.000000000,""
"Chikungunya virus disease","Locally acquired cases","Reported cases","N","2016","CZ","Czechia",0.000000000,""
"Chikungunya virus disease","Locally acquired cases","Reported cases","N","2016","DE","Germany",0.000000000,""
"Chikungunya virus disease","Locally acquired cases","Reported cases","N","2016","DK","Denmark",0.000000000,""
"Chikungunya virus disease","Locally acquired cases","Reported cases","N","2016","EE","Estonia",0.000000000,""
"Chikungunya virus disease","Locally acquired cases","Reported cases","N","2016","EL","Greece",0.000000000,""
"Chikungunya virus disease","Locally acquired cases","Reported cases","N","2016","ES","Spain",0.000000000,""
"Chikungunya virus disease","Locally acquired cases","Reported cases","N","2016","EU27_21","EU (without UK)",0.000000000,""
"Chikungunya virus disease","Locally acquired cases","Reported cases","N","2016","EU27_UK_21","EU (with UK until 2019)",0.000000000,""
"Chikungunya virus disease","Locally acquired cases","Reported cases","N","2016","EUEEA30_21","EU/EEA (without UK)",0.000000000,""
"Chikungunya virus disease","Locally acquired cases","Reported cases","N","2016","EUEEAUK_21","EU/EEA (with UK until 2019)",0.000000000,""
"Chikungunya virus disease","Locally acquired cases","Reported cases","N","2016","FI","Finland",0.000000000,""
"Chikungunya virus disease","Locally acquired cases","Reported cases","N","2016","FR","France",0.000000000,""
"Chikungunya virus disease","Locally acquired cases","Reported cases","N","2016","HR","Croatia",0.000000000,""
"Chikungunya virus disease","Locally acquired cases","Reported cases","N","2016","HU","Hungary",0.000000000,""
"Chikungunya virus disease","Locally acquired cases","Reported cases","N","2016","IE","Ireland",0.000000000,""
"Chikungunya virus disease","Locally acquired cases","Reported cases","N","2016","IT","Italy",0.000000000,""
"Chikungunya virus disease","Locally acquired cases","Reported cases","N","2016","LT","Lithuania",0.000000000,""
"Chikungunya virus disease","Locally acquired cases","Reported cases","N","2016","LU","Luxembourg",0.000000000,""
"Chikungunya virus disease","Locally acquired cases","Reported cases","N","2016","LV","Latvia",0.000000000,""
"Chikungunya virus disease","Locally acquired cases","Reported cases","N","2016","MT","Malta",0.000000000,""
"Chikungunya virus disease","Locally acquired cases","Reported cases","N","2016","NL","Netherlands",0.000000000,""
"Chikungunya virus disease","Locally acquired cases","Reported cases","N","2016","PL","Poland",0.000000000,""
"Chikungunya virus disease","Locally acquired cases","Reported cases","N","2016","PT","Portugal",0.000000000,""
"Chikungunya virus disease","Locally acquired cases","Reported cases","N","2016","RO","Romania",0.000000000,""
"Chikungunya virus disease","Locally acquired cases","Reported cases","N","2016","SE","Sweden",0.000000000,""
"Chikungunya virus disease","Locally acquired cases","Reported cases","N","2016","SI","Slovenia",0.000000000,""
"Chikungunya virus disease","Locally acquired cases","Reported cases","N","2016","SK","Slovakia",0.000000000,""
"Chikungunya virus disease","Locally acquired cases","Reported cases","N","2016","UK","United Kingdom",0.000000000,""
"Chikungunya virus disease","Locally acquired cases","Reported cases","N","2017","AT","Austria",0.000000000,""
"Chikungunya virus disease","Locally acquired cases","Reported cases","N","2017","BE","Belgium",0.000000000,""
"Chikungunya virus disease","Locally acquired cases","Reported cases","N","2017","CZ","Czechia",0.000000000,""
"Chikungunya virus disease","Locally acquired cases","Reported cases","N","2017","DE","Germany",0.000000000,""
"Chikungunya virus disease","Locally acquired cases","Reported cases","N","2017","DK","Denmark",0.000000000,""
"Chikungunya virus disease","Locally acquired cases","Reported cases","N","2017","EE","Estonia",0.000000000,""
"Chikungunya virus disease","Locally acquired cases","Reported cases","N","2017","EL","Greece",0.000000000,""
"Chikungunya virus disease","Locally acquired cases","Reported cases","N","2017","ES","Spain",0.000000000,""
"Chikungunya virus disease","Locally acquired cases","Reported cases","N","2017","EU27_21","EU (without UK)",299.000000000,""
"Chikungunya virus disease","Locally acquired cases","Reported cases","N","2017","EU27_UK_21","EU (with UK until 2019)",299.000000000,""
"Chikungunya virus disease","Locally acquired cases","Reported cases","N","2017","EUEEA30_21","EU/EEA (without UK)",299.000000000,""
"Chikungunya virus disease","Locally acquired cases","Reported cases","N","2017","EUEEAUK_21","EU/EEA (with UK until 2019)",299.000000000,""
"Chikungunya virus disease","Locally acquired cases","Reported cases","N","2017","FI","Finland",0.000000000,""
"Chikungunya virus disease","Locally acquired cases","Reported cases","N","2017","FR","France",17.000000000,""
"Chikungunya virus disease","Locally acquired cases","Reported cases","N","2017","HR","Croatia",0.000000000,""
"Chikungunya virus disease","Locally acquired cases","Reported cases","N","2017","HU","Hungary",0.000000000,""
"Chikungunya virus disease","Locally acquired cases","Reported cases","N","2017","IE","Ireland",0.000000000,""
"Chikungunya virus disease","Locally acquired cases","Reported cases","N","2017","IT","Italy",282.000000000,""
"Chikungunya virus disease","Locally acquired cases","Reported cases","N","2017","LT","Lithuania",0.000000000,""
"Chikungunya virus disease","Locally acquired cases","Reported cases","N","2017","LU","Luxembourg",0.000000000,""
"Chikungunya virus disease","Locally acquired cases","Reported cases","N","2017","LV","Latvia",0.000000000,""
"Chikungunya virus disease","Locally acquired cases","Reported cases","N","2017","MT","Malta",0.000000000,""
"Chikungunya virus disease","Locally acquired cases","Reported cases","N","2017","NL","Netherlands",0.000000000,""
"Chikungunya virus disease","Locally acquired cases","Reported cases","N","2017","PL","Poland",0.000000000,""
"Chikungunya virus disease","Locally acquired cases","Reported cases","N","2017","PT","Portugal",0.000000000,""
"Chikungunya virus disease","Locally acquired cases","Reported cases","N","2017","RO","Romania",0.000000000,""
"Chikungunya virus disease","Locally acquired cases","Reported cases","N","2017","SE","Sweden",0.000000000,""
"Chikungunya virus disease","Locally acquired cases","Reported cases","N","2017","SI","Slovenia",0.000000000,""
"Chikungunya virus disease","Locally acquired cases","Reported cases","N","2017","SK","Slovakia",0.000000000,""
"Chikungunya virus disease","Locally acquired cases","Reported cases","N","2017","UK","United Kingdom",0.000000000,""
"Chikungunya virus disease","Locally acquired cases","Reported cases","N","2018","AT","Austria",0.000000000,""
"Chikungunya virus disease","Locally acquired cases","Reported cases","N","2018","BE","Belgium",0.000000000,""
"Chikungunya virus disease","Locally acquired cases","Reported cases","N","2018","CZ","Czechia",0.000000000,""
"Chikungunya virus disease","Locally acquired cases","Reported cases","N","2018","DE","Germany",0.000000000,""
"Chikungunya virus disease","Locally acquired cases","Reported cases","N","2018","DK","Denmark",0.000000000,""
"Chikungunya virus disease","Locally acquired cases","Reported cases","N","2018","EE","Estonia",0.000000000,""
"Chikungunya virus disease","Locally acquired cases","Reported cases","N","2018","EL","Greece",0.000000000,""
"Chikungunya virus disease","Locally acquired cases","Reported cases","N","2018","ES","Spain",0.000000000,""
"Chikungunya virus disease","Locally acquired cases","Reported cases","N","2018","EU27_21","EU (without UK)",0.000000000,""
"Chikungunya virus disease","Locally acquired cases","Reported cases","N","2018","EU27_UK_21","EU (with UK until 2019)",0.000000000,""
"Chikungunya virus disease","Locally acquired cases","Reported cases","N","2018","EUEEA30_21","EU/EEA (without UK)",0.000000000,""
"Chikungunya virus disease","Locally acquired cases","Reported cases","N","2018","EUEEAUK_21","EU/EEA (with UK until 2019)",0.000000000,""
"Chikungunya virus disease","Locally acquired cases","Reported cases","N","2018","FI","Finland",0.000000000,""
"Chikungunya virus disease","Locally acquired cases","Reported cases","N","2018","FR","France",0.000000000,""
"Chikungunya virus disease","Locally acquired cases","Reported cases","N","2018","HR","Croatia",0.000000000,""
"Chikungunya virus disease","Locally acquired cases","Reported cases","N","2018","HU","Hungary",0.000000000,""
"Chikungunya virus disease","Locally acquired cases","Reported cases","N","2018","IE","Ireland",0.000000000,""
"Chikungunya virus disease","Locally acquired cases","Reported cases","N","2018","IT","Italy",0.000000000,""
"Chikungunya virus disease","Locally acquired cases","Reported cases","N","2018","LT","Lithuania",0.000000000,""
"Chikungunya virus disease","Locally acquired cases","Reported cases","N","2018","LU","Luxembourg",0.000000000,""
"Chikungunya virus disease","Locally acquired cases","Reported cases","N","2018","LV","Latvia",0.000000000,""
"Chikungunya virus disease","Locally acquired cases","Reported cases","N","2018","MT","Malta",0.000000000,""
"Chikungunya virus disease","Locally acquired cases","Reported cases","N","2018","NL","Netherlands",0.000000000,""
"Chikungunya virus disease","Locally acquired cases","Reported cases","N","2018","PL","Poland",0.000000000,""
"Chikungunya virus disease","Locally acquired cases","Reported cases","N","2018","PT","Portugal",0.000000000,""
"Chikungunya virus disease","Locally acquired cases","Reported cases","N","2018","RO","Romania",0.000000000,""
"Chikungunya virus disease","Locally acquired cases","Reported cases","N","2018","SE","Sweden",0.000000000,""
"Chikungunya virus disease","Locally acquired cases","Reported cases","N","2018","SI","Slovenia",0.000000000,""
"Chikungunya virus disease","Locally acquired cases","Reported cases","N","2018","SK","Slovakia",0.000000000,""
"Chikungunya virus disease","Locally acquired cases","Reported cases","N","2018","UK","United Kingdom",0.000000000,""
"Chikungunya virus disease","Locally acquired cases","Reported cases","N","2019","AT","Austria",0.000000000,""
"Chikungunya virus disease","Locally acquired cases","Reported cases","N","2019","BE","Belgium",0.000000000,""
"Chikungunya virus disease","Locally acquired cases","Reported cases","N","2019","CZ","Czechia",0.000000000,""
"Chikungunya virus disease","Locally acquired cases","Reported cases","N","2019","DE","Germany",0.000000000,""
"Chikungunya virus disease","Locally acquired cases","Reported cases","N","2019","DK","Denmark",0.000000000,""
"Chikungunya virus disease","Locally acquired cases","Reported cases","N","2019","EE","Estonia",0.000000000,""
"Chikungunya virus disease","Locally acquired cases","Reported cases","N","2019","EL","Greece",0.000000000,""
"Chikungunya virus disease","Locally acquired cases","Reported cases","N","2019","ES","Spain",0.000000000,""
"Chikungunya virus disease","Locally acquired cases","Reported cases","N","2019","EU27_21","EU (without UK)",0.000000000,""
"Chikungunya virus disease","Locally acquired cases","Reported cases","N","2019","EU27_UK_21","EU (with UK until 2019)",0.000000000,""
"Chikungunya virus disease","Locally acquired cases","Reported cases","N","2019","EUEEA30_21","EU/EEA (without UK)",0.000000000,""
"Chikungunya virus disease","Locally acquired cases","Reported cases","N","2019","EUEEAUK_21","EU/EEA (with UK until 2019)",0.000000000,""
"Chikungunya virus disease","Locally acquired cases","Reported cases","N","2019","FI","Finland",0.000000000,""
"Chikungunya virus disease","Locally acquired cases","Reported cases","N","2019","FR","France",0.000000000,""
"Chikungunya virus disease","Locally acquired cases","Reported cases","N","2019","HR","Croatia",0.000000000,""
"Chikungunya virus disease","Locally acquired cases","Reported cases","N","2019","HU","Hungary",0.000000000,""
"Chikungunya virus disease","Locally acquired cases","Reported cases","N","2019","IE","Ireland",0.000000000,""
"Chikungunya virus disease","Locally acquired cases","Reported cases","N","2019","IT","Italy",0.000000000,""
"Chikungunya virus disease","Locally acquired cases","Reported cases","N","2019","LT","Lithuania",0.000000000,""
"Chikungunya virus disease","Locally acquired cases","Reported cases","N","2019","LU","Luxembourg",0.000000000,""
"Chikungunya virus disease","Locally acquired cases","Reported cases","N","2019","LV","Latvia",0.000000000,""
"Chikungunya virus disease","Locally acquired cases","Reported cases","N","2019","MT","Malta",0.000000000,""
"Chikungunya virus disease","Locally acquired cases","Reported cases","N","2019","NL","Netherlands",0.000000000,""
"Chikungunya virus disease","Locally acquired cases","Reported cases","N","2019","PL","Poland",0.000000000,""
"Chikungunya virus disease","Locally acquired cases","Reported cases","N","2019","PT","Portugal",0.000000000,""
"Chikungunya virus disease","Locally acquired cases","Reported cases","N","2019","RO","Romania",0.000000000,""
"Chikungunya virus disease","Locally acquired cases","Reported cases","N","2019","SE","Sweden",0.000000000,""
"Chikungunya virus disease","Locally acquired cases","Reported cases","N","2019","SI","Slovenia",0.000000000,""
"Chikungunya virus disease","Locally acquired cases","Reported cases","N","2019","SK","Slovakia",0.000000000,""
"Chikungunya virus disease","Locally acquired cases","Reported cases","N","2019","UK","United Kingdom",0.000000000,""
"Chikungunya virus disease","Locally acquired cases","Reported cases","N","2020","AT","Austria",0.000000000,""
"Chikungunya virus disease","Locally acquired cases","Reported cases","N","2020","BE","Belgium",0.000000000,""
"Chikungunya virus disease","Locally acquired cases","Reported cases","N","2020","CZ","Czechia",0.000000000,""
"Chikungunya virus disease","Locally acquired cases","Reported cases","N","2020","DE","Germany",0.000000000,""
"Chikungunya virus disease","Locally acquired cases","Reported cases","N","2020","DK","Denmark",0.000000000,""
"Chikungunya virus disease","Locally acquired cases","Reported cases","N","2020","EE","Estonia",0.000000000,""
"Chikungunya virus disease","Locally acquired cases","Reported cases","N","2020","EL","Greece",0.000000000,""
"Chikungunya virus disease","Locally acquired cases","Reported cases","N","2020","ES","Spain",0.000000000,""
"Chikungunya virus disease","Locally acquired cases","Reported cases","N","2020","EU27_21","EU (without UK)",0.000000000,""
"Chikungunya virus disease","Locally acquired cases","Reported cases","N","2020","EU27_UK_21","EU (with UK until 2019)",0.000000000,""
"Chikungunya virus disease","Locally acquired cases","Reported cases","N","2020","EUEEA30_21","EU/EEA (without UK)",0.000000000,""
"Chikungunya virus disease","Locally acquired cases","Reported cases","N","2020","EUEEAUK_21","EU/EEA (with UK until 2019)",0.000000000,""
"Chikungunya virus disease","Locally acquired cases","Reported cases","N","2020","FI","Finland",0.000000000,""
"Chikungunya virus disease","Locally acquired cases","Reported cases","N","2020","FR","France",0.000000000,""
"Chikungunya virus disease","Locally acquired cases","Reported cases","N","2020","HR","Croatia",0.000000000,""
"Chikungunya virus disease","Locally acquired cases","Reported cases","N","2020","HU","Hungary",0.000000000,""
"Chikungunya virus disease","Locally acquired cases","Reported cases","N","2020","IE","Ireland",0.000000000,""
"Chikungunya virus disease","Locally acquired cases","Reported cases","N","2020","IT","Italy",0.000000000,""
"Chikungunya virus disease","Locally acquired cases","Reported cases","N","2020","LT","Lithuania",0.000000000,""
"Chikungunya virus disease","Locally acquired cases","Reported cases","N","2020","LU","Luxembourg",0.000000000,""
"Chikungunya virus disease","Locally acquired cases","Reported cases","N","2020","LV","Latvia",0.000000000,""
"Chikungunya virus disease","Locally acquired cases","Reported cases","N","2020","MT","Malta",0.000000000,""
"Chikungunya virus disease","Locally acquired cases","Reported cases","N","2020","NL","Netherlands",0.000000000,""
"Chikungunya virus disease","Locally acquired cases","Reported cases","N","2020","PL","Poland",0.000000000,""
"Chikungunya virus disease","Locally acquired cases","Reported cases","N","2020","PT","Portugal",0.000000000,""
"Chikungunya virus disease","Locally acquired cases","Reported cases","N","2020","RO","Romania",0.000000000,""
"Chikungunya virus disease","Locally acquired cases","Reported cases","N","2020","SE","Sweden",0.000000000,""
"Chikungunya virus disease","Locally acquired cases","Reported cases","N","2020","SI","Slovenia",0.000000000,""
"Chikungunya virus disease","Locally acquired cases","Reported cases","N","2020","SK","Slovakia",0.000000000,""
"Chikungunya virus disease","Locally acquired cases","Reported cases","N","2021","AT","Austria",0.000000000,""
"Chikungunya virus disease","Locally acquired cases","Reported cases","N","2021","BE","Belgium",0.000000000,""
"Chikungunya virus disease","Locally acquired cases","Reported cases","N","2021","CZ","Czechia",0.000000000,""
"Chikungunya virus disease","Locally acquired cases","Reported cases","N","2021","DE","Germany",0.000000000,""
"Chikungunya virus disease","Locally acquired cases","Reported cases","N","2021","DK","Denmark",0.000000000,""
"Chikungunya virus disease","Locally acquired cases","Reported cases","N","2021","EE","Estonia",0.000000000,""
"Chikungunya virus disease","Locally acquired cases","Reported cases","N","2021","EL","Greece",0.000000000,""
"Chikungunya virus disease","Locally acquired cases","Reported cases","N","2021","ES","Spain",0.000000000,""
"Chikungunya virus disease","Locally acquired cases","Reported cases","N","2021","EU27_21","EU (without UK)",0.000000000,""
"Chikungunya virus disease","Locally acquired cases","Reported cases","N","2021","EU27_UK_21","EU (with UK until 2019)",0.000000000,""
"Chikungunya virus disease","Locally acquired cases","Reported cases","N","2021","EUEEA30_21","EU/EEA (without UK)",0.000000000,""
"Chikungunya virus disease","Locally acquired cases","Reported cases","N","2021","EUEEAUK_21","EU/EEA (with UK until 2019)",0.000000000,""
"Chikungunya virus disease","Locally acquired cases","Reported cases","N","2021","FI","Finland",0.000000000,""
"Chikungunya virus disease","Locally acquired cases","Reported cases","N","2021","FR","France",0.000000000,""
"Chikungunya virus disease","Locally acquired cases","Reported cases","N","2021","HR","Croatia",0.000000000,""
"Chikungunya virus disease","Locally acquired cases","Reported cases","N","2021","HU","Hungary",0.000000000,""
"Chikungunya virus disease","Locally acquired cases","Reported cases","N","2021","IE","Ireland",0.000000000,""
"Chikungunya virus disease","Locally acquired cases","Reported cases","N","2021","IT","Italy",0.000000000,""
"Chikungunya virus disease","Locally acquired cases","Reported cases","N","2021","LI","Liechtenstein",0.000000000,""
"Chikungunya virus disease","Locally acquired cases","Reported cases","N","2021","LT","Lithuania",0.000000000,""
"Chikungunya virus disease","Locally acquired cases","Reported cases","N","2021","LU","Luxembourg",0.000000000,""
"Chikungunya virus disease","Locally acquired cases","Reported cases","N","2021","LV","Latvia",0.000000000,""
"Chikungunya virus disease","Locally acquired cases","Reported cases","N","2021","MT","Malta",0.000000000,""
"Chikungunya virus disease","Locally acquired cases","Reported cases","N","2021","NL","Netherlands",0.000000000,""
"Chikungunya virus disease","Locally acquired cases","Reported cases","N","2021","PL","Poland",0.000000000,""
"Chikungunya virus disease","Locally acquired cases","Reported cases","N","2021","PT","Portugal",0.000000000,""
"Chikungunya virus disease","Locally acquired cases","Reported cases","N","2021","RO","Romania",0.000000000,""
"Chikungunya virus disease","Locally acquired cases","Reported cases","N","2021","SE","Sweden",0.000000000,""
"Chikungunya virus disease","Locally acquired cases","Reported cases","N","2021","SI","Slovenia",0.000000000,""
"Chikungunya virus disease","Locally acquired cases","Reported cases","N","2021","SK","Slovakia",0.000000000,""
"Chikungunya virus disease","Locally acquired cases","Reported cases","N","2022","AT","Austria",0.000000000,""
"Chikungunya virus disease","Locally acquired cases","Reported cases","N","2022","BE","Belgium",0.000000000,""
"Chikungunya virus disease","Locally acquired cases","Reported cases","N","2022","CZ","Czechia",0.000000000,""
"Chikungunya virus disease","Locally acquired cases","Reported cases","N","2022","DE","Germany",0.000000000,""
"Chikungunya virus disease","Locally acquired cases","Reported cases","N","2022","DK","Denmark",0.000000000,""
"Chikungunya virus disease","Locally acquired cases","Reported cases","N","2022","EE","Estonia",0.000000000,""
"Chikungunya virus disease","Locally acquired cases","Reported cases","N","2022","EL","Greece",0.000000000,""
"Chikungunya virus disease","Locally acquired cases","Reported cases","N","2022","ES","Spain",0.000000000,""
"Chikungunya virus disease","Locally acquired cases","Reported cases","N","2022","EU27_21","EU (without UK)",0.000000000,""
"Chikungunya virus disease","Locally acquired cases","Reported cases","N","2022","EU27_UK_21","EU (with UK until 2019)",0.000000000,""
"Chikungunya virus disease","Locally acquired cases","Reported cases","N","2022","EUEEA30_21","EU/EEA (without UK)",0.000000000,""
"Chikungunya virus disease","Locally acquired cases","Reported cases","N","2022","EUEEAUK_21","EU/EEA (with UK until 2019)",0.000000000,""
"Chikungunya virus disease","Locally acquired cases","Reported cases","N","2022","FI","Finland",0.000000000,""
"Chikungunya virus disease","Locally acquired cases","Reported cases","N","2022","FR","France",0.000000000,""
"Chikungunya virus disease","Locally acquired cases","Reported cases","N","2022","HR","Croatia",0.000000000,""
"Chikungunya virus disease","Locally acquired cases","Reported cases","N","2022","HU","Hungary",0.000000000,""
"Chikungunya virus disease","Locally acquired cases","Reported cases","N","2022","IE","Ireland",0.000000000,""
"Chikungunya virus disease","Locally acquired cases","Reported cases","N","2022","IS","Iceland",0.000000000,""
"Chikungunya virus disease","Locally acquired cases","Reported cases","N","2022","IT","Italy",0.000000000,""
"Chikungunya virus disease","Locally acquired cases","Reported cases","N","2022","LI","Liechtenstein",0.000000000,""
"Chikungunya virus disease","Locally acquired cases","Reported cases","N","2022","LT","Lithuania",0.000000000,""
"Chikungunya virus disease","Locally acquired cases","Reported cases","N","2022","LU","Luxembourg",0.000000000,""
"Chikungunya virus disease","Locally acquired cases","Reported cases","N","2022","LV","Latvia",0.000000000,""
"Chikungunya virus disease","Locally acquired cases","Reported cases","N","2022","MT","Malta",0.000000000,""
"Chikungunya virus disease","Locally acquired cases","Reported cases","N","2022","NL","Netherlands",0.000000000,""
"Chikungunya virus disease","Locally acquired cases","Reported cases","N","2022","PL","Poland",0.000000000,""
"Chikungunya virus disease","Locally acquired cases","Reported cases","N","2022","PT","Portugal",0.000000000,""
"Chikungunya virus disease","Locally acquired cases","Reported cases","N","2022","RO","Romania",0.000000000,""
"Chikungunya virus disease","Locally acquired cases","Reported cases","N","2022","SE","Sweden",0.000000000,""
"Chikungunya virus disease","Locally acquired cases","Reported cases","N","2022","SI","Slovenia",0.000000000,""
"Chikungunya virus disease","Locally acquired cases","Reported cases","N","2022","SK","Slovakia",0.000000000,""
"Chikungunya virus disease","Locally acquired cases","Reported cases","N","2023","AT","Austria",0.000000000,""
"Chikungunya virus disease","Locally acquired cases","Reported cases","N","2023","BE","Belgium",0.000000000,""
"Chikungunya virus disease","Locally acquired cases","Reported cases","N","2023","CZ","Czechia",0.000000000,""
"Chikungunya virus disease","Locally acquired cases","Reported cases","N","2023","DE","Germany",0.000000000,""
"Chikungunya virus disease","Locally acquired cases","Reported cases","N","2023","DK","Denmark",0.000000000,""
"Chikungunya virus disease","Locally acquired cases","Reported cases","N","2023","EE","Estonia",0.000000000,""
"Chikungunya virus disease","Locally acquired cases","Reported cases","N","2023","EL","Greece",0.000000000,""
"Chikungunya virus disease","Locally acquired cases","Reported cases","N","2023","ES","Spain",0.000000000,""
"Chikungunya virus disease","Locally acquired cases","Reported cases","N","2023","EU27_21","EU (without UK)",0.000000000,""
"Chikungunya virus disease","Locally acquired cases","Reported cases","N","2023","EU27_UK_21","EU (with UK until 2019)",0.000000000,""
"Chikungunya virus disease","Locally acquired cases","Reported cases","N","2023","EUEEA30_21","EU/EEA (without UK)",0.000000000,""
"Chikungunya virus disease","Locally acquired cases","Reported cases","N","2023","EUEEAUK_21","EU/EEA (with UK until 2019)",0.000000000,""
"Chikungunya virus disease","Locally acquired cases","Reported cases","N","2023","FI","Finland",0.000000000,""
"Chikungunya virus disease","Locally acquired cases","Reported cases","N","2023","FR","France",0.000000000,""
"Chikungunya virus disease","Locally acquired cases","Reported cases","N","2023","HR","Croatia",0.000000000,""
"Chikungunya virus disease","Locally acquired cases","Reported cases","N","2023","HU","Hungary",0.000000000,""
"Chikungunya virus disease","Locally acquired cases","Reported cases","N","2023","IE","Ireland",0.000000000,""
"Chikungunya virus disease","Locally acquired cases","Reported cases","N","2023","IS","Iceland",0.000000000,""
"Chikungunya virus disease","Locally acquired cases","Reported cases","N","2023","IT","Italy",0.000000000,""
"Chikungunya virus disease","Locally acquired cases","Reported cases","N","2023","LI","Liechtenstein",0.000000000,""
"Chikungunya virus disease","Locally acquired cases","Reported cases","N","2023","LT","Lithuania",0.000000000,""
"Chikungunya virus disease","Locally acquired cases","Reported cases","N","2023","LU","Luxembourg",0.000000000,""
"Chikungunya virus disease","Locally acquired cases","Reported cases","N","2023","LV","Latvia",0.000000000,""
"Chikungunya virus disease","Locally acquired cases","Reported cases","N","2023","MT","Malta",0.000000000,""
"Chikungunya virus disease","Locally acquired cases","Reported cases","N","2023","NL","Netherlands",0.000000000,""
"Chikungunya virus disease","Locally acquired cases","Reported cases","N","2023","PL","Poland",0.000000000,""
"Chikungunya virus disease","Locally acquired cases","Reported cases","N","2023","PT","Portugal",0.000000000,""
"Chikungunya virus disease","Locally acquired cases","Reported cases","N","2023","RO","Romania",0.000000000,""
"Chikungunya virus disease","Locally acquired cases","Reported cases","N","2023","SE","Sweden",0.000000000,""
"Chikungunya virus disease","Locally acquired cases","Reported cases","N","2023","SI","Slovenia",0.000000000,""
"Chikungunya virus disease","Locally acquired cases","Reported cases","N","2023","SK","Slovakia",0.000000000,""
"Chikungunya virus disease","Locally acquired cases","Reported cases","N","2024","AT","Austria",0.000000000,""
"Chikungunya virus disease","Locally acquired cases","Reported cases","N","2024","BE","Belgium",0.000000000,""
"Chikungunya virus disease","Locally acquired cases","Reported cases","N","2024","CY","Cyprus",0.000000000,""
"Chikungunya virus disease","Locally acquired cases","Reported cases","N","2024","CZ","Czechia",0.000000000,""
"Chikungunya virus disease","Locally acquired cases","Reported cases","N","2024","DE","Germany",0.000000000,""
"Chikungunya virus disease","Locally acquired cases","Reported cases","N","2024","DK","Denmark",0.000000000,""
"Chikungunya virus disease","Locally acquired cases","Reported cases","N","2024","EE","Estonia",0.000000000,""
"Chikungunya virus disease","Locally acquired cases","Reported cases","N","2024","EL","Greece",0.000000000,""
"Chikungunya virus disease","Locally acquired cases","Reported cases","N","2024","ES","Spain",0.000000000,""
"Chikungunya virus disease","Locally acquired cases","Reported cases","N","2024","EU27_21","EU (without UK)",1.000000000,""
"Chikungunya virus disease","Locally acquired cases","Reported cases","N","2024","EU27_UK_21","EU (with UK until 2019)",1.000000000,""
"Chikungunya virus disease","Locally acquired cases","Reported cases","N","2024","EUEEA30_21","EU/EEA (without UK)",1.000000000,""
"Chikungunya virus disease","Locally acquired cases","Reported cases","N","2024","EUEEAUK_21","EU/EEA (with UK until 2019)",1.000000000,""
"Chikungunya virus disease","Locally acquired cases","Reported cases","N","2024","FI","Finland",0.000000000,""
"Chikungunya virus disease","Locally acquired cases","Reported cases","N","2024","FR","France",1.000000000,""
"Chikungunya virus disease","Locally acquired cases","Reported cases","N","2024","HR","Croatia",0.000000000,""
"Chikungunya virus disease","Locally acquired cases","Reported cases","N","2024","HU","Hungary",0.000000000,""
"Chikungunya virus disease","Locally acquired cases","Reported cases","N","2024","IE","Ireland",0.000000000,""
"Chikungunya virus disease","Locally acquired cases","Reported cases","N","2024","IS","Iceland",0.000000000,""
"Chikungunya virus disease","Locally acquired cases","Reported cases","N","2024","IT","Italy",0.000000000,""
"Chikungunya virus disease","Locally acquired cases","Reported cases","N","2024","LI","Liechtenstein",0.000000000,""
"Chikungunya virus disease","Locally acquired cases","Reported cases","N","2024","LT","Lithuania",0.000000000,""
"Chikungunya virus disease","Locally acquired cases","Reported cases","N","2024","LU","Luxembourg",0.000000000,""
"Chikungunya virus disease","Locally acquired cases","Reported cases","N","2024","LV","Latvia",0.000000000,""
"Chikungunya virus disease","Locally acquired cases","Reported cases","N","2024","MT","Malta",0.000000000,""
"Chikungunya virus disease","Locally acquired cases","Reported cases","N","2024","NL","Netherlands",0.000000000,""
"Chikungunya virus disease","Locally acquired cases","Reported cases","N","2024","PL","Poland",0.000000000,""
"Chikungunya virus disease","Locally acquired cases","Reported cases","N","2024","PT","Portugal",0.000000000,""
"Chikungunya virus disease","Locally acquired cases","Reported cases","N","2024","RO","Romania",0.000000000,""
"Chikungunya virus disease","Locally acquired cases","Reported cases","N","2024","SE","Sweden",0.000000000,""
"Chikungunya virus disease","Locally acquired cases","Reported cases","N","2024","SI","Slovenia",0.000000000,""
"Chikungunya virus disease","Locally acquired cases","Reported cases","N","2024","SK","Slovakia",0.000000000,""
"Chikungunya virus disease","Travel-associated cases","Reported cases","N","2008","AT","Austria",0.000000000,""
"Chikungunya virus disease","Travel-associated cases","Reported cases","N","2008","BE","Belgium",0.000000000,""
"Chikungunya virus disease","Travel-associated cases","Reported cases","N","2008","CZ","Czechia",0.000000000,""
"Chikungunya virus disease","Travel-associated cases","Reported cases","N","2008","DE","Germany",17.000000000,""
"Chikungunya virus disease","Travel-associated cases","Reported cases","N","2008","EE","Estonia",0.000000000,""
"Chikungunya virus disease","Travel-associated cases","Reported cases","N","2008","EL","Greece",0.000000000,""
"Chikungunya virus disease","Travel-associated cases","Reported cases","N","2008","ES","Spain",5.000000000,""
"Chikungunya virus disease","Travel-associated cases","Reported cases","N","2008","EU27_21","EU (without UK)",30.000000000,""
"Chikungunya virus disease","Travel-associated cases","Reported cases","N","2008","EU27_UK_21","EU (with UK until 2019)",39.000000000,""
"Chikungunya virus disease","Travel-associated cases","Reported cases","N","2008","EUEEA30_21","EU/EEA (without UK)",30.000000000,""
"Chikungunya virus disease","Travel-associated cases","Reported cases","N","2008","EUEEAUK_21","EU/EEA (with UK until 2019)",39.000000000,""
"Chikungunya virus disease","Travel-associated cases","Reported cases","N","2008","FI","Finland",0.000000000,""
"Chikungunya virus disease","Travel-associated cases","Reported cases","N","2008","FR","France",-,""
"Chikungunya virus disease","Travel-associated cases","Reported cases","N","2008","HU","Hungary",0.000000000,""
"Chikungunya virus disease","Travel-associated cases","Reported cases","N","2008","IE","Ireland",0.000000000,""
"Chikungunya virus disease","Travel-associated cases","Reported cases","N","2008","IT","Italy",8.000000000,""
"Chikungunya virus disease","Travel-associated cases","Reported cases","N","2008","LT","Lithuania",0.000000000,""
"Chikungunya virus disease","Travel-associated cases","Reported cases","N","2008","LU","Luxembourg",0.000000000,""
"Chikungunya virus disease","Travel-associated cases","Reported cases","N","2008","LV","Latvia",0.000000000,""
"Chikungunya virus disease","Travel-associated cases","Reported cases","N","2008","MT","Malta",0.000000000,""
"Chikungunya virus disease","Travel-associated cases","Reported cases","N","2008","PL","Poland",0.000000000,""
"Chikungunya virus disease","Travel-associated cases","Reported cases","N","2008","RO","Romania",0.000000000,""
"Chikungunya virus disease","Travel-associated cases","Reported cases","N","2008","SI","Slovenia",0.000000000,""
"Chikungunya virus disease","Travel-associated cases","Reported cases","N","2008","SK","Slovakia",0.000000000,""
"Chikungunya virus disease","Travel-associated cases","Reported cases","N","2008","UK","United Kingdom",9.000000000,""
"Chikungunya virus disease","Travel-associated cases","Reported cases","N","2009","AT","Austria",8.000000000,""
"Chikungunya virus disease","Travel-associated cases","Reported cases","N","2009","BE","Belgium",-,""
"Chikungunya virus disease","Travel-associated cases","Reported cases","N","2009","CZ","Czechia",0.000000000,""
"Chikungunya virus disease","Travel-associated cases","Reported cases","N","2009","DE","Germany",54.000000000,""
"Chikungunya virus disease","Travel-associated cases","Reported cases","N","2009","EE","Estonia",0.000000000,""
"Chikungunya virus disease","Travel-associated cases","Reported cases","N","2009","EL","Greece",0.000000000,""
"Chikungunya virus disease","Travel-associated cases","Reported cases","N","2009","ES","Spain",6.000000000,""
"Chikungunya virus disease","Travel-associated cases","Reported cases","N","2009","EU27_21","EU (without UK)",71.000000000,""
"Chikungunya virus disease","Travel-associated cases","Reported cases","N","2009","EU27_UK_21","EU (with UK until 2019)",127.000000000,""
"Chikungunya virus disease","Travel-associated cases","Reported cases","N","2009","EUEEA30_21","EU/EEA (without UK)",71.000000000,""
"Chikungunya virus disease","Travel-associated cases","Reported cases","N","2009","EUEEAUK_21","EU/EEA (with UK until 2019)",127.000000000,""
"Chikungunya virus disease","Travel-associated cases","Reported cases","N","2009","FI","Finland",-,""
"Chikungunya virus disease","Travel-associated cases","Reported cases","N","2009","FR","France",-,""
"Chikungunya virus disease","Travel-associated cases","Reported cases","N","2009","HU","Hungary",0.000000000,""
"Chikungunya virus disease","Travel-associated cases","Reported cases","N","2009","IE","Ireland",0.000000000,""
"Chikungunya virus disease","Travel-associated cases","Reported cases","N","2009","IT","Italy",3.000000000,""
"Chikungunya virus disease","Travel-associated cases","Reported cases","N","2009","LT","Lithuania",0.000000000,""
"Chikungunya virus disease","Travel-associated cases","Reported cases","N","2009","LU","Luxembourg",0.000000000,""
"Chikungunya virus disease","Travel-associated cases","Reported cases","N","2009","LV","Latvia",0.000000000,""
"Chikungunya virus disease","Travel-associated cases","Reported cases","N","2009","MT","Malta",0.000000000,""
"Chikungunya virus disease","Travel-associated cases","Reported cases","N","2009","PL","Poland",0.000000000,""
"Chikungunya virus disease","Travel-associated cases","Reported cases","N","2009","RO","Romania",0.000000000,""
"Chikungunya virus disease","Travel-associated cases","Reported cases","N","2009","SE","Sweden",0.000000000,""
"Chikungunya virus disease","Travel-associated cases","Reported cases","N","2009","SI","Slovenia",0.000000000,""
"Chikungunya virus disease","Travel-associated cases","Reported cases","N","2009","SK","Slovakia",0.000000000,""
"Chikungunya virus disease","Travel-associated cases","Reported cases","N","2009","UK","United Kingdom",56.000000000,""
"Chikungunya virus disease","Travel-associated cases","Reported cases","N","2010","AT","Austria",2.000000000,""
"Chikungunya virus disease","Travel-associated cases","Reported cases","N","2010","BE","Belgium",-,""
"Chikungunya virus disease","Travel-associated cases","Reported cases","N","2010","CZ","Czechia",0.000000000,""
"Chikungunya virus disease","Travel-associated cases","Reported cases","N","2010","DE","Germany",37.000000000,""
"Chikungunya virus disease","Travel-associated cases","Reported cases","N","2010","DK","Denmark",0.000000000,""
"Chikungunya virus disease","Travel-associated cases","Reported cases","N","2010","EE","Estonia",0.000000000,""
"Chikungunya virus disease","Travel-associated cases","Reported cases","N","2010","EL","Greece",0.000000000,""
"Chikungunya virus disease","Travel-associated cases","Reported cases","N","2010","ES","Spain",0.000000000,""
"Chikungunya virus disease","Travel-associated cases","Reported cases","N","2010","EU27_21","EU (without UK)",89.000000000,""
"Chikungunya virus disease","Travel-associated cases","Reported cases","N","2010","EU27_UK_21","EU (with UK until 2019)",168.000000000,""
"Chikungunya virus disease","Travel-associated cases","Reported cases","N","2010","EUEEA30_21","EU/EEA (without UK)",89.000000000,""
"Chikungunya virus disease","Travel-associated cases","Reported cases","N","2010","EUEEAUK_21","EU/EEA (with UK until 2019)",168.000000000,""
"Chikungunya virus disease","Travel-associated cases","Reported cases","N","2010","FI","Finland",-,""
"Chikungunya virus disease","Travel-associated cases","Reported cases","N","2010","FR","France",42.000000000,""
"Chikungunya virus disease","Travel-associated cases","Reported cases","N","2010","HU","Hungary",0.000000000,""
"Chikungunya virus disease","Travel-associated cases","Reported cases","N","2010","IE","Ireland",1.000000000,""
"Chikungunya virus disease","Travel-associated cases","Reported cases","N","2010","IT","Italy",7.000000000,""
"Chikungunya virus disease","Travel-associated cases","Reported cases","N","2010","LT","Lithuania",0.000000000,""
"Chikungunya virus disease","Travel-associated cases","Reported cases","N","2010","LU","Luxembourg",0.000000000,""
"Chikungunya virus disease","Travel-associated cases","Reported cases","N","2010","LV","Latvia",0.000000000,""
"Chikungunya virus disease","Travel-associated cases","Reported cases","N","2010","MT","Malta",0.000000000,""
"Chikungunya virus disease","Travel-associated cases","Reported cases","N","2010","PL","Poland",0.000000000,""
"Chikungunya virus disease","Travel-associated cases","Reported cases","N","2010","RO","Romania",0.000000000,""
"Chikungunya virus disease","Travel-associated cases","Reported cases","N","2010","SE","Sweden",0.000000000,""
"Chikungunya virus disease","Travel-associated cases","Reported cases","N","2010","SI","Slovenia",0.000000000,""
"Chikungunya virus disease","Travel-associated cases","Reported cases","N","2010","SK","Slovakia",0.000000000,""
"Chikungunya virus disease","Travel-associated cases","Reported cases","N","2010","UK","United Kingdom",79.000000000,""
"Chikungunya virus disease","Travel-associated cases","Reported cases","N","2011","AT","Austria",2.000000000,""
"Chikungunya virus disease","Travel-associated cases","Reported cases","N","2011","BE","Belgium",-,""
"Chikungunya virus disease","Travel-associated cases","Reported cases","N","2011","CZ","Czechia",0.000000000,""
"Chikungunya virus disease","Travel-associated cases","Reported cases","N","2011","DE","Germany",13.000000000,""
"Chikungunya virus disease","Travel-associated cases","Reported cases","N","2011","DK","Denmark",0.000000000,""
"Chikungunya virus disease","Travel-associated cases","Reported cases","N","2011","EE","Estonia",0.000000000,""
"Chikungunya virus disease","Travel-associated cases","Reported cases","N","2011","EL","Greece",0.000000000,""
"Chikungunya virus disease","Travel-associated cases","Reported cases","N","2011","ES","Spain",4.000000000,""
"Chikungunya virus disease","Travel-associated cases","Reported cases","N","2011","EU27_21","EU (without UK)",33.000000000,""
"Chikungunya virus disease","Travel-associated cases","Reported cases","N","2011","EU27_UK_21","EU (with UK until 2019)",47.000000000,""
"Chikungunya virus disease","Travel-associated cases","Reported cases","N","2011","EUEEA30_21","EU/EEA (without UK)",33.000000000,""
"Chikungunya virus disease","Travel-associated cases","Reported cases","N","2011","EUEEAUK_21","EU/EEA (with UK until 2019)",47.000000000,""
"Chikungunya virus disease","Travel-associated cases","Reported cases","N","2011","FI","Finland",0.000000000,""
"Chikungunya virus disease","Travel-associated cases","Reported cases","N","2011","FR","France",12.000000000,""
"Chikungunya virus disease","Travel-associated cases","Reported cases","N","2011","HU","Hungary",0.000000000,""
"Chikungunya virus disease","Travel-associated cases","Reported cases","N","2011","IE","Ireland",0.000000000,""
"Chikungunya virus disease","Travel-associated cases","Reported cases","N","2011","IT","Italy",2.000000000,""
"Chikungunya virus disease","Travel-associated cases","Reported cases","N","2011","LT","Lithuania",0.000000000,""
"Chikungunya virus disease","Travel-associated cases","Reported cases","N","2011","LU","Luxembourg",0.000000000,""
"Chikungunya virus disease","Travel-associated cases","Reported cases","N","2011","LV","Latvia",0.000000000,""
"Chikungunya virus disease","Travel-associated cases","Reported cases","N","2011","MT","Malta",0.000000000,""
"Chikungunya virus disease","Travel-associated cases","Reported cases","N","2011","PL","Poland",0.000000000,""
"Chikungunya virus disease","Travel-associated cases","Reported cases","N","2011","RO","Romania",0.000000000,""
"Chikungunya virus disease","Travel-associated cases","Reported cases","N","2011","SE","Sweden",0.000000000,""
"Chikungunya virus disease","Travel-associated cases","Reported cases","N","2011","SI","Slovenia",0.000000000,""
"Chikungunya virus disease","Travel-associated cases","Reported cases","N","2011","SK","Slovakia",0.000000000,""
"Chikungunya virus disease","Travel-associated cases","Reported cases","N","2011","UK","United Kingdom",14.000000000,""
"Chikungunya virus disease","Travel-associated cases","Reported cases","N","2012","AT","Austria",0.000000000,""
"Chikungunya virus disease","Travel-associated cases","Reported cases","N","2012","BE","Belgium",-,""
"Chikungunya virus disease","Travel-associated cases","Reported cases","N","2012","CZ","Czechia",0.000000000,""
"Chikungunya virus disease","Travel-associated cases","Reported cases","N","2012","DE","Germany",9.000000000,""
"Chikungunya virus disease","Travel-associated cases","Reported cases","N","2012","DK","Denmark",0.000000000,""
"Chikungunya virus disease","Travel-associated cases","Reported cases","N","2012","EE","Estonia",0.000000000,""
"Chikungunya virus disease","Travel-associated cases","Reported cases","N","2012","EL","Greece",0.000000000,""
"Chikungunya virus disease","Travel-associated cases","Reported cases","N","2012","ES","Spain",2.000000000,""
"Chikungunya virus disease","Travel-associated cases","Reported cases","N","2012","EU27_21","EU (without UK)",28.000000000,""
"Chikungunya virus disease","Travel-associated cases","Reported cases","N","2012","EU27_UK_21","EU (with UK until 2019)",47.000000000,""
"Chikungunya virus disease","Travel-associated cases","Reported cases","N","2012","EUEEA30_21","EU/EEA (without UK)",28.000000000,""
"Chikungunya virus disease","Travel-associated cases","Reported cases","N","2012","EUEEAUK_21","EU/EEA (with UK until 2019)",47.000000000,""
"Chikungunya virus disease","Travel-associated cases","Reported cases","N","2012","FI","Finland",0.000000000,""
"Chikungunya virus disease","Travel-associated cases","Reported cases","N","2012","FR","France",10.000000000,""
"Chikungunya virus disease","Travel-associated cases","Reported cases","N","2012","HR","Croatia",0.000000000,""
"Chikungunya virus disease","Travel-associated cases","Reported cases","N","2012","HU","Hungary",0.000000000,""
"Chikungunya virus disease","Travel-associated cases","Reported cases","N","2012","IE","Ireland",0.000000000,""
"Chikungunya virus disease","Travel-associated cases","Reported cases","N","2012","IT","Italy",5.000000000,""
"Chikungunya virus disease","Travel-associated cases","Reported cases","N","2012","LT","Lithuania",0.000000000,""
"Chikungunya virus disease","Travel-associated cases","Reported cases","N","2012","LU","Luxembourg",0.000000000,""
"Chikungunya virus disease","Travel-associated cases","Reported cases","N","2012","LV","Latvia",0.000000000,""
"Chikungunya virus disease","Travel-associated cases","Reported cases","N","2012","MT","Malta",0.000000000,""
"Chikungunya virus disease","Travel-associated cases","Reported cases","N","2012","PL","Poland",0.000000000,""
"Chikungunya virus disease","Travel-associated cases","Reported cases","N","2012","RO","Romania",0.000000000,""
"Chikungunya virus disease","Travel-associated cases","Reported cases","N","2012","SE","Sweden",2.000000000,""
"Chikungunya virus disease","Travel-associated cases","Reported cases","N","2012","SI","Slovenia",0.000000000,""
"Chikungunya virus disease","Travel-associated cases","Reported cases","N","2012","SK","Slovakia",0.000000000,""
"Chikungunya virus disease","Travel-associated cases","Reported cases","N","2012","UK","United Kingdom",19.000000000,""
"Chikungunya virus disease","Travel-associated cases","Reported cases","N","2013","AT","Austria",0.000000000,""
"Chikungunya virus disease","Travel-associated cases","Reported cases","N","2013","BE","Belgium",5.000000000,""
"Chikungunya virus disease","Travel-associated cases","Reported cases","N","2013","CZ","Czechia",0.000000000,""
"Chikungunya virus disease","Travel-associated cases","Reported cases","N","2013","DE","Germany",16.000000000,""
"Chikungunya virus disease","Travel-associated cases","Reported cases","N","2013","DK","Denmark",0.000000000,""
"Chikungunya virus disease","Travel-associated cases","Reported cases","N","2013","EE","Estonia",0.000000000,""
"Chikungunya virus disease","Travel-associated cases","Reported cases","N","2013","EL","Greece",0.000000000,""
"Chikungunya virus disease","Travel-associated cases","Reported cases","N","2013","ES","Spain",2.000000000,""
"Chikungunya virus disease","Travel-associated cases","Reported cases","N","2013","EU27_21","EU (without UK)",44.000000000,""
"Chikungunya virus disease","Travel-associated cases","Reported cases","N","2013","EU27_UK_21","EU (with UK until 2019)",70.000000000,""
"Chikungunya virus disease","Travel-associated cases","Reported cases","N","2013","EUEEA30_21","EU/EEA (without UK)",44.000000000,""
"Chikungunya virus disease","Travel-associated cases","Reported cases","N","2013","EUEEAUK_21","EU/EEA (with UK until 2019)",70.000000000,""
"Chikungunya virus disease","Travel-associated cases","Reported cases","N","2013","FI","Finland",-,""
"Chikungunya virus disease","Travel-associated cases","Reported cases","N","2013","FR","France",12.000000000,""
"Chikungunya virus disease","Travel-associated cases","Reported cases","N","2013","HR","Croatia",0.000000000,""
"Chikungunya virus disease","Travel-associated cases","Reported cases","N","2013","HU","Hungary",0.000000000,""
"Chikungunya virus disease","Travel-associated cases","Reported cases","N","2013","IE","Ireland",0.000000000,""
"Chikungunya virus disease","Travel-associated cases","Reported cases","N","2013","IT","Italy",3.000000000,""
"Chikungunya virus disease","Travel-associated cases","Reported cases","N","2013","LT","Lithuania",0.000000000,""
"Chikungunya virus disease","Travel-associated cases","Reported cases","N","2013","LU","Luxembourg",0.000000000,""
"Chikungunya virus disease","Travel-associated cases","Reported cases","N","2013","LV","Latvia",0.000000000,""
"Chikungunya virus disease","Travel-associated cases","Reported cases","N","2013","MT","Malta",0.000000000,""
"Chikungunya virus disease","Travel-associated cases","Reported cases","N","2013","PL","Poland",0.000000000,""
"Chikungunya virus disease","Travel-associated cases","Reported cases","N","2013","RO","Romania",0.000000000,""
"Chikungunya virus disease","Travel-associated cases","Reported cases","N","2013","SE","Sweden",6.000000000,""
"Chikungunya virus disease","Travel-associated cases","Reported cases","N","2013","SI","Slovenia",0.000000000,""
"Chikungunya virus disease","Travel-associated cases","Reported cases","N","2013","SK","Slovakia",0.000000000,""
"Chikungunya virus disease","Travel-associated cases","Reported cases","N","2013","UK","United Kingdom",26.000000000,""
"Chikungunya virus disease","Travel-associated cases","Reported cases","N","2014","BE","Belgium",69.000000000,""
"Chikungunya virus disease","Travel-associated cases","Reported cases","N","2014","CZ","Czechia",3.000000000,""
"Chikungunya virus disease","Travel-associated cases","Reported cases","N","2014","DE","Germany",161.000000000,""
"Chikungunya virus disease","Travel-associated cases","Reported cases","N","2014","DK","Denmark",-,""
"Chikungunya virus disease","Travel-associated cases","Reported cases","N","2014","EE","Estonia",0.000000000,""
"Chikungunya virus disease","Travel-associated cases","Reported cases","N","2014","EL","Greece",1.000000000,""
"Chikungunya virus disease","Travel-associated cases","Reported cases","N","2014","ES","Spain",272.000000000,""
"Chikungunya virus disease","Travel-associated cases","Reported cases","N","2014","EU27_21","EU (without UK)",1342.000000000,""
"Chikungunya virus disease","Travel-associated cases","Reported cases","N","2014","EU27_UK_21","EU (with UK until 2019)",1641.000000000,""
"Chikungunya virus disease","Travel-associated cases","Reported cases","N","2014","EUEEA30_21","EU/EEA (without UK)",1342.000000000,""
"Chikungunya virus disease","Travel-associated cases","Reported cases","N","2014","EUEEAUK_21","EU/EEA (with UK until 2019)",1641.000000000,""
"Chikungunya virus disease","Travel-associated cases","Reported cases","N","2014","FI","Finland",-,""
"Chikungunya virus disease","Travel-associated cases","Reported cases","N","2014","FR","France",775.000000000,""
"Chikungunya virus disease","Travel-associated cases","Reported cases","N","2014","HR","Croatia",0.000000000,""
"Chikungunya virus disease","Travel-associated cases","Reported cases","N","2014","HU","Hungary",2.000000000,""
"Chikungunya virus disease","Travel-associated cases","Reported cases","N","2014","IE","Ireland",1.000000000,""
"Chikungunya virus disease","Travel-associated cases","Reported cases","N","2014","IT","Italy",39.000000000,""
"Chikungunya virus disease","Travel-associated cases","Reported cases","N","2014","LT","Lithuania",0.000000000,""
"Chikungunya virus disease","Travel-associated cases","Reported cases","N","2014","LU","Luxembourg",0.000000000,""
"Chikungunya virus disease","Travel-associated cases","Reported cases","N","2014","LV","Latvia",0.000000000,""
"Chikungunya virus disease","Travel-associated cases","Reported cases","N","2014","MT","Malta",0.000000000,""
"Chikungunya virus disease","Travel-associated cases","Reported cases","N","2014","NL","Netherlands",-,""
"Chikungunya virus disease","Travel-associated cases","Reported cases","N","2014","PL","Poland",0.000000000,""
"Chikungunya virus disease","Travel-associated cases","Reported cases","N","2014","RO","Romania",0.000000000,""
"Chikungunya virus disease","Travel-associated cases","Reported cases","N","2014","SE","Sweden",19.000000000,""
"Chikungunya virus disease","Travel-associated cases","Reported cases","N","2014","SI","Slovenia",0.000000000,""
"Chikungunya virus disease","Travel-associated cases","Reported cases","N","2014","SK","Slovakia",0.000000000,""
"Chikungunya virus disease","Travel-associated cases","Reported cases","N","2014","UK","United Kingdom",299.000000000,""
"Chikungunya virus disease","Travel-associated cases","Reported cases","N","2015","BE","Belgium",-,""
"Chikungunya virus disease","Travel-associated cases","Reported cases","N","2015","CZ","Czechia",1.000000000,""
"Chikungunya virus disease","Travel-associated cases","Reported cases","N","2015","DE","Germany",109.000000000,""
"Chikungunya virus disease","Travel-associated cases","Reported cases","N","2015","DK","Denmark",-,""
"Chikungunya virus disease","Travel-associated cases","Reported cases","N","2015","EE","Estonia",0.000000000,""
"Chikungunya virus disease","Travel-associated cases","Reported cases","N","2015","EL","Greece",0.000000000,""
"Chikungunya virus disease","Travel-associated cases","Reported cases","N","2015","ES","Spain",232.000000000,""
"Chikungunya virus disease","Travel-associated cases","Reported cases","N","2015","EU27_21","EU (without UK)",457.000000000,""
"Chikungunya virus disease","Travel-associated cases","Reported cases","N","2015","EU27_UK_21","EU (with UK until 2019)",563.000000000,""
"Chikungunya virus disease","Travel-associated cases","Reported cases","N","2015","EUEEA30_21","EU/EEA (without UK)",457.000000000,""
"Chikungunya virus disease","Travel-associated cases","Reported cases","N","2015","EUEEAUK_21","EU/EEA (with UK until 2019)",563.000000000,""
"Chikungunya virus disease","Travel-associated cases","Reported cases","N","2015","FI","Finland",-,""
"Chikungunya virus disease","Travel-associated cases","Reported cases","N","2015","FR","France",68.000000000,""
"Chikungunya virus disease","Travel-associated cases","Reported cases","N","2015","HR","Croatia",0.000000000,""
"Chikungunya virus disease","Travel-associated cases","Reported cases","N","2015","HU","Hungary",2.000000000,""
"Chikungunya virus disease","Travel-associated cases","Reported cases","N","2015","IE","Ireland",1.000000000,""
"Chikungunya virus disease","Travel-associated cases","Reported cases","N","2015","IT","Italy",19.000000000,""
"Chikungunya virus disease","Travel-associated cases","Reported cases","N","2015","LT","Lithuania",0.000000000,""
"Chikungunya virus disease","Travel-associated cases","Reported cases","N","2015","LU","Luxembourg",0.000000000,""
"Chikungunya virus disease","Travel-associated cases","Reported cases","N","2015","LV","Latvia",2.000000000,""
"Chikungunya virus disease","Travel-associated cases","Reported cases","N","2015","MT","Malta",0.000000000,""
"Chikungunya virus disease","Travel-associated cases","Reported cases","N","2015","NL","Netherlands",-,""
"Chikungunya virus disease","Travel-associated cases","Reported cases","N","2015","PL","Poland",0.000000000,""
"Chikungunya virus disease","Travel-associated cases","Reported cases","N","2015","PT","Portugal",0.000000000,""
"Chikungunya virus disease","Travel-associated cases","Reported cases","N","2015","RO","Romania",0.000000000,""
"Chikungunya virus disease","Travel-associated cases","Reported cases","N","2015","SE","Sweden",23.000000000,""
"Chikungunya virus disease","Travel-associated cases","Reported cases","N","2015","SI","Slovenia",0.000000000,""
"Chikungunya virus disease","Travel-associated cases","Reported cases","N","2015","SK","Slovakia",0.000000000,""
"Chikungunya virus disease","Travel-associated cases","Reported cases","N","2015","UK","United Kingdom",106.000000000,""
"Chikungunya virus disease","Travel-associated cases","Reported cases","N","2016","AT","Austria",9.000000000,""
"Chikungunya virus disease","Travel-associated cases","Reported cases","N","2016","BE","Belgium",-,""
"Chikungunya virus disease","Travel-associated cases","Reported cases","N","2016","CZ","Czechia",7.000000000,""
"Chikungunya virus disease","Travel-associated cases","Reported cases","N","2016","DE","Germany",72.000000000,""
"Chikungunya virus disease","Travel-associated cases","Reported cases","N","2016","DK","Denmark",-,""
"Chikungunya virus disease","Travel-associated cases","Reported cases","N","2016","EE","Estonia",0.000000000,""
"Chikungunya virus disease","Travel-associated cases","Reported cases","N","2016","EL","Greece",2.000000000,""
"Chikungunya virus disease","Travel-associated cases","Reported cases","N","2016","ES","Spain",105.000000000,""
"Chikungunya virus disease","Travel-associated cases","Reported cases","N","2016","EU27_21","EU (without UK)",281.000000000,""
"Chikungunya virus disease","Travel-associated cases","Reported cases","N","2016","EU27_UK_21","EU (with UK until 2019)",450.000000000,""
"Chikungunya virus disease","Travel-associated cases","Reported cases","N","2016","EUEEA30_21","EU/EEA (without UK)",281.000000000,""
"Chikungunya virus disease","Travel-associated cases","Reported cases","N","2016","EUEEAUK_21","EU/EEA (with UK until 2019)",450.000000000,""
"Chikungunya virus disease","Travel-associated cases","Reported cases","N","2016","FI","Finland",0.000000000,""
"Chikungunya virus disease","Travel-associated cases","Reported cases","N","2016","FR","France",42.000000000,""
"Chikungunya virus disease","Travel-associated cases","Reported cases","N","2016","HR","Croatia",0.000000000,""
"Chikungunya virus disease","Travel-associated cases","Reported cases","N","2016","HU","Hungary",1.000000000,""
"Chikungunya virus disease","Travel-associated cases","Reported cases","N","2016","IE","Ireland",0.000000000,""
"Chikungunya virus disease","Travel-associated cases","Reported cases","N","2016","IT","Italy",17.000000000,""
"Chikungunya virus disease","Travel-associated cases","Reported cases","N","2016","LT","Lithuania",0.000000000,""
"Chikungunya virus disease","Travel-associated cases","Reported cases","N","2016","LU","Luxembourg",0.000000000,""
"Chikungunya virus disease","Travel-associated cases","Reported cases","N","2016","LV","Latvia",0.000000000,""
"Chikungunya virus disease","Travel-associated cases","Reported cases","N","2016","MT","Malta",1.000000000,""
"Chikungunya virus disease","Travel-associated cases","Reported cases","N","2016","NL","Netherlands",-,""
"Chikungunya virus disease","Travel-associated cases","Reported cases","N","2016","PL","Poland",0.000000000,""
"Chikungunya virus disease","Travel-associated cases","Reported cases","N","2016","PT","Portugal",3.000000000,""
"Chikungunya virus disease","Travel-associated cases","Reported cases","N","2016","RO","Romania",0.000000000,""
"Chikungunya virus disease","Travel-associated cases","Reported cases","N","2016","SE","Sweden",20.000000000,""
"Chikungunya virus disease","Travel-associated cases","Reported cases","N","2016","SI","Slovenia",2.000000000,""
"Chikungunya virus disease","Travel-associated cases","Reported cases","N","2016","SK","Slovakia",0.000000000,""
"Chikungunya virus disease","Travel-associated cases","Reported cases","N","2016","UK","United Kingdom",169.000000000,""
"Chikungunya virus disease","Travel-associated cases","Reported cases","N","2017","AT","Austria",5.000000000,""
"Chikungunya virus disease","Travel-associated cases","Reported cases","N","2017","BE","Belgium",-,""
"Chikungunya virus disease","Travel-associated cases","Reported cases","N","2017","CZ","Czechia",0.000000000,""
"Chikungunya virus disease","Travel-associated cases","Reported cases","N","2017","DE","Germany",31.000000000,""
"Chikungunya virus disease","Travel-associated cases","Reported cases","N","2017","DK","Denmark",-,""
"Chikungunya virus disease","Travel-associated cases","Reported cases","N","2017","EE","Estonia",0.000000000,""
"Chikungunya virus disease","Travel-associated cases","Reported cases","N","2017","EL","Greece",0.000000000,""
"Chikungunya virus disease","Travel-associated cases","Reported cases","N","2017","ES","Spain",51.000000000,""
"Chikungunya virus disease","Travel-associated cases","Reported cases","N","2017","EU27_21","EU (without UK)",126.000000000,""
"Chikungunya virus disease","Travel-associated cases","Reported cases","N","2017","EU27_UK_21","EU (with UK until 2019)",230.000000000,""
"Chikungunya virus disease","Travel-associated cases","Reported cases","N","2017","EUEEA30_21","EU/EEA (without UK)",126.000000000,""
"Chikungunya virus disease","Travel-associated cases","Reported cases","N","2017","EUEEAUK_21","EU/EEA (with UK until 2019)",230.000000000,""
"Chikungunya virus disease","Travel-associated cases","Reported cases","N","2017","FI","Finland",-,""
"Chikungunya virus disease","Travel-associated cases","Reported cases","N","2017","FR","France",18.000000000,""
"Chikungunya virus disease","Travel-associated cases","Reported cases","N","2017","HR","Croatia",0.000000000,""
"Chikungunya virus disease","Travel-associated cases","Reported cases","N","2017","HU","Hungary",1.000000000,""
"Chikungunya virus disease","Travel-associated cases","Reported cases","N","2017","IE","Ireland",0.000000000,""
"Chikungunya virus disease","Travel-associated cases","Reported cases","N","2017","IT","Italy",7.000000000,""
"Chikungunya virus disease","Travel-associated cases","Reported cases","N","2017","LT","Lithuania",0.000000000,""
"Chikungunya virus disease","Travel-associated cases","Reported cases","N","2017","LU","Luxembourg",0.000000000,""
"Chikungunya virus disease","Travel-associated cases","Reported cases","N","2017","LV","Latvia",0.000000000,""
"Chikungunya virus disease","Travel-associated cases","Reported cases","N","2017","MT","Malta",0.000000000,""
"Chikungunya virus disease","Travel-associated cases","Reported cases","N","2017","NL","Netherlands",0.000000000,""
"Chikungunya virus disease","Travel-associated cases","Reported cases","N","2017","PL","Poland",0.000000000,""
"Chikungunya virus disease","Travel-associated cases","Reported cases","N","2017","PT","Portugal",0.000000000,""
"Chikungunya virus disease","Travel-associated cases","Reported cases","N","2017","RO","Romania",0.000000000,""
"Chikungunya virus disease","Travel-associated cases","Reported cases","N","2017","SE","Sweden",13.000000000,""
"Chikungunya virus disease","Travel-associated cases","Reported cases","N","2017","SI","Slovenia",0.000000000,""
"Chikungunya virus disease","Travel-associated cases","Reported cases","N","2017","SK","Slovakia",0.000000000,""
"Chikungunya virus disease","Travel-associated cases","Reported cases","N","2017","UK","United Kingdom",104.000000000,""
"Chikungunya virus disease","Travel-associated cases","Reported cases","N","2018","AT","Austria",1.000000000,""
"Chikungunya virus disease","Travel-associated cases","Reported cases","N","2018","BE","Belgium",-,""
"Chikungunya virus disease","Travel-associated cases","Reported cases","N","2018","CZ","Czechia",6.000000000,""
"Chikungunya virus disease","Travel-associated cases","Reported cases","N","2018","DE","Germany",26.000000000,""
"Chikungunya virus disease","Travel-associated cases","Reported cases","N","2018","DK","Denmark",1.000000000,""
"Chikungunya virus disease","Travel-associated cases","Reported cases","N","2018","EE","Estonia",0.000000000,""
"Chikungunya virus disease","Travel-associated cases","Reported cases","N","2018","EL","Greece",1.000000000,""
"Chikungunya virus disease","Travel-associated cases","Reported cases","N","2018","ES","Spain",27.000000000,""
"Chikungunya virus disease","Travel-associated cases","Reported cases","N","2018","EU27_21","EU (without UK)",109.000000000,""
"Chikungunya virus disease","Travel-associated cases","Reported cases","N","2018","EU27_UK_21","EU (with UK until 2019)",168.000000000,""
"Chikungunya virus disease","Travel-associated cases","Reported cases","N","2018","EUEEA30_21","EU/EEA (without UK)",109.000000000,""
"Chikungunya virus disease","Travel-associated cases","Reported cases","N","2018","EUEEAUK_21","EU/EEA (with UK until 2019)",168.000000000,""
"Chikungunya virus disease","Travel-associated cases","Reported cases","N","2018","FI","Finland",1.000000000,""
"Chikungunya virus disease","Travel-associated cases","Reported cases","N","2018","FR","France",16.000000000,""
"Chikungunya virus disease","Travel-associated cases","Reported cases","N","2018","HR","Croatia",0.000000000,""
"Chikungunya virus disease","Travel-associated cases","Reported cases","N","2018","HU","Hungary",3.000000000,""
"Chikungunya virus disease","Travel-associated cases","Reported cases","N","2018","IE","Ireland",0.000000000,""
"Chikungunya virus disease","Travel-associated cases","Reported cases","N","2018","IT","Italy",4.000000000,""
"Chikungunya virus disease","Travel-associated cases","Reported cases","N","2018","LT","Lithuania",0.000000000,""
"Chikungunya virus disease","Travel-associated cases","Reported cases","N","2018","LU","Luxembourg",0.000000000,""
"Chikungunya virus disease","Travel-associated cases","Reported cases","N","2018","LV","Latvia",0.000000000,""
"Chikungunya virus disease","Travel-associated cases","Reported cases","N","2018","MT","Malta",0.000000000,""
"Chikungunya virus disease","Travel-associated cases","Reported cases","N","2018","NL","Netherlands",0.000000000,""
"Chikungunya virus disease","Travel-associated cases","Reported cases","N","2018","PL","Poland",0.000000000,""
"Chikungunya virus disease","Travel-associated cases","Reported cases","N","2018","PT","Portugal",1.000000000,""
"Chikungunya virus disease","Travel-associated cases","Reported cases","N","2018","RO","Romania",2.000000000,""
"Chikungunya virus disease","Travel-associated cases","Reported cases","N","2018","SE","Sweden",20.000000000,""
"Chikungunya virus disease","Travel-associated cases","Reported cases","N","2018","SI","Slovenia",0.000000000,""
"Chikungunya virus disease","Travel-associated cases","Reported cases","N","2018","SK","Slovakia",0.000000000,""
"Chikungunya virus disease","Travel-associated cases","Reported cases","N","2018","UK","United Kingdom",59.000000000,""
"Chikungunya virus disease","Travel-associated cases","Reported cases","N","2019","AT","Austria",17.000000000,""
"Chikungunya virus disease","Travel-associated cases","Reported cases","N","2019","BE","Belgium",-,""
"Chikungunya virus disease","Travel-associated cases","Reported cases","N","2019","CZ","Czechia",15.000000000,""
"Chikungunya virus disease","Travel-associated cases","Reported cases","N","2019","DE","Germany",84.000000000,""
"Chikungunya virus disease","Travel-associated cases","Reported cases","N","2019","DK","Denmark",4.000000000,""
"Chikungunya virus disease","Travel-associated cases","Reported cases","N","2019","EE","Estonia",0.000000000,""
"Chikungunya virus disease","Travel-associated cases","Reported cases","N","2019","EL","Greece",2.000000000,""
"Chikungunya virus disease","Travel-associated cases","Reported cases","N","2019","ES","Spain",46.000000000,""
"Chikungunya virus disease","Travel-associated cases","Reported cases","N","2019","EU27_21","EU (without UK)",371.000000000,""
"Chikungunya virus disease","Travel-associated cases","Reported cases","N","2019","EU27_UK_21","EU (with UK until 2019)",465.000000000,""
"Chikungunya virus disease","Travel-associated cases","Reported cases","N","2019","EUEEA30_21","EU/EEA (without UK)",371.000000000,""
"Chikungunya virus disease","Travel-associated cases","Reported cases","N","2019","EUEEAUK_21","EU/EEA (with UK until 2019)",465.000000000,""
"Chikungunya virus disease","Travel-associated cases","Reported cases","N","2019","FI","Finland",4.000000000,""
"Chikungunya virus disease","Travel-associated cases","Reported cases","N","2019","FR","France",107.000000000,""
"Chikungunya virus disease","Travel-associated cases","Reported cases","N","2019","HR","Croatia",0.000000000,""
"Chikungunya virus disease","Travel-associated cases","Reported cases","N","2019","HU","Hungary",5.000000000,""
"Chikungunya virus disease","Travel-associated cases","Reported cases","N","2019","IE","Ireland",1.000000000,""
"Chikungunya virus disease","Travel-associated cases","Reported cases","N","2019","IT","Italy",25.000000000,""
"Chikungunya virus disease","Travel-associated cases","Reported cases","N","2019","LT","Lithuania",0.000000000,""
"Chikungunya virus disease","Travel-associated cases","Reported cases","N","2019","LU","Luxembourg",1.000000000,""
"Chikungunya virus disease","Travel-associated cases","Reported cases","N","2019","LV","Latvia",0.000000000,""
"Chikungunya virus disease","Travel-associated cases","Reported cases","N","2019","MT","Malta",0.000000000,""
"Chikungunya virus disease","Travel-associated cases","Reported cases","N","2019","NL","Netherlands",0.000000000,""
"Chikungunya virus disease","Travel-associated cases","Reported cases","N","2019","PL","Poland",2.000000000,""
"Chikungunya virus disease","Travel-associated cases","Reported cases","N","2019","PT","Portugal",0.000000000,""
"Chikungunya virus disease","Travel-associated cases","Reported cases","N","2019","RO","Romania",0.000000000,""
"Chikungunya virus disease","Travel-associated cases","Reported cases","N","2019","SE","Sweden",58.000000000,""
"Chikungunya virus disease","Travel-associated cases","Reported cases","N","2019","SI","Slovenia",0.000000000,""
"Chikungunya virus disease","Travel-associated cases","Reported cases","N","2019","SK","Slovakia",0.000000000,""
"Chikungunya virus disease","Travel-associated cases","Reported cases","N","2019","UK","United Kingdom",94.000000000,""
"Chikungunya virus disease","Travel-associated cases","Reported cases","N","2020","AT","Austria",0.000000000,""
"Chikungunya virus disease","Travel-associated cases","Reported cases","N","2020","BE","Belgium",-,""
"Chikungunya virus disease","Travel-associated cases","Reported cases","N","2020","CZ","Czechia",0.000000000,""
"Chikungunya virus disease","Travel-associated cases","Reported cases","N","2020","DE","Germany",26.000000000,""
"Chikungunya virus disease","Travel-associated cases","Reported cases","N","2020","DK","Denmark",-,""
"Chikungunya virus disease","Travel-associated cases","Reported cases","N","2020","EE","Estonia",0.000000000,""
"Chikungunya virus disease","Travel-associated cases","Reported cases","N","2020","EL","Greece",0.000000000,""
"Chikungunya virus disease","Travel-associated cases","Reported cases","N","2020","ES","Spain",9.000000000,""
"Chikungunya virus disease","Travel-associated cases","Reported cases","N","2020","EU27_21","EU (without UK)",54.000000000,""
"Chikungunya virus disease","Travel-associated cases","Reported cases","N","2020","EU27_UK_21","EU (with UK until 2019)",54.000000000,""
"Chikungunya virus disease","Travel-associated cases","Reported cases","N","2020","EUEEA30_21","EU/EEA (without UK)",54.000000000,""
"Chikungunya virus disease","Travel-associated cases","Reported cases","N","2020","EUEEAUK_21","EU/EEA (with UK until 2019)",54.000000000,""
"Chikungunya virus disease","Travel-associated cases","Reported cases","N","2020","FI","Finland",-,""
"Chikungunya virus disease","Travel-associated cases","Reported cases","N","2020","FR","France",13.000000000,""
"Chikungunya virus disease","Travel-associated cases","Reported cases","N","2020","HR","Croatia",0.000000000,""
"Chikungunya virus disease","Travel-associated cases","Reported cases","N","2020","HU","Hungary",0.000000000,""
"Chikungunya virus disease","Travel-associated cases","Reported cases","N","2020","IE","Ireland",0.000000000,""
"Chikungunya virus disease","Travel-associated cases","Reported cases","N","2020","IT","Italy",5.000000000,""
"Chikungunya virus disease","Travel-associated cases","Reported cases","N","2020","LT","Lithuania",0.000000000,""
"Chikungunya virus disease","Travel-associated cases","Reported cases","N","2020","LU","Luxembourg",0.000000000,""
"Chikungunya virus disease","Travel-associated cases","Reported cases","N","2020","LV","Latvia",0.000000000,""
"Chikungunya virus disease","Travel-associated cases","Reported cases","N","2020","MT","Malta",0.000000000,""
"Chikungunya virus disease","Travel-associated cases","Reported cases","N","2020","NL","Netherlands",0.000000000,""
"Chikungunya virus disease","Travel-associated cases","Reported cases","N","2020","PL","Poland",0.000000000,""
"Chikungunya virus disease","Travel-associated cases","Reported cases","N","2020","PT","Portugal",0.000000000,""
"Chikungunya virus disease","Travel-associated cases","Reported cases","N","2020","RO","Romania",0.000000000,""
"Chikungunya virus disease","Travel-associated cases","Reported cases","N","2020","SE","Sweden",1.000000000,""
"Chikungunya virus disease","Travel-associated cases","Reported cases","N","2020","SI","Slovenia",0.000000000,""
"Chikungunya virus disease","Travel-associated cases","Reported cases","N","2020","SK","Slovakia",0.000000000,""
"Chikungunya virus disease","Travel-associated cases","Reported cases","N","2021","AT","Austria",0.000000000,""
"Chikungunya virus disease","Travel-associated cases","Reported cases","N","2021","BE","Belgium",-,""
"Chikungunya virus disease","Travel-associated cases","Reported cases","N","2021","CZ","Czechia",0.000000000,""
"Chikungunya virus disease","Travel-associated cases","Reported cases","N","2021","DE","Germany",8.000000000,""
"Chikungunya virus disease","Travel-associated cases","Reported cases","N","2021","DK","Denmark",0.000000000,""
"Chikungunya virus disease","Travel-associated cases","Reported cases","N","2021","EE","Estonia",0.000000000,""
"Chikungunya virus disease","Travel-associated cases","Reported cases","N","2021","EL","Greece",0.000000000,""
"Chikungunya virus disease","Travel-associated cases","Reported cases","N","2021","ES","Spain",1.000000000,""
"Chikungunya virus disease","Travel-associated cases","Reported cases","N","2021","EU27_21","EU (without UK)",14.000000000,""
"Chikungunya virus disease","Travel-associated cases","Reported cases","N","2021","EU27_UK_21","EU (with UK until 2019)",14.000000000,""
"Chikungunya virus disease","Travel-associated cases","Reported cases","N","2021","EUEEA30_21","EU/EEA (without UK)",14.000000000,""
"Chikungunya virus disease","Travel-associated cases","Reported cases","N","2021","EUEEAUK_21","EU/EEA (with UK until 2019)",14.000000000,""
"Chikungunya virus disease","Travel-associated cases","Reported cases","N","2021","FI","Finland",0.000000000,""
"Chikungunya virus disease","Travel-associated cases","Reported cases","N","2021","FR","France",3.000000000,""
"Chikungunya virus disease","Travel-associated cases","Reported cases","N","2021","HR","Croatia",0.000000000,""
"Chikungunya virus disease","Travel-associated cases","Reported cases","N","2021","HU","Hungary",0.000000000,""
"Chikungunya virus disease","Travel-associated cases","Reported cases","N","2021","IE","Ireland",0.000000000,""
"Chikungunya virus disease","Travel-associated cases","Reported cases","N","2021","IT","Italy",0.000000000,""
"Chikungunya virus disease","Travel-associated cases","Reported cases","N","2021","LI","Liechtenstein",0.000000000,""
"Chikungunya virus disease","Travel-associated cases","Reported cases","N","2021","LT","Lithuania",0.000000000,""
"Chikungunya virus disease","Travel-associated cases","Reported cases","N","2021","LU","Luxembourg",0.000000000,""
"Chikungunya virus disease","Travel-associated cases","Reported cases","N","2021","LV","Latvia",0.000000000,""
"Chikungunya virus disease","Travel-associated cases","Reported cases","N","2021","MT","Malta",0.000000000,""
"Chikungunya virus disease","Travel-associated cases","Reported cases","N","2021","NL","Netherlands",0.000000000,""
"Chikungunya virus disease","Travel-associated cases","Reported cases","N","2021","PL","Poland",0.000000000,""
"Chikungunya virus disease","Travel-associated cases","Reported cases","N","2021","PT","Portugal",0.000000000,""
"Chikungunya virus disease","Travel-associated cases","Reported cases","N","2021","RO","Romania",0.000000000,""
"Chikungunya virus disease","Travel-associated cases","Reported cases","N","2021","SE","Sweden",2.000000000,""
"Chikungunya virus disease","Travel-associated cases","Reported cases","N","2021","SI","Slovenia",0.000000000,""
"Chikungunya virus disease","Travel-associated cases","Reported cases","N","2021","SK","Slovakia",0.000000000,""
"Chikungunya virus disease","Travel-associated cases","Reported cases","N","2022","AT","Austria",3.000000000,""
"Chikungunya virus disease","Travel-associated cases","Reported cases","N","2022","BE","Belgium",-,""
"Chikungunya virus disease","Travel-associated cases","Reported cases","N","2022","CZ","Czechia",2.000000000,""
"Chikungunya virus disease","Travel-associated cases","Reported cases","N","2022","DE","Germany",32.000000000,""
"Chikungunya virus disease","Travel-associated cases","Reported cases","N","2022","DK","Denmark",0.000000000,""
"Chikungunya virus disease","Travel-associated cases","Reported cases","N","2022","EE","Estonia",0.000000000,""
"Chikungunya virus disease","Travel-associated cases","Reported cases","N","2022","EL","Greece",0.000000000,""
"Chikungunya virus disease","Travel-associated cases","Reported cases","N","2022","ES","Spain",9.000000000,""
"Chikungunya virus disease","Travel-associated cases","Reported cases","N","2022","EU27_21","EU (without UK)",75.000000000,""
"Chikungunya virus disease","Travel-associated cases","Reported cases","N","2022","EU27_UK_21","EU (with UK until 2019)",75.000000000,""
"Chikungunya virus disease","Travel-associated cases","Reported cases","N","2022","EUEEA30_21","EU/EEA (without UK)",75.000000000,""
"Chikungunya virus disease","Travel-associated cases","Reported cases","N","2022","EUEEAUK_21","EU/EEA (with UK until 2019)",75.000000000,""
"Chikungunya virus disease","Travel-associated cases","Reported cases","N","2022","FI","Finland",0.000000000,""
"Chikungunya virus disease","Travel-associated cases","Reported cases","N","2022","FR","France",23.000000000,""
"Chikungunya virus disease","Travel-associated cases","Reported cases","N","2022","HR","Croatia",0.000000000,""
"Chikungunya virus disease","Travel-associated cases","Reported cases","N","2022","HU","Hungary",2.000000000,""
"Chikungunya virus disease","Travel-associated cases","Reported cases","N","2022","IE","Ireland",0.000000000,""
"Chikungunya virus disease","Travel-associated cases","Reported cases","N","2022","IS","Iceland",0.000000000,""
"Chikungunya virus disease","Travel-associated cases","Reported cases","N","2022","IT","Italy",0.000000000,""
"Chikungunya virus disease","Travel-associated cases","Reported cases","N","2022","LI","Liechtenstein",0.000000000,""
"Chikungunya virus disease","Travel-associated cases","Reported cases","N","2022","LT","Lithuania",0.000000000,""
"Chikungunya virus disease","Travel-associated cases","Reported cases","N","2022","LU","Luxembourg",0.000000000,""
"Chikungunya virus disease","Travel-associated cases","Reported cases","N","2022","LV","Latvia",0.000000000,""
"Chikungunya virus disease","Travel-associated cases","Reported cases","N","2022","MT","Malta",1.000000000,""
"Chikungunya virus disease","Travel-associated cases","Reported cases","N","2022","NL","Netherlands",-,""
"Chikungunya virus disease","Travel-associated cases","Reported cases","N","2022","PL","Poland",2.000000000,""
"Chikungunya virus disease","Travel-associated cases","Reported cases","N","2022","PT","Portugal",0.000000000,""
"Chikungunya virus disease","Travel-associated cases","Reported cases","N","2022","RO","Romania",0.000000000,""
"Chikungunya virus disease","Travel-associated cases","Reported cases","N","2022","SE","Sweden",1.000000000,""
"Chikungunya virus disease","Travel-associated cases","Reported cases","N","2022","SI","Slovenia",0.000000000,""
"Chikungunya virus disease","Travel-associated cases","Reported cases","N","2022","SK","Slovakia",0.000000000,""
"Chikungunya virus disease","Travel-associated cases","Reported cases","N","2023","AT","Austria",7.000000000,""
"Chikungunya virus disease","Travel-associated cases","Reported cases","N","2023","BE","Belgium",-,""
"Chikungunya virus disease","Travel-associated cases","Reported cases","N","2023","CZ","Czechia",3.000000000,""
"Chikungunya virus disease","Travel-associated cases","Reported cases","N","2023","DE","Germany",88.000000000,""
"Chikungunya virus disease","Travel-associated cases","Reported cases","N","2023","DK","Denmark",3.000000000,""
"Chikungunya virus disease","Travel-associated cases","Reported cases","N","2023","EE","Estonia",0.000000000,""
"Chikungunya virus disease","Travel-associated cases","Reported cases","N","2023","EL","Greece",0.000000000,""
"Chikungunya virus disease","Travel-associated cases","Reported cases","N","2023","ES","Spain",191.000000000,""
"Chikungunya virus disease","Travel-associated cases","Reported cases","N","2023","EU27_21","EU (without UK)",363.000000000,""
"Chikungunya virus disease","Travel-associated cases","Reported cases","N","2023","EU27_UK_21","EU (with UK until 2019)",363.000000000,""
"Chikungunya virus disease","Travel-associated cases","Reported cases","N","2023","EUEEA30_21","EU/EEA (without UK)",363.000000000,""
"Chikungunya virus disease","Travel-associated cases","Reported cases","N","2023","EUEEAUK_21","EU/EEA (with UK until 2019)",363.000000000,""
"Chikungunya virus disease","Travel-associated cases","Reported cases","N","2023","FI","Finland",-,""
"Chikungunya virus disease","Travel-associated cases","Reported cases","N","2023","FR","France",39.000000000,""
"Chikungunya virus disease","Travel-associated cases","Reported cases","N","2023","HR","Croatia",0.000000000,""
"Chikungunya virus disease","Travel-associated cases","Reported cases","N","2023","HU","Hungary",1.000000000,""
"Chikungunya virus disease","Travel-associated cases","Reported cases","N","2023","IE","Ireland",0.000000000,""
"Chikungunya virus disease","Travel-associated cases","Reported cases","N","2023","IS","Iceland",0.000000000,""
"Chikungunya virus disease","Travel-associated cases","Reported cases","N","2023","IT","Italy",17.000000000,""
"Chikungunya virus disease","Travel-associated cases","Reported cases","N","2023","LI","Liechtenstein",0.000000000,""
"Chikungunya virus disease","Travel-associated cases","Reported cases","N","2023","LT","Lithuania",0.000000000,""
"Chikungunya virus disease","Travel-associated cases","Reported cases","N","2023","LU","Luxembourg",0.000000000,""
"Chikungunya virus disease","Travel-associated cases","Reported cases","N","2023","LV","Latvia",2.000000000,""
"Chikungunya virus disease","Travel-associated cases","Reported cases","N","2023","MT","Malta",0.000000000,""
"Chikungunya virus disease","Travel-associated cases","Reported cases","N","2023","NL","Netherlands",0.000000000,""
"Chikungunya virus disease","Travel-associated cases","Reported cases","N","2023","PL","Poland",5.000000000,""
"Chikungunya virus disease","Travel-associated cases","Reported cases","N","2023","PT","Portugal",1.000000000,""
"Chikungunya virus disease","Travel-associated cases","Reported cases","N","2023","RO","Romania",5.000000000,""
"Chikungunya virus disease","Travel-associated cases","Reported cases","N","2023","SE","Sweden",1.000000000,""
"Chikungunya virus disease","Travel-associated cases","Reported cases","N","2023","SI","Slovenia",0.000000000,""
"Chikungunya virus disease","Travel-associated cases","Reported cases","N","2023","SK","Slovakia",0.000000000,""
"Chikungunya virus disease","Travel-associated cases","Reported cases","N","2024","AT","Austria",11.000000000,""
"Chikungunya virus disease","Travel-associated cases","Reported cases","N","2024","BE","Belgium",14.000000000,""
"Chikungunya virus disease","Travel-associated cases","Reported cases","N","2024","CY","Cyprus",0.000000000,""
"Chikungunya virus disease","Travel-associated cases","Reported cases","N","2024","CZ","Czechia",3.000000000,""
"Chikungunya virus disease","Travel-associated cases","Reported cases","N","2024","DE","Germany",51.000000000,""
"Chikungunya virus disease","Travel-associated cases","Reported cases","N","2024","DK","Denmark",1.000000000,""
"Chikungunya virus disease","Travel-associated cases","Reported cases","N","2024","EE","Estonia",0.000000000,""
"Chikungunya virus disease","Travel-associated cases","Reported cases","N","2024","EL","Greece",0.000000000,""
"Chikungunya virus disease","Travel-associated cases","Reported cases","N","2024","ES","Spain",48.000000000,""
"Chikungunya virus disease","Travel-associated cases","Reported cases","N","2024","EU27_21","EU (without UK)",206.000000000,""
"Chikungunya virus disease","Travel-associated cases","Reported cases","N","2024","EU27_UK_21","EU (with UK until 2019)",206.000000000,""
"Chikungunya virus disease","Travel-associated cases","Reported cases","N","2024","EUEEA30_21","EU/EEA (without UK)",207.000000000,""
"Chikungunya virus disease","Travel-associated cases","Reported cases","N","2024","EUEEAUK_21","EU/EEA (with UK until 2019)",207.000000000,""
"Chikungunya virus disease","Travel-associated cases","Reported cases","N","2024","FI","Finland",-,""
"Chikungunya virus disease","Travel-associated cases","Reported cases","N","2024","FR","France",34.000000000,""
"Chikungunya virus disease","Travel-associated cases","Reported cases","N","2024","HR","Croatia",0.000000000,""
"Chikungunya virus disease","Travel-associated cases","Reported cases","N","2024","HU","Hungary",5.000000000,""
"Chikungunya virus disease","Travel-associated cases","Reported cases","N","2024","IE","Ireland",0.000000000,""
"Chikungunya virus disease","Travel-associated cases","Reported cases","N","2024","IS","Iceland",0.000000000,""
"Chikungunya virus disease","Travel-associated cases","Reported cases","N","2024","IT","Italy",17.000000000,""
"Chikungunya virus disease","Travel-associated cases","Reported cases","N","2024","LI","Liechtenstein",1.000000000,""
"Chikungunya virus disease","Travel-associated cases","Reported cases","N","2024","LT","Lithuania",0.000000000,""
"Chikungunya virus disease","Travel-associated cases","Reported cases","N","2024","LU","Luxembourg",2.000000000,""
"Chikungunya virus disease","Travel-associated cases","Reported cases","N","2024","LV","Latvia",0.000000000,""
"Chikungunya virus disease","Travel-associated cases","Reported cases","N","2024","MT","Malta",1.000000000,""
"Chikungunya virus disease","Travel-associated cases","Reported cases","N","2024","NL","Netherlands",0.000000000,""
"Chikungunya virus disease","Travel-associated cases","Reported cases","N","2024","PL","Poland",4.000000000,""
"Chikungunya virus disease","Travel-associated cases","Reported cases","N","2024","PT","Portugal",1.000000000,""
"Chikungunya virus disease","Travel-associated cases","Reported cases","N","2024","RO","Romania",5.000000000,""
"Chikungunya virus disease","Travel-associated cases","Reported cases","N","2024","SE","Sweden",9.000000000,""
"Chikungunya virus disease","Travel-associated cases","Reported cases","N","2024","SI","Slovenia",0.000000000,""
"Chikungunya virus disease","Travel-associated cases","Reported cases","N","2024","SK","Slovakia",0.000000000,""
