"HealthTopic","Population","Indicator","Unit","Time","RegionCode","RegionName","NumValue","TxtValue"
"Malaria","All cases","Reported cases","N","2003","DE","Germany",821.000000000,""
"Malaria","All cases","Reported cases","N","2003","EU27_21","EU (without UK)",838.000000000,""
"Malaria","All cases","Reported cases","N","2003","EU27_UK_21","EU (with UK until 2019)",838.000000000,""
"Malaria","All cases","Reported cases","N","2003","EUEEA30_21","EU/EEA (without UK)",838.000000000,""
"Malaria","All cases","Reported cases","N","2003","EUEEAUK_21","EU/EEA (with UK until 2019)",838.000000000,""
"Malaria","All cases","Reported cases","N","2003","PL","Poland",17.000000000,""
"Malaria","All cases","Reported cases","N","2004","DE","Germany",709.000000000,""
"Malaria","All cases","Reported cases","N","2004","EU27_21","EU (without UK)",738.000000000,""
"Malaria","All cases","Reported cases","N","2004","EU27_UK_21","EU (with UK until 2019)",738.000000000,""
"Malaria","All cases","Reported cases","N","2004","EUEEA30_21","EU/EEA (without UK)",738.000000000,""
"Malaria","All cases","Reported cases","N","2004","EUEEAUK_21","EU/EEA (with UK until 2019)",738.000000000,""
"Malaria","All cases","Reported cases","N","2004","PL","Poland",29.000000000,""
"Malaria","All cases","Reported cases","N","2005","DE","Germany",632.000000000,""
"Malaria","All cases","Reported cases","N","2005","EU27_21","EU (without UK)",652.000000000,""
"Malaria","All cases","Reported cases","N","2005","EU27_UK_21","EU (with UK until 2019)",652.000000000,""
"Malaria","All cases","Reported cases","N","2005","EUEEA30_21","EU/EEA (without UK)",652.000000000,""
"Malaria","All cases","Reported cases","N","2005","EUEEAUK_21","EU/EEA (with UK until 2019)",652.000000000,""
"Malaria","All cases","Reported cases","N","2005","LU","Luxembourg",0.000000000,""
"Malaria","All cases","Reported cases","N","2005","PL","Poland",20.000000000,""
"Malaria","All cases","Reported cases","N","2006","AT","Austria",50.000000000,""
"Malaria","All cases","Reported cases","N","2006","BE","Belgium",195.000000000,""
"Malaria","All cases","Reported cases","N","2006","BG","Bulgaria",14.000000000,""
"Malaria","All cases","Reported cases","N","2006","CY","Cyprus",1.000000000,""
"Malaria","All cases","Reported cases","N","2006","CZ","Czechia",16.000000000,""
"Malaria","All cases","Reported cases","N","2006","DE","Germany",569.000000000,""
"Malaria","All cases","Reported cases","N","2006","EE","Estonia",6.000000000,""
"Malaria","All cases","Reported cases","N","2006","EL","Greece",22.000000000,""
"Malaria","All cases","Reported cases","N","2006","ES","Spain",338.000000000,""
"Malaria","All cases","Reported cases","N","2006","EU27_21","EU (without UK)",2434.000000000,""
"Malaria","All cases","Reported cases","N","2006","EU27_UK_21","EU (with UK until 2019)",4192.000000000,""
"Malaria","All cases","Reported cases","N","2006","EUEEA30_21","EU/EEA (without UK)",2478.000000000,""
"Malaria","All cases","Reported cases","N","2006","EUEEAUK_21","EU/EEA (with UK until 2019)",4236.000000000,""
"Malaria","All cases","Reported cases","N","2006","FI","Finland",31.000000000,""
"Malaria","All cases","Reported cases","N","2006","HU","Hungary",18.000000000,""
"Malaria","All cases","Reported cases","N","2006","IE","Ireland",96.000000000,""
"Malaria","All cases","Reported cases","N","2006","IT","Italy",630.000000000,""
"Malaria","All cases","Reported cases","N","2006","LT","Lithuania",0.000000000,""
"Malaria","All cases","Reported cases","N","2006","LU","Luxembourg",4.000000000,""
"Malaria","All cases","Reported cases","N","2006","LV","Latvia",4.000000000,""
"Malaria","All cases","Reported cases","N","2006","MT","Malta",1.000000000,""
"Malaria","All cases","Reported cases","N","2006","NL","Netherlands",250.000000000,""
"Malaria","All cases","Reported cases","N","2006","NO","Norway",44.000000000,""
"Malaria","All cases","Reported cases","N","2006","PL","Poland",19.000000000,""
"Malaria","All cases","Reported cases","N","2006","PT","Portugal",48.000000000,""
"Malaria","All cases","Reported cases","N","2006","RO","Romania",16.000000000,""
"Malaria","All cases","Reported cases","N","2006","SE","Sweden",93.000000000,""
"Malaria","All cases","Reported cases","N","2006","SI","Slovenia",3.000000000,""
"Malaria","All cases","Reported cases","N","2006","SK","Slovakia",10.000000000,""
"Malaria","All cases","Reported cases","N","2006","UK","United Kingdom",1758.000000000,""
"Malaria","All cases","Reported cases","N","2007","AT","Austria",34.000000000,""
"Malaria","All cases","Reported cases","N","2007","BE","Belgium",0.000000000,""
"Malaria","All cases","Reported cases","N","2007","BG","Bulgaria",4.000000000,""
"Malaria","All cases","Reported cases","N","2007","CY","Cyprus",1.000000000,""
"Malaria","All cases","Reported cases","N","2007","CZ","Czechia",23.000000000,""
"Malaria","All cases","Reported cases","N","2007","DE","Germany",542.000000000,""
"Malaria","All cases","Reported cases","N","2007","EE","Estonia",5.000000000,""
"Malaria","All cases","Reported cases","N","2007","EL","Greece",22.000000000,""
"Malaria","All cases","Reported cases","N","2007","ES","Spain",385.000000000,""
"Malaria","All cases","Reported cases","N","2007","EU27_21","EU (without UK)",2092.000000000,""
"Malaria","All cases","Reported cases","N","2007","EU27_UK_21","EU (with UK until 2019)",3640.000000000,""
"Malaria","All cases","Reported cases","N","2007","EUEEA30_21","EU/EEA (without UK)",2121.000000000,""
"Malaria","All cases","Reported cases","N","2007","EUEEAUK_21","EU/EEA (with UK until 2019)",3669.000000000,""
"Malaria","All cases","Reported cases","N","2007","FI","Finland",22.000000000,""
"Malaria","All cases","Reported cases","N","2007","HU","Hungary",7.000000000,""
"Malaria","All cases","Reported cases","N","2007","IE","Ireland",71.000000000,""
"Malaria","All cases","Reported cases","N","2007","IS","Iceland",1.000000000,""
"Malaria","All cases","Reported cases","N","2007","IT","Italy",575.000000000,""
"Malaria","All cases","Reported cases","N","2007","LT","Lithuania",4.000000000,""
"Malaria","All cases","Reported cases","N","2007","LU","Luxembourg",4.000000000,""
"Malaria","All cases","Reported cases","N","2007","LV","Latvia",3.000000000,""
"Malaria","All cases","Reported cases","N","2007","MT","Malta",3.000000000,""
"Malaria","All cases","Reported cases","N","2007","NL","Netherlands",210.000000000,""
"Malaria","All cases","Reported cases","N","2007","NO","Norway",28.000000000,""
"Malaria","All cases","Reported cases","N","2007","PL","Poland",11.000000000,""
"Malaria","All cases","Reported cases","N","2007","PT","Portugal",43.000000000,""
"Malaria","All cases","Reported cases","N","2007","RO","Romania",24.000000000,""
"Malaria","All cases","Reported cases","N","2007","SE","Sweden",89.000000000,""
"Malaria","All cases","Reported cases","N","2007","SI","Slovenia",9.000000000,""
"Malaria","All cases","Reported cases","N","2007","SK","Slovakia",1.000000000,""
"Malaria","All cases","Reported cases","N","2007","UK","United Kingdom",1548.000000000,""
"Malaria","All cases","Reported cases","N","2008","AT","Austria",57.000000000,""
"Malaria","All cases","Reported cases","N","2008","BE","Belgium",0.000000000,""
"Malaria","All cases","Reported cases","N","2008","BG","Bulgaria",0.000000000,""
"Malaria","All cases","Reported cases","N","2008","CY","Cyprus",0.000000000,""
"Malaria","All cases","Reported cases","N","2008","CZ","Czechia",22.000000000,""
"Malaria","All cases","Reported cases","N","2008","DE","Germany",554.000000000,""
"Malaria","All cases","Reported cases","N","2008","EE","Estonia",0.000000000,""
"Malaria","All cases","Reported cases","N","2008","EL","Greece",38.000000000,""
"Malaria","All cases","Reported cases","N","2008","ES","Spain",290.000000000,""
"Malaria","All cases","Reported cases","N","2008","EU27_21","EU (without UK)",4333.000000000,""
"Malaria","All cases","Reported cases","N","2008","EU27_UK_21","EU (with UK until 2019)",5704.000000000,""
"Malaria","All cases","Reported cases","N","2008","EUEEA30_21","EU/EEA (without UK)",4365.000000000,""
"Malaria","All cases","Reported cases","N","2008","EUEEAUK_21","EU/EEA (with UK until 2019)",5736.000000000,""
"Malaria","All cases","Reported cases","N","2008","FI","Finland",42.000000000,""
"Malaria","All cases","Reported cases","N","2008","FR","France",2246.000000000,""
"Malaria","All cases","Reported cases","N","2008","HU","Hungary",5.000000000,""
"Malaria","All cases","Reported cases","N","2008","IE","Ireland",82.000000000,""
"Malaria","All cases","Reported cases","N","2008","IT","Italy",583.000000000,""
"Malaria","All cases","Reported cases","N","2008","LT","Lithuania",3.000000000,""
"Malaria","All cases","Reported cases","N","2008","LU","Luxembourg",2.000000000,""
"Malaria","All cases","Reported cases","N","2008","LV","Latvia",2.000000000,""
"Malaria","All cases","Reported cases","N","2008","MT","Malta",3.000000000,""
"Malaria","All cases","Reported cases","N","2008","NL","Netherlands",230.000000000,""
"Malaria","All cases","Reported cases","N","2008","NO","Norway",32.000000000,""
"Malaria","All cases","Reported cases","N","2008","PL","Poland",22.000000000,""
"Malaria","All cases","Reported cases","N","2008","PT","Portugal",43.000000000,""
"Malaria","All cases","Reported cases","N","2008","RO","Romania",13.000000000,""
"Malaria","All cases","Reported cases","N","2008","SE","Sweden",91.000000000,""
"Malaria","All cases","Reported cases","N","2008","SI","Slovenia",3.000000000,""
"Malaria","All cases","Reported cases","N","2008","SK","Slovakia",2.000000000,""
"Malaria","All cases","Reported cases","N","2008","UK","United Kingdom",1371.000000000,""
"Malaria","All cases","Reported cases","N","2009","AT","Austria",44.000000000,""
"Malaria","All cases","Reported cases","N","2009","BE","Belgium",0.000000000,""
"Malaria","All cases","Reported cases","N","2009","BG","Bulgaria",8.000000000,""
"Malaria","All cases","Reported cases","N","2009","CY","Cyprus",1.000000000,""
"Malaria","All cases","Reported cases","N","2009","CZ","Czechia",10.000000000,""
"Malaria","All cases","Reported cases","N","2009","DE","Germany",526.000000000,""
"Malaria","All cases","Reported cases","N","2009","EE","Estonia",4.000000000,""
"Malaria","All cases","Reported cases","N","2009","EL","Greece",51.000000000,""
"Malaria","All cases","Reported cases","N","2009","ES","Spain",356.000000000,""
"Malaria","All cases","Reported cases","N","2009","EU27_21","EU (without UK)",4385.000000000,""
"Malaria","All cases","Reported cases","N","2009","EU27_UK_21","EU (with UK until 2019)",5880.000000000,""
"Malaria","All cases","Reported cases","N","2009","EUEEA30_21","EU/EEA (without UK)",4419.000000000,""
"Malaria","All cases","Reported cases","N","2009","EUEEAUK_21","EU/EEA (with UK until 2019)",5914.000000000,""
"Malaria","All cases","Reported cases","N","2009","FI","Finland",34.000000000,""
"Malaria","All cases","Reported cases","N","2009","FR","France",2200.000000000,""
"Malaria","All cases","Reported cases","N","2009","HU","Hungary",8.000000000,""
"Malaria","All cases","Reported cases","N","2009","IE","Ireland",90.000000000,""
"Malaria","All cases","Reported cases","N","2009","IT","Italy",636.000000000,""
"Malaria","All cases","Reported cases","N","2009","LT","Lithuania",3.000000000,""
"Malaria","All cases","Reported cases","N","2009","LU","Luxembourg",3.000000000,""
"Malaria","All cases","Reported cases","N","2009","LV","Latvia",6.000000000,""
"Malaria","All cases","Reported cases","N","2009","MT","Malta",1.000000000,""
"Malaria","All cases","Reported cases","N","2009","NL","Netherlands",238.000000000,""
"Malaria","All cases","Reported cases","N","2009","NO","Norway",34.000000000,""
"Malaria","All cases","Reported cases","N","2009","PL","Poland",22.000000000,""
"Malaria","All cases","Reported cases","N","2009","PT","Portugal",44.000000000,""
"Malaria","All cases","Reported cases","N","2009","RO","Romania",12.000000000,""
"Malaria","All cases","Reported cases","N","2009","SE","Sweden",81.000000000,""
"Malaria","All cases","Reported cases","N","2009","SI","Slovenia",7.000000000,""
"Malaria","All cases","Reported cases","N","2009","SK","Slovakia",0.000000000,""
"Malaria","All cases","Reported cases","N","2009","UK","United Kingdom",1495.000000000,""
"Malaria","All cases","Reported cases","N","2010","AT","Austria",48.000000000,""
"Malaria","All cases","Reported cases","N","2010","BE","Belgium",1.000000000,""
"Malaria","All cases","Reported cases","N","2010","BG","Bulgaria",5.000000000,""
"Malaria","All cases","Reported cases","N","2010","CY","Cyprus",1.000000000,""
"Malaria","All cases","Reported cases","N","2010","CZ","Czechia",11.000000000,""
"Malaria","All cases","Reported cases","N","2010","DE","Germany",633.000000000,""
"Malaria","All cases","Reported cases","N","2010","EE","Estonia",1.000000000,""
"Malaria","All cases","Reported cases","N","2010","EL","Greece",44.000000000,""
"Malaria","All cases","Reported cases","N","2010","ES","Spain",351.000000000,""
"Malaria","All cases","Reported cases","N","2010","EU27_21","EU (without UK)",4852.000000000,""
"Malaria","All cases","Reported cases","N","2010","EU27_UK_21","EU (with UK until 2019)",6613.000000000,""
"Malaria","All cases","Reported cases","N","2010","EUEEA30_21","EU/EEA (without UK)",4889.000000000,""
"Malaria","All cases","Reported cases","N","2010","EUEEAUK_21","EU/EEA (with UK until 2019)",6650.000000000,""
"Malaria","All cases","Reported cases","N","2010","FI","Finland",33.000000000,""
"Malaria","All cases","Reported cases","N","2010","FR","France",2439.000000000,""
"Malaria","All cases","Reported cases","N","2010","HU","Hungary",5.000000000,""
"Malaria","All cases","Reported cases","N","2010","IE","Ireland",82.000000000,""
"Malaria","All cases","Reported cases","N","2010","IT","Italy",698.000000000,""
"Malaria","All cases","Reported cases","N","2010","LT","Lithuania",3.000000000,""
"Malaria","All cases","Reported cases","N","2010","LU","Luxembourg",12.000000000,""
"Malaria","All cases","Reported cases","N","2010","LV","Latvia",5.000000000,""
"Malaria","All cases","Reported cases","N","2010","MT","Malta",0.000000000,""
"Malaria","All cases","Reported cases","N","2010","NL","Netherlands",247.000000000,""
"Malaria","All cases","Reported cases","N","2010","NO","Norway",37.000000000,""
"Malaria","All cases","Reported cases","N","2010","PL","Poland",35.000000000,""
"Malaria","All cases","Reported cases","N","2010","PT","Portugal",50.000000000,""
"Malaria","All cases","Reported cases","N","2010","RO","Romania",19.000000000,""
"Malaria","All cases","Reported cases","N","2010","SE","Sweden",118.000000000,""
"Malaria","All cases","Reported cases","N","2010","SI","Slovenia",9.000000000,""
"Malaria","All cases","Reported cases","N","2010","SK","Slovakia",2.000000000,""
"Malaria","All cases","Reported cases","N","2010","UK","United Kingdom",1761.000000000,""
"Malaria","All cases","Reported cases","N","2011","AT","Austria",44.000000000,""
"Malaria","All cases","Reported cases","N","2011","BE","Belgium",184.000000000,""
"Malaria","All cases","Reported cases","N","2011","BG","Bulgaria",8.000000000,""
"Malaria","All cases","Reported cases","N","2011","CY","Cyprus",6.000000000,""
"Malaria","All cases","Reported cases","N","2011","CZ","Czechia",28.000000000,""
"Malaria","All cases","Reported cases","N","2011","DE","Germany",563.000000000,""
"Malaria","All cases","Reported cases","N","2011","DK","Denmark",74.000000000,""
"Malaria","All cases","Reported cases","N","2011","EE","Estonia",1.000000000,""
"Malaria","All cases","Reported cases","N","2011","EL","Greece",92.000000000,""
"Malaria","All cases","Reported cases","N","2011","ES","Spain",405.000000000,""
"Malaria","All cases","Reported cases","N","2011","EU27_21","EU (without UK)",4589.000000000,""
"Malaria","All cases","Reported cases","N","2011","EU27_UK_21","EU (with UK until 2019)",6266.000000000,""
"Malaria","All cases","Reported cases","N","2011","EUEEA30_21","EU/EEA (without UK)",4619.000000000,""
"Malaria","All cases","Reported cases","N","2011","EUEEAUK_21","EU/EEA (with UK until 2019)",6296.000000000,""
"Malaria","All cases","Reported cases","N","2011","FI","Finland",33.000000000,""
"Malaria","All cases","Reported cases","N","2011","FR","France",1891.000000000,""
"Malaria","All cases","Reported cases","N","2011","HU","Hungary",10.000000000,""
"Malaria","All cases","Reported cases","N","2011","IE","Ireland",61.000000000,""
"Malaria","All cases","Reported cases","N","2011","IT","Italy",701.000000000,""
"Malaria","All cases","Reported cases","N","2011","LT","Lithuania",3.000000000,""
"Malaria","All cases","Reported cases","N","2011","LU","Luxembourg",3.000000000,""
"Malaria","All cases","Reported cases","N","2011","LV","Latvia",4.000000000,""
"Malaria","All cases","Reported cases","N","2011","MT","Malta",1.000000000,""
"Malaria","All cases","Reported cases","N","2011","NL","Netherlands",253.000000000,""
"Malaria","All cases","Reported cases","N","2011","NO","Norway",30.000000000,""
"Malaria","All cases","Reported cases","N","2011","PL","Poland",14.000000000,""
"Malaria","All cases","Reported cases","N","2011","PT","Portugal",67.000000000,""
"Malaria","All cases","Reported cases","N","2011","RO","Romania",40.000000000,""
"Malaria","All cases","Reported cases","N","2011","SE","Sweden",95.000000000,""
"Malaria","All cases","Reported cases","N","2011","SI","Slovenia",7.000000000,""
"Malaria","All cases","Reported cases","N","2011","SK","Slovakia",1.000000000,""
"Malaria","All cases","Reported cases","N","2011","UK","United Kingdom",1677.000000000,""
"Malaria","All cases","Reported cases","N","2012","AT","Austria",28.000000000,""
"Malaria","All cases","Reported cases","N","2012","BE","Belgium",206.000000000,""
"Malaria","All cases","Reported cases","N","2012","BG","Bulgaria",16.000000000,""
"Malaria","All cases","Reported cases","N","2012","CY","Cyprus",1.000000000,""
"Malaria","All cases","Reported cases","N","2012","CZ","Czechia",25.000000000,""
"Malaria","All cases","Reported cases","N","2012","DE","Germany",551.000000000,""
"Malaria","All cases","Reported cases","N","2012","DK","Denmark",67.000000000,""
"Malaria","All cases","Reported cases","N","2012","EE","Estonia",6.000000000,""
"Malaria","All cases","Reported cases","N","2012","EL","Greece",95.000000000,""
"Malaria","All cases","Reported cases","N","2012","ES","Spain",421.000000000,""
"Malaria","All cases","Reported cases","N","2012","EU27_21","EU (without UK)",4482.000000000,""
"Malaria","All cases","Reported cases","N","2012","EU27_UK_21","EU (with UK until 2019)",5860.000000000,""
"Malaria","All cases","Reported cases","N","2012","EUEEA30_21","EU/EEA (without UK)",4519.000000000,""
"Malaria","All cases","Reported cases","N","2012","EUEEAUK_21","EU/EEA (with UK until 2019)",5897.000000000,""
"Malaria","All cases","Reported cases","N","2012","FI","Finland",46.000000000,""
"Malaria","All cases","Reported cases","N","2012","FR","France",1851.000000000,""
"Malaria","All cases","Reported cases","N","2012","HR","Croatia",23.000000000,""
"Malaria","All cases","Reported cases","N","2012","HU","Hungary",5.000000000,""
"Malaria","All cases","Reported cases","N","2012","IE","Ireland",65.000000000,""
"Malaria","All cases","Reported cases","N","2012","IT","Italy",642.000000000,""
"Malaria","All cases","Reported cases","N","2012","LT","Lithuania",6.000000000,""
"Malaria","All cases","Reported cases","N","2012","LU","Luxembourg",7.000000000,""
"Malaria","All cases","Reported cases","N","2012","LV","Latvia",3.000000000,""
"Malaria","All cases","Reported cases","N","2012","MT","Malta",2.000000000,""
"Malaria","All cases","Reported cases","N","2012","NL","Netherlands",194.000000000,""
"Malaria","All cases","Reported cases","N","2012","NO","Norway",37.000000000,""
"Malaria","All cases","Reported cases","N","2012","PL","Poland",21.000000000,""
"Malaria","All cases","Reported cases","N","2012","PT","Portugal",71.000000000,""
"Malaria","All cases","Reported cases","N","2012","RO","Romania",32.000000000,""
"Malaria","All cases","Reported cases","N","2012","SE","Sweden",85.000000000,""
"Malaria","All cases","Reported cases","N","2012","SI","Slovenia",7.000000000,""
"Malaria","All cases","Reported cases","N","2012","SK","Slovakia",6.000000000,""
"Malaria","All cases","Reported cases","N","2012","UK","United Kingdom",1378.000000000,""
"Malaria","All cases","Reported cases","N","2013","AT","Austria",42.000000000,""
"Malaria","All cases","Reported cases","N","2013","BE","Belgium",253.000000000,""
"Malaria","All cases","Reported cases","N","2013","BG","Bulgaria",8.000000000,""
"Malaria","All cases","Reported cases","N","2013","CY","Cyprus",3.000000000,""
"Malaria","All cases","Reported cases","N","2013","CZ","Czechia",27.000000000,""
"Malaria","All cases","Reported cases","N","2013","DE","Germany",638.000000000,""
"Malaria","All cases","Reported cases","N","2013","DK","Denmark",63.000000000,""
"Malaria","All cases","Reported cases","N","2013","EE","Estonia",3.000000000,""
"Malaria","All cases","Reported cases","N","2013","EL","Greece",25.000000000,""
"Malaria","All cases","Reported cases","N","2013","ES","Spain",518.000000000,""
"Malaria","All cases","Reported cases","N","2013","EU27_21","EU (without UK)",5061.000000000,""
"Malaria","All cases","Reported cases","N","2013","EU27_UK_21","EU (with UK until 2019)",6562.000000000,""
"Malaria","All cases","Reported cases","N","2013","EUEEA30_21","EU/EEA (without UK)",5133.000000000,""
"Malaria","All cases","Reported cases","N","2013","EUEEAUK_21","EU/EEA (with UK until 2019)",6634.000000000,""
"Malaria","All cases","Reported cases","N","2013","FI","Finland",38.000000000,""
"Malaria","All cases","Reported cases","N","2013","FR","France",2165.000000000,""
"Malaria","All cases","Reported cases","N","2013","HR","Croatia",20.000000000,""
"Malaria","All cases","Reported cases","N","2013","HU","Hungary",5.000000000,""
"Malaria","All cases","Reported cases","N","2013","IE","Ireland",71.000000000,""
"Malaria","All cases","Reported cases","N","2013","IT","Italy",677.000000000,""
"Malaria","All cases","Reported cases","N","2013","LT","Lithuania",8.000000000,""
"Malaria","All cases","Reported cases","N","2013","LU","Luxembourg",4.000000000,""
"Malaria","All cases","Reported cases","N","2013","LV","Latvia",4.000000000,""
"Malaria","All cases","Reported cases","N","2013","MT","Malta",5.000000000,""
"Malaria","All cases","Reported cases","N","2013","NL","Netherlands",162.000000000,""
"Malaria","All cases","Reported cases","N","2013","NO","Norway",72.000000000,""
"Malaria","All cases","Reported cases","N","2013","PL","Poland",36.000000000,""
"Malaria","All cases","Reported cases","N","2013","PT","Portugal",117.000000000,""
"Malaria","All cases","Reported cases","N","2013","RO","Romania",43.000000000,""
"Malaria","All cases","Reported cases","N","2013","SE","Sweden",119.000000000,""
"Malaria","All cases","Reported cases","N","2013","SI","Slovenia",3.000000000,""
"Malaria","All cases","Reported cases","N","2013","SK","Slovakia",4.000000000,""
"Malaria","All cases","Reported cases","N","2013","UK","United Kingdom",1501.000000000,""
"Malaria","All cases","Reported cases","N","2014","AT","Austria",68.000000000,""
"Malaria","All cases","Reported cases","N","2014","BE","Belgium",235.000000000,""
"Malaria","All cases","Reported cases","N","2014","BG","Bulgaria",10.000000000,""
"Malaria","All cases","Reported cases","N","2014","CY","Cyprus",8.000000000,""
"Malaria","All cases","Reported cases","N","2014","CZ","Czechia",30.000000000,""
"Malaria","All cases","Reported cases","N","2014","DE","Germany",1007.000000000,""
"Malaria","All cases","Reported cases","N","2014","DK","Denmark",102.000000000,""
"Malaria","All cases","Reported cases","N","2014","EE","Estonia",3.000000000,""
"Malaria","All cases","Reported cases","N","2014","EL","Greece",38.000000000,""
"Malaria","All cases","Reported cases","N","2014","ES","Spain",688.000000000,""
"Malaria","All cases","Reported cases","N","2014","EU27_21","EU (without UK)",6201.000000000,""
"Malaria","All cases","Reported cases","N","2014","EU27_UK_21","EU (with UK until 2019)",7711.000000000,""
"Malaria","All cases","Reported cases","N","2014","EUEEA30_21","EU/EEA (without UK)",6321.000000000,""
"Malaria","All cases","Reported cases","N","2014","EUEEAUK_21","EU/EEA (with UK until 2019)",7831.000000000,""
"Malaria","All cases","Reported cases","N","2014","FI","Finland",39.000000000,""
"Malaria","All cases","Reported cases","N","2014","FR","France",2299.000000000,""
"Malaria","All cases","Reported cases","N","2014","HR","Croatia",6.000000000,""
"Malaria","All cases","Reported cases","N","2014","HU","Hungary",15.000000000,""
"Malaria","All cases","Reported cases","N","2014","IE","Ireland",79.000000000,""
"Malaria","All cases","Reported cases","N","2014","IT","Italy",705.000000000,""
"Malaria","All cases","Reported cases","N","2014","LT","Lithuania",5.000000000,""
"Malaria","All cases","Reported cases","N","2014","LU","Luxembourg",3.000000000,""
"Malaria","All cases","Reported cases","N","2014","LV","Latvia",6.000000000,""
"Malaria","All cases","Reported cases","N","2014","MT","Malta",3.000000000,""
"Malaria","All cases","Reported cases","N","2014","NL","Netherlands",276.000000000,""
"Malaria","All cases","Reported cases","N","2014","NO","Norway",120.000000000,""
"Malaria","All cases","Reported cases","N","2014","PL","Poland",19.000000000,""
"Malaria","All cases","Reported cases","N","2014","PT","Portugal",144.000000000,""
"Malaria","All cases","Reported cases","N","2014","RO","Romania",47.000000000,""
"Malaria","All cases","Reported cases","N","2014","SE","Sweden",354.000000000,""
"Malaria","All cases","Reported cases","N","2014","SI","Slovenia",7.000000000,""
"Malaria","All cases","Reported cases","N","2014","SK","Slovakia",5.000000000,""
"Malaria","All cases","Reported cases","N","2014","UK","United Kingdom",1510.000000000,""
"Malaria","All cases","Reported cases","N","2015","AT","Austria",81.000000000,""
"Malaria","All cases","Reported cases","N","2015","BE","Belgium",276.000000000,""
"Malaria","All cases","Reported cases","N","2015","BG","Bulgaria",20.000000000,""
"Malaria","All cases","Reported cases","N","2015","CY","Cyprus",3.000000000,""
"Malaria","All cases","Reported cases","N","2015","CZ","Czechia",29.000000000,""
"Malaria","All cases","Reported cases","N","2015","DE","Germany",1061.000000000,""
"Malaria","All cases","Reported cases","N","2015","DK","Denmark",101.000000000,""
"Malaria","All cases","Reported cases","N","2015","EE","Estonia",4.000000000,""
"Malaria","All cases","Reported cases","N","2015","EL","Greece",84.000000000,""
"Malaria","All cases","Reported cases","N","2015","ES","Spain",713.000000000,""
"Malaria","All cases","Reported cases","N","2015","EU27_21","EU (without UK)",6929.000000000,""
"Malaria","All cases","Reported cases","N","2015","EU27_UK_21","EU (with UK until 2019)",8326.000000000,""
"Malaria","All cases","Reported cases","N","2015","EUEEA30_21","EU/EEA (without UK)",7023.000000000,""
"Malaria","All cases","Reported cases","N","2015","EUEEAUK_21","EU/EEA (with UK until 2019)",8420.000000000,""
"Malaria","All cases","Reported cases","N","2015","FI","Finland",39.000000000,""
"Malaria","All cases","Reported cases","N","2015","FR","France",2504.000000000,""
"Malaria","All cases","Reported cases","N","2015","HR","Croatia",7.000000000,""
"Malaria","All cases","Reported cases","N","2015","HU","Hungary",12.000000000,""
"Malaria","All cases","Reported cases","N","2015","IE","Ireland",82.000000000,""
"Malaria","All cases","Reported cases","N","2015","IT","Italy",706.000000000,""
"Malaria","All cases","Reported cases","N","2015","LT","Lithuania",8.000000000,""
"Malaria","All cases","Reported cases","N","2015","LU","Luxembourg",2.000000000,""
"Malaria","All cases","Reported cases","N","2015","LV","Latvia",1.000000000,""
"Malaria","All cases","Reported cases","N","2015","MT","Malta",7.000000000,""
"Malaria","All cases","Reported cases","N","2015","NL","Netherlands",680.000000000,""
"Malaria","All cases","Reported cases","N","2015","NO","Norway",94.000000000,""
"Malaria","All cases","Reported cases","N","2015","PL","Poland",29.000000000,""
"Malaria","All cases","Reported cases","N","2015","PT","Portugal",195.000000000,""
"Malaria","All cases","Reported cases","N","2015","RO","Romania",30.000000000,""
"Malaria","All cases","Reported cases","N","2015","SE","Sweden",250.000000000,""
"Malaria","All cases","Reported cases","N","2015","SI","Slovenia",5.000000000,""
"Malaria","All cases","Reported cases","N","2015","SK","Slovakia",0.000000000,""
"Malaria","All cases","Reported cases","N","2015","UK","United Kingdom",1397.000000000,""
"Malaria","All cases","Reported cases","N","2016","AT","Austria",82.000000000,""
"Malaria","All cases","Reported cases","N","2016","BE","Belgium",311.000000000,""
"Malaria","All cases","Reported cases","N","2016","BG","Bulgaria",28.000000000,""
"Malaria","All cases","Reported cases","N","2016","CY","Cyprus",1.000000000,""
"Malaria","All cases","Reported cases","N","2016","CZ","Czechia",38.000000000,""
"Malaria","All cases","Reported cases","N","2016","DE","Germany",962.000000000,""
"Malaria","All cases","Reported cases","N","2016","DK","Denmark",102.000000000,""
"Malaria","All cases","Reported cases","N","2016","EE","Estonia",1.000000000,""
"Malaria","All cases","Reported cases","N","2016","EL","Greece",121.000000000,""
"Malaria","All cases","Reported cases","N","2016","ES","Spain",761.000000000,""
"Malaria","All cases","Reported cases","N","2016","EU27_21","EU (without UK)",6581.000000000,""
"Malaria","All cases","Reported cases","N","2016","EU27_UK_21","EU (with UK until 2019)",8155.000000000,""
"Malaria","All cases","Reported cases","N","2016","EUEEA30_21","EU/EEA (without UK)",6658.000000000,""
"Malaria","All cases","Reported cases","N","2016","EUEEAUK_21","EU/EEA (with UK until 2019)",8232.000000000,""
"Malaria","All cases","Reported cases","N","2016","FI","Finland",47.000000000,""
"Malaria","All cases","Reported cases","N","2016","FR","France",2447.000000000,""
"Malaria","All cases","Reported cases","N","2016","HR","Croatia",4.000000000,""
"Malaria","All cases","Reported cases","N","2016","HU","Hungary",17.000000000,""
"Malaria","All cases","Reported cases","N","2016","IE","Ireland",88.000000000,""
"Malaria","All cases","Reported cases","N","2016","IS","Iceland",2.000000000,""
"Malaria","All cases","Reported cases","N","2016","IT","Italy",888.000000000,""
"Malaria","All cases","Reported cases","N","2016","LT","Lithuania",3.000000000,""
"Malaria","All cases","Reported cases","N","2016","LU","Luxembourg",5.000000000,""
"Malaria","All cases","Reported cases","N","2016","LV","Latvia",3.000000000,""
"Malaria","All cases","Reported cases","N","2016","MT","Malta",7.000000000,""
"Malaria","All cases","Reported cases","N","2016","NL","Netherlands",245.000000000,""
"Malaria","All cases","Reported cases","N","2016","NO","Norway",75.000000000,""
"Malaria","All cases","Reported cases","N","2016","PL","Poland",38.000000000,""
"Malaria","All cases","Reported cases","N","2016","PT","Portugal",197.000000000,""
"Malaria","All cases","Reported cases","N","2016","RO","Romania",21.000000000,""
"Malaria","All cases","Reported cases","N","2016","SE","Sweden",154.000000000,""
"Malaria","All cases","Reported cases","N","2016","SI","Slovenia",6.000000000,""
"Malaria","All cases","Reported cases","N","2016","SK","Slovakia",4.000000000,""
"Malaria","All cases","Reported cases","N","2016","UK","United Kingdom",1574.000000000,""
"Malaria","All cases","Reported cases","N","2017","AT","Austria",78.000000000,""
"Malaria","All cases","Reported cases","N","2017","BE","Belgium",249.000000000,""
"Malaria","All cases","Reported cases","N","2017","BG","Bulgaria",8.000000000,""
"Malaria","All cases","Reported cases","N","2017","CY","Cyprus",8.000000000,""
"Malaria","All cases","Reported cases","N","2017","CZ","Czechia",27.000000000,""
"Malaria","All cases","Reported cases","N","2017","DE","Germany",957.000000000,""
"Malaria","All cases","Reported cases","N","2017","DK","Denmark",94.000000000,""
"Malaria","All cases","Reported cases","N","2017","EE","Estonia",2.000000000,""
"Malaria","All cases","Reported cases","N","2017","EL","Greece",107.000000000,""
"Malaria","All cases","Reported cases","N","2017","ES","Spain",824.000000000,""
"Malaria","All cases","Reported cases","N","2017","EU27_21","EU (without UK)",6561.000000000,""
"Malaria","All cases","Reported cases","N","2017","EU27_UK_21","EU (with UK until 2019)",8371.000000000,""
"Malaria","All cases","Reported cases","N","2017","EUEEA30_21","EU/EEA (without UK)",6625.000000000,""
"Malaria","All cases","Reported cases","N","2017","EUEEAUK_21","EU/EEA (with UK until 2019)",8435.000000000,""
"Malaria","All cases","Reported cases","N","2017","FI","Finland",36.000000000,""
"Malaria","All cases","Reported cases","N","2017","FR","France",2712.000000000,""
"Malaria","All cases","Reported cases","N","2017","HR","Croatia",10.000000000,""
"Malaria","All cases","Reported cases","N","2017","HU","Hungary",12.000000000,""
"Malaria","All cases","Reported cases","N","2017","IE","Ireland",78.000000000,""
"Malaria","All cases","Reported cases","N","2017","IS","Iceland",3.000000000,""
"Malaria","All cases","Reported cases","N","2017","IT","Italy",830.000000000,""
"Malaria","All cases","Reported cases","N","2017","LT","Lithuania",6.000000000,""
"Malaria","All cases","Reported cases","N","2017","LU","Luxembourg",11.000000000,""
"Malaria","All cases","Reported cases","N","2017","LV","Latvia",1.000000000,""
"Malaria","All cases","Reported cases","N","2017","MT","Malta",12.000000000,""
"Malaria","All cases","Reported cases","N","2017","NL","Netherlands",202.000000000,""
"Malaria","All cases","Reported cases","N","2017","NO","Norway",61.000000000,""
"Malaria","All cases","Reported cases","N","2017","PL","Poland",27.000000000,""
"Malaria","All cases","Reported cases","N","2017","PT","Portugal",93.000000000,""
"Malaria","All cases","Reported cases","N","2017","RO","Romania",15.000000000,""
"Malaria","All cases","Reported cases","N","2017","SE","Sweden",150.000000000,""
"Malaria","All cases","Reported cases","N","2017","SI","Slovenia",11.000000000,""
"Malaria","All cases","Reported cases","N","2017","SK","Slovakia",1.000000000,""
"Malaria","All cases","Reported cases","N","2017","UK","United Kingdom",1810.000000000,""
"Malaria","All cases","Reported cases","N","2018","AT","Austria",62.000000000,""
"Malaria","All cases","Reported cases","N","2018","BE","Belgium",357.000000000,""
"Malaria","All cases","Reported cases","N","2018","BG","Bulgaria",8.000000000,""
"Malaria","All cases","Reported cases","N","2018","CY","Cyprus",4.000000000,""
"Malaria","All cases","Reported cases","N","2018","CZ","Czechia",36.000000000,""
"Malaria","All cases","Reported cases","N","2018","DE","Germany",900.000000000,""
"Malaria","All cases","Reported cases","N","2018","DK","Denmark",64.000000000,""
"Malaria","All cases","Reported cases","N","2018","EE","Estonia",3.000000000,""
"Malaria","All cases","Reported cases","N","2018","EL","Greece",55.000000000,""
"Malaria","All cases","Reported cases","N","2018","ES","Spain",851.000000000,""
"Malaria","All cases","Reported cases","N","2018","EU27_21","EU (without UK)",6640.000000000,""
"Malaria","All cases","Reported cases","N","2018","EU27_UK_21","EU (with UK until 2019)",8309.000000000,""
"Malaria","All cases","Reported cases","N","2018","EUEEA30_21","EU/EEA (without UK)",6697.000000000,""
"Malaria","All cases","Reported cases","N","2018","EUEEAUK_21","EU/EEA (with UK until 2019)",8366.000000000,""
"Malaria","All cases","Reported cases","N","2018","FI","Finland",34.000000000,""
"Malaria","All cases","Reported cases","N","2018","FR","France",2840.000000000,""
"Malaria","All cases","Reported cases","N","2018","HR","Croatia",2.000000000,""
"Malaria","All cases","Reported cases","N","2018","HU","Hungary",17.000000000,""
"Malaria","All cases","Reported cases","N","2018","IE","Ireland",60.000000000,""
"Malaria","All cases","Reported cases","N","2018","IS","Iceland",3.000000000,""
"Malaria","All cases","Reported cases","N","2018","IT","Italy",722.000000000,""
"Malaria","All cases","Reported cases","N","2018","LT","Lithuania",6.000000000,""
"Malaria","All cases","Reported cases","N","2018","LU","Luxembourg",13.000000000,""
"Malaria","All cases","Reported cases","N","2018","LV","Latvia",4.000000000,""
"Malaria","All cases","Reported cases","N","2018","MT","Malta",7.000000000,""
"Malaria","All cases","Reported cases","N","2018","NL","Netherlands",252.000000000,""
"Malaria","All cases","Reported cases","N","2018","NO","Norway",54.000000000,""
"Malaria","All cases","Reported cases","N","2018","PL","Poland",28.000000000,""
"Malaria","All cases","Reported cases","N","2018","PT","Portugal",102.000000000,""
"Malaria","All cases","Reported cases","N","2018","RO","Romania",18.000000000,""
"Malaria","All cases","Reported cases","N","2018","SE","Sweden",189.000000000,""
"Malaria","All cases","Reported cases","N","2018","SI","Slovenia",3.000000000,""
"Malaria","All cases","Reported cases","N","2018","SK","Slovakia",3.000000000,""
"Malaria","All cases","Reported cases","N","2018","UK","United Kingdom",1669.000000000,""
"Malaria","All cases","Reported cases","N","2019","AT","Austria",72.000000000,""
"Malaria","All cases","Reported cases","N","2019","BE","Belgium",417.000000000,""
"Malaria","All cases","Reported cases","N","2019","BG","Bulgaria",8.000000000,""
"Malaria","All cases","Reported cases","N","2019","CY","Cyprus",4.000000000,""
"Malaria","All cases","Reported cases","N","2019","CZ","Czechia",34.000000000,""
"Malaria","All cases","Reported cases","N","2019","DE","Germany",999.000000000,""
"Malaria","All cases","Reported cases","N","2019","DK","Denmark",71.000000000,""
"Malaria","All cases","Reported cases","N","2019","EE","Estonia",3.000000000,""
"Malaria","All cases","Reported cases","N","2019","EL","Greece",40.000000000,""
"Malaria","All cases","Reported cases","N","2019","ES","Spain",783.000000000,""
"Malaria","All cases","Reported cases","N","2019","EU27_21","EU (without UK)",6830.000000000,""
"Malaria","All cases","Reported cases","N","2019","EU27_UK_21","EU (with UK until 2019)",8536.000000000,""
"Malaria","All cases","Reported cases","N","2019","EUEEA30_21","EU/EEA (without UK)",7030.000000000,""
"Malaria","All cases","Reported cases","N","2019","EUEEAUK_21","EU/EEA (with UK until 2019)",8736.000000000,""
"Malaria","All cases","Reported cases","N","2019","FI","Finland",50.000000000,""
"Malaria","All cases","Reported cases","N","2019","FR","France",2839.000000000,""
"Malaria","All cases","Reported cases","N","2019","HR","Croatia",4.000000000,""
"Malaria","All cases","Reported cases","N","2019","HU","Hungary",12.000000000,""
"Malaria","All cases","Reported cases","N","2019","IE","Ireland",80.000000000,""
"Malaria","All cases","Reported cases","N","2019","IS","Iceland",4.000000000,""
"Malaria","All cases","Reported cases","N","2019","IT","Italy",811.000000000,""
"Malaria","All cases","Reported cases","N","2019","LT","Lithuania",7.000000000,""
"Malaria","All cases","Reported cases","N","2019","LU","Luxembourg",13.000000000,""
"Malaria","All cases","Reported cases","N","2019","LV","Latvia",4.000000000,""
"Malaria","All cases","Reported cases","N","2019","MT","Malta",20.000000000,""
"Malaria","All cases","Reported cases","N","2019","NL","Netherlands",180.000000000,""
"Malaria","All cases","Reported cases","N","2019","NO","Norway",196.000000000,""
"Malaria","All cases","Reported cases","N","2019","PL","Poland",24.000000000,""
"Malaria","All cases","Reported cases","N","2019","PT","Portugal",116.000000000,""
"Malaria","All cases","Reported cases","N","2019","RO","Romania",22.000000000,""
"Malaria","All cases","Reported cases","N","2019","SE","Sweden",205.000000000,""
"Malaria","All cases","Reported cases","N","2019","SI","Slovenia",6.000000000,""
"Malaria","All cases","Reported cases","N","2019","SK","Slovakia",6.000000000,""
"Malaria","All cases","Reported cases","N","2019","UK","United Kingdom",1706.000000000,""
"Malaria","All cases","Reported cases","N","2020","AT","Austria",27.000000000,""
"Malaria","All cases","Reported cases","N","2020","BE","Belgium",241.000000000,""
"Malaria","All cases","Reported cases","N","2020","BG","Bulgaria",5.000000000,""
"Malaria","All cases","Reported cases","N","2020","CY","Cyprus",0.000000000,""
"Malaria","All cases","Reported cases","N","2020","CZ","Czechia",9.000000000,""
"Malaria","All cases","Reported cases","N","2020","DE","Germany",366.000000000,""
"Malaria","All cases","Reported cases","N","2020","DK","Denmark",32.000000000,""
"Malaria","All cases","Reported cases","N","2020","EE","Estonia",1.000000000,""
"Malaria","All cases","Reported cases","N","2020","EL","Greece",23.000000000,""
"Malaria","All cases","Reported cases","N","2020","ES","Spain",211.000000000,""
"Malaria","All cases","Reported cases","N","2020","EU27_21","EU (without UK)",2472.000000000,""
"Malaria","All cases","Reported cases","N","2020","EU27_UK_21","EU (with UK until 2019)",2472.000000000,""
"Malaria","All cases","Reported cases","N","2020","EUEEA30_21","EU/EEA (without UK)",2520.000000000,""
"Malaria","All cases","Reported cases","N","2020","EUEEAUK_21","EU/EEA (with UK until 2019)",2520.000000000,""
"Malaria","All cases","Reported cases","N","2020","FI","Finland",52.000000000,""
"Malaria","All cases","Reported cases","N","2020","FR","France",1007.000000000,""
"Malaria","All cases","Reported cases","N","2020","HR","Croatia",5.000000000,""
"Malaria","All cases","Reported cases","N","2020","HU","Hungary",10.000000000,""
"Malaria","All cases","Reported cases","N","2020","IE","Ireland",15.000000000,""
"Malaria","All cases","Reported cases","N","2020","IS","Iceland",0.000000000,""
"Malaria","All cases","Reported cases","N","2020","IT","Italy",181.000000000,""
"Malaria","All cases","Reported cases","N","2020","LT","Lithuania",2.000000000,""
"Malaria","All cases","Reported cases","N","2020","LU","Luxembourg",5.000000000,""
"Malaria","All cases","Reported cases","N","2020","LV","Latvia",0.000000000,""
"Malaria","All cases","Reported cases","N","2020","MT","Malta",1.000000000,""
"Malaria","All cases","Reported cases","N","2020","NL","Netherlands",68.000000000,""
"Malaria","All cases","Reported cases","N","2020","NO","Norway",48.000000000,""
"Malaria","All cases","Reported cases","N","2020","PL","Poland",8.000000000,""
"Malaria","All cases","Reported cases","N","2020","PT","Portugal",59.000000000,""
"Malaria","All cases","Reported cases","N","2020","RO","Romania",2.000000000,""
"Malaria","All cases","Reported cases","N","2020","SE","Sweden",138.000000000,""
"Malaria","All cases","Reported cases","N","2020","SI","Slovenia",2.000000000,""
"Malaria","All cases","Reported cases","N","2020","SK","Slovakia",2.000000000,""
"Malaria","All cases","Reported cases","N","2021","AT","Austria",37.000000000,""
"Malaria","All cases","Reported cases","N","2021","BE","Belgium",365.000000000,""
"Malaria","All cases","Reported cases","N","2021","BG","Bulgaria",9.000000000,""
"Malaria","All cases","Reported cases","N","2021","CY","Cyprus",0.000000000,""
"Malaria","All cases","Reported cases","N","2021","CZ","Czechia",10.000000000,""
"Malaria","All cases","Reported cases","N","2021","DE","Germany",614.000000000,""
"Malaria","All cases","Reported cases","N","2021","DK","Denmark",39.000000000,""
"Malaria","All cases","Reported cases","N","2021","EE","Estonia",3.000000000,""
"Malaria","All cases","Reported cases","N","2021","EL","Greece",32.000000000,""
"Malaria","All cases","Reported cases","N","2021","ES","Spain",430.000000000,""
"Malaria","All cases","Reported cases","N","2021","EU27_21","EU (without UK)",4828.000000000,""
"Malaria","All cases","Reported cases","N","2021","EU27_UK_21","EU (with UK until 2019)",4828.000000000,""
"Malaria","All cases","Reported cases","N","2021","EUEEA30_21","EU/EEA (without UK)",4903.000000000,""
"Malaria","All cases","Reported cases","N","2021","EUEEAUK_21","EU/EEA (with UK until 2019)",4903.000000000,""
"Malaria","All cases","Reported cases","N","2021","FI","Finland",39.000000000,""
"Malaria","All cases","Reported cases","N","2021","FR","France",2321.000000000,""
"Malaria","All cases","Reported cases","N","2021","HU","Hungary",8.000000000,""
"Malaria","All cases","Reported cases","N","2021","IE","Ireland",39.000000000,""
"Malaria","All cases","Reported cases","N","2021","IS","Iceland",7.000000000,""
"Malaria","All cases","Reported cases","N","2021","IT","Italy",443.000000000,""
"Malaria","All cases","Reported cases","N","2021","LI","Liechtenstein",0.000000000,""
"Malaria","All cases","Reported cases","N","2021","LT","Lithuania",3.000000000,""
"Malaria","All cases","Reported cases","N","2021","LU","Luxembourg",28.000000000,""
"Malaria","All cases","Reported cases","N","2021","LV","Latvia",0.000000000,""
"Malaria","All cases","Reported cases","N","2021","MT","Malta",4.000000000,""
"Malaria","All cases","Reported cases","N","2021","NL","Netherlands",150.000000000,""
"Malaria","All cases","Reported cases","N","2021","NO","Norway",68.000000000,""
"Malaria","All cases","Reported cases","N","2021","PL","Poland",15.000000000,""
"Malaria","All cases","Reported cases","N","2021","PT","Portugal",79.000000000,""
"Malaria","All cases","Reported cases","N","2021","RO","Romania",8.000000000,""
"Malaria","All cases","Reported cases","N","2021","SE","Sweden",144.000000000,""
"Malaria","All cases","Reported cases","N","2021","SI","Slovenia",3.000000000,""
"Malaria","All cases","Reported cases","N","2021","SK","Slovakia",5.000000000,""
"Malaria","All cases","Reported cases","N","2022","AT","Austria",74.000000000,""
"Malaria","All cases","Reported cases","N","2022","BE","Belgium",491.000000000,""
"Malaria","All cases","Reported cases","N","2022","BG","Bulgaria",5.000000000,""
"Malaria","All cases","Reported cases","N","2022","CY","Cyprus",4.000000000,""
"Malaria","All cases","Reported cases","N","2022","CZ","Czechia",29.000000000,""
"Malaria","All cases","Reported cases","N","2022","DE","Germany",772.000000000,""
"Malaria","All cases","Reported cases","N","2022","DK","Denmark",67.000000000,""
"Malaria","All cases","Reported cases","N","2022","EE","Estonia",4.000000000,""
"Malaria","All cases","Reported cases","N","2022","EL","Greece",31.000000000,""
"Malaria","All cases","Reported cases","N","2022","ES","Spain",669.000000000,""
"Malaria","All cases","Reported cases","N","2022","EU27_21","EU (without UK)",6161.000000000,""
"Malaria","All cases","Reported cases","N","2022","EU27_UK_21","EU (with UK until 2019)",6161.000000000,""
"Malaria","All cases","Reported cases","N","2022","EUEEA30_21","EU/EEA (without UK)",6227.000000000,""
"Malaria","All cases","Reported cases","N","2022","EUEEAUK_21","EU/EEA (with UK until 2019)",6227.000000000,""
"Malaria","All cases","Reported cases","N","2022","FI","Finland",47.000000000,""
"Malaria","All cases","Reported cases","N","2022","FR","France",2783.000000000,""
"Malaria","All cases","Reported cases","N","2022","HR","Croatia",1.000000000,""
"Malaria","All cases","Reported cases","N","2022","HU","Hungary",22.000000000,""
"Malaria","All cases","Reported cases","N","2022","IE","Ireland",53.000000000,""
"Malaria","All cases","Reported cases","N","2022","IS","Iceland",5.000000000,""
"Malaria","All cases","Reported cases","N","2022","IT","Italy",596.000000000,""
"Malaria","All cases","Reported cases","N","2022","LI","Liechtenstein",1.000000000,""
"Malaria","All cases","Reported cases","N","2022","LT","Lithuania",4.000000000,""
"Malaria","All cases","Reported cases","N","2022","LV","Latvia",0.000000000,""
"Malaria","All cases","Reported cases","N","2022","MT","Malta",4.000000000,""
"Malaria","All cases","Reported cases","N","2022","NL","Netherlands",204.000000000,""
"Malaria","All cases","Reported cases","N","2022","NO","Norway",60.000000000,""
"Malaria","All cases","Reported cases","N","2022","PL","Poland",26.000000000,""
"Malaria","All cases","Reported cases","N","2022","PT","Portugal",81.000000000,""
"Malaria","All cases","Reported cases","N","2022","RO","Romania",25.000000000,""
"Malaria","All cases","Reported cases","N","2022","SE","Sweden",158.000000000,""
"Malaria","All cases","Reported cases","N","2022","SI","Slovenia",9.000000000,""
"Malaria","All cases","Reported cases","N","2022","SK","Slovakia",2.000000000,""
"Malaria","All cases","Reported cases","N","2023","AT","Austria",97.000000000,""
"Malaria","All cases","Reported cases","N","2023","BE","Belgium",508.000000000,""
"Malaria","All cases","Reported cases","N","2023","BG","Bulgaria",10.000000000,""
"Malaria","All cases","Reported cases","N","2023","CY","Cyprus",4.000000000,""
"Malaria","All cases","Reported cases","N","2023","CZ","Czechia",40.000000000,""
"Malaria","All cases","Reported cases","N","2023","DE","Germany",991.000000000,""
"Malaria","All cases","Reported cases","N","2023","DK","Denmark",70.000000000,""
"Malaria","All cases","Reported cases","N","2023","EE","Estonia",1.000000000,""
"Malaria","All cases","Reported cases","N","2023","EL","Greece",32.000000000,""
"Malaria","All cases","Reported cases","N","2023","ES","Spain",804.000000000,""
"Malaria","All cases","Reported cases","N","2023","EU27_21","EU (without UK)",7248.000000000,""
"Malaria","All cases","Reported cases","N","2023","EU27_UK_21","EU (with UK until 2019)",7248.000000000,""
"Malaria","All cases","Reported cases","N","2023","EUEEA30_21","EU/EEA (without UK)",7321.000000000,""
"Malaria","All cases","Reported cases","N","2023","EUEEAUK_21","EU/EEA (with UK until 2019)",7321.000000000,""
"Malaria","All cases","Reported cases","N","2023","FI","Finland",52.000000000,""
"Malaria","All cases","Reported cases","N","2023","FR","France",3013.000000000,""
"Malaria","All cases","Reported cases","N","2023","HR","Croatia",6.000000000,""
"Malaria","All cases","Reported cases","N","2023","HU","Hungary",21.000000000,""
"Malaria","All cases","Reported cases","N","2023","IE","Ireland",89.000000000,""
"Malaria","All cases","Reported cases","N","2023","IS","Iceland",7.000000000,""
"Malaria","All cases","Reported cases","N","2023","IT","Italy",798.000000000,""
"Malaria","All cases","Reported cases","N","2023","LI","Liechtenstein",0.000000000,""
"Malaria","All cases","Reported cases","N","2023","LT","Lithuania",11.000000000,""
"Malaria","All cases","Reported cases","N","2023","LU","Luxembourg",39.000000000,""
"Malaria","All cases","Reported cases","N","2023","LV","Latvia",3.000000000,""
"Malaria","All cases","Reported cases","N","2023","MT","Malta",18.000000000,""
"Malaria","All cases","Reported cases","N","2023","NL","Netherlands",246.000000000,""
"Malaria","All cases","Reported cases","N","2023","NO","Norway",66.000000000,""
"Malaria","All cases","Reported cases","N","2023","PL","Poland",46.000000000,""
"Malaria","All cases","Reported cases","N","2023","PT","Portugal",151.000000000,""
"Malaria","All cases","Reported cases","N","2023","RO","Romania",33.000000000,""
"Malaria","All cases","Reported cases","N","2023","SE","Sweden",145.000000000,""
"Malaria","All cases","Reported cases","N","2023","SI","Slovenia",11.000000000,""
"Malaria","All cases","Reported cases","N","2023","SK","Slovakia",9.000000000,""
"Malaria","All cases","Reported cases","N","2024","AT","Austria",80.000000000,""
"Malaria","All cases","Reported cases","N","2024","BE","Belgium",448.000000000,""
"Malaria","All cases","Reported cases","N","2024","BG","Bulgaria",18.000000000,""
"Malaria","All cases","Reported cases","N","2024","CY","Cyprus",4.000000000,""
"Malaria","All cases","Reported cases","N","2024","CZ","Czechia",38.000000000,""
"Malaria","All cases","Reported cases","N","2024","DE","Germany",934.000000000,""
"Malaria","All cases","Reported cases","N","2024","DK","Denmark",63.000000000,""
"Malaria","All cases","Reported cases","N","2024","EE","Estonia",6.000000000,""
"Malaria","All cases","Reported cases","N","2024","EL","Greece",35.000000000,""
"Malaria","All cases","Reported cases","N","2024","ES","Spain",756.000000000,""
"Malaria","All cases","Reported cases","N","2024","EU27_21","EU (without UK)",7082.000000000,""
"Malaria","All cases","Reported cases","N","2024","EU27_UK_21","EU (with UK until 2019)",7082.000000000,""
"Malaria","All cases","Reported cases","N","2024","EUEEA30_21","EU/EEA (without UK)",7158.000000000,""
"Malaria","All cases","Reported cases","N","2024","EUEEAUK_21","EU/EEA (with UK until 2019)",7158.000000000,""
"Malaria","All cases","Reported cases","N","2024","FI","Finland",35.000000000,""
"Malaria","All cases","Reported cases","N","2024","FR","France",3104.000000000,""
"Malaria","All cases","Reported cases","N","2024","HR","Croatia",8.000000000,""
"Malaria","All cases","Reported cases","N","2024","HU","Hungary",15.000000000,""
"Malaria","All cases","Reported cases","N","2024","IE","Ireland",78.000000000,""
"Malaria","All cases","Reported cases","N","2024","IS","Iceland",4.000000000,""
"Malaria","All cases","Reported cases","N","2024","IT","Italy",904.000000000,""
"Malaria","All cases","Reported cases","N","2024","LI","Liechtenstein",1.000000000,""
"Malaria","All cases","Reported cases","N","2024","LT","Lithuania",10.000000000,""
"Malaria","All cases","Reported cases","N","2024","LU","Luxembourg",44.000000000,""
"Malaria","All cases","Reported cases","N","2024","MT","Malta",13.000000000,""
"Malaria","All cases","Reported cases","N","2024","NL","Netherlands",200.000000000,""
"Malaria","All cases","Reported cases","N","2024","NO","Norway",71.000000000,""
"Malaria","All cases","Reported cases","N","2024","PL","Poland",43.000000000,""
"Malaria","All cases","Reported cases","N","2024","PT","Portugal",65.000000000,""
"Malaria","All cases","Reported cases","N","2024","RO","Romania",44.000000000,""
"Malaria","All cases","Reported cases","N","2024","SE","Sweden",122.000000000,""
"Malaria","All cases","Reported cases","N","2024","SI","Slovenia",9.000000000,""
"Malaria","All cases","Reported cases","N","2024","SK","Slovakia",6.000000000,""
"Malaria","Confirmed cases","Age standardised rate","N/100000","2008","AT","Austria",0.691570900,""
"Malaria","Confirmed cases","Age standardised rate","N/100000","2008","BE","Belgium",0.000000000,""
"Malaria","Confirmed cases","Age standardised rate","N/100000","2008","BG","Bulgaria",0.000000000,""
"Malaria","Confirmed cases","Age standardised rate","N/100000","2008","CY","Cyprus",0.000000000,""
"Malaria","Confirmed cases","Age standardised rate","N/100000","2008","CZ","Czechia",0.203080130,""
"Malaria","Confirmed cases","Age standardised rate","N/100000","2008","DE","Germany",0.000000000,""
"Malaria","Confirmed cases","Age standardised rate","N/100000","2008","EE","Estonia",0.000000000,""
"Malaria","Confirmed cases","Age standardised rate","N/100000","2008","EL","Greece",-,""
"Malaria","Confirmed cases","Age standardised rate","N/100000","2008","ES","Spain",0.601186260,""
"Malaria","Confirmed cases","Age standardised rate","N/100000","2008","EU27_21","EU (without UK)",-,""
"Malaria","Confirmed cases","Age standardised rate","N/100000","2008","EU27_UK_21","EU (with UK until 2019)",-,""
"Malaria","Confirmed cases","Age standardised rate","N/100000","2008","EUEEA30_21","EU/EEA (without UK)",-,""
"Malaria","Confirmed cases","Age standardised rate","N/100000","2008","EUEEAUK_21","EU/EEA (with UK until 2019)",-,""
"Malaria","Confirmed cases","Age standardised rate","N/100000","2008","FI","Finland",0.854751400,""
"Malaria","Confirmed cases","Age standardised rate","N/100000","2008","FR","France",-,""
"Malaria","Confirmed cases","Age standardised rate","N/100000","2008","HU","Hungary",0.049021390,""
"Malaria","Confirmed cases","Age standardised rate","N/100000","2008","IE","Ireland",1.658179000,""
"Malaria","Confirmed cases","Age standardised rate","N/100000","2008","IT","Italy",-,""
"Malaria","Confirmed cases","Age standardised rate","N/100000","2008","LT","Lithuania",-,""
"Malaria","Confirmed cases","Age standardised rate","N/100000","2008","LU","Luxembourg",0.430210340,""
"Malaria","Confirmed cases","Age standardised rate","N/100000","2008","LV","Latvia",0.086278740,""
"Malaria","Confirmed cases","Age standardised rate","N/100000","2008","MT","Malta",0.701783990,""
"Malaria","Confirmed cases","Age standardised rate","N/100000","2008","NL","Netherlands",1.399961370,""
"Malaria","Confirmed cases","Age standardised rate","N/100000","2008","NO","Norway",0.689388830,""
"Malaria","Confirmed cases","Age standardised rate","N/100000","2008","PL","Poland",0.056744200,""
"Malaria","Confirmed cases","Age standardised rate","N/100000","2008","PT","Portugal",0.396503870,""
"Malaria","Confirmed cases","Age standardised rate","N/100000","2008","RO","Romania",0.062181760,""
"Malaria","Confirmed cases","Age standardised rate","N/100000","2008","SE","Sweden",1.026744690,""
"Malaria","Confirmed cases","Age standardised rate","N/100000","2008","SI","Slovenia",0.145783520,""
"Malaria","Confirmed cases","Age standardised rate","N/100000","2008","SK","Slovakia",0.033237410,""
"Malaria","Confirmed cases","Age standardised rate","N/100000","2008","UK","United Kingdom",2.230219490,""
"Malaria","Confirmed cases","Age standardised rate","N/100000","2009","AT","Austria",0.531361380,""
"Malaria","Confirmed cases","Age standardised rate","N/100000","2009","BE","Belgium",-,""
"Malaria","Confirmed cases","Age standardised rate","N/100000","2009","BG","Bulgaria",0.105446220,""
"Malaria","Confirmed cases","Age standardised rate","N/100000","2009","CY","Cyprus",0.124948410,""
"Malaria","Confirmed cases","Age standardised rate","N/100000","2009","CZ","Czechia",0.090997410,""
"Malaria","Confirmed cases","Age standardised rate","N/100000","2009","DE","Germany",0.000000000,""
"Malaria","Confirmed cases","Age standardised rate","N/100000","2009","EE","Estonia",0.292632290,""
"Malaria","Confirmed cases","Age standardised rate","N/100000","2009","EL","Greece",-,""
"Malaria","Confirmed cases","Age standardised rate","N/100000","2009","ES","Spain",0.741686200,""
"Malaria","Confirmed cases","Age standardised rate","N/100000","2009","EU27_21","EU (without UK)",0.429194000,""
"Malaria","Confirmed cases","Age standardised rate","N/100000","2009","EU27_UK_21","EU (with UK until 2019)",0.724785000,""
"Malaria","Confirmed cases","Age standardised rate","N/100000","2009","EUEEA30_21","EU/EEA (without UK)",0.433090000,""
"Malaria","Confirmed cases","Age standardised rate","N/100000","2009","EUEEAUK_21","EU/EEA (with UK until 2019)",0.724751000,""
"Malaria","Confirmed cases","Age standardised rate","N/100000","2009","FI","Finland",0.675051910,""
"Malaria","Confirmed cases","Age standardised rate","N/100000","2009","FR","France",-,""
"Malaria","Confirmed cases","Age standardised rate","N/100000","2009","HU","Hungary",0.077443390,""
"Malaria","Confirmed cases","Age standardised rate","N/100000","2009","IE","Ireland",1.820277800,""
"Malaria","Confirmed cases","Age standardised rate","N/100000","2009","IT","Italy",-,""
"Malaria","Confirmed cases","Age standardised rate","N/100000","2009","LT","Lithuania",-,""
"Malaria","Confirmed cases","Age standardised rate","N/100000","2009","LU","Luxembourg",0.594237140,""
"Malaria","Confirmed cases","Age standardised rate","N/100000","2009","LV","Latvia",0.287650470,""
"Malaria","Confirmed cases","Age standardised rate","N/100000","2009","MT","Malta",-,""
"Malaria","Confirmed cases","Age standardised rate","N/100000","2009","NL","Netherlands",1.450768270,""
"Malaria","Confirmed cases","Age standardised rate","N/100000","2009","NO","Norway",0.721760130,""
"Malaria","Confirmed cases","Age standardised rate","N/100000","2009","PL","Poland",0.055957290,""
"Malaria","Confirmed cases","Age standardised rate","N/100000","2009","PT","Portugal",0.411881420,""
"Malaria","Confirmed cases","Age standardised rate","N/100000","2009","RO","Romania",0.057451840,""
"Malaria","Confirmed cases","Age standardised rate","N/100000","2009","SE","Sweden",0.895576440,""
"Malaria","Confirmed cases","Age standardised rate","N/100000","2009","SI","Slovenia",0.350547390,""
"Malaria","Confirmed cases","Age standardised rate","N/100000","2009","SK","Slovakia",0.000000000,""
"Malaria","Confirmed cases","Age standardised rate","N/100000","2009","UK","United Kingdom",2.418718130,""
"Malaria","Confirmed cases","Age standardised rate","N/100000","2010","AT","Austria",0.575507720,""
"Malaria","Confirmed cases","Age standardised rate","N/100000","2010","BE","Belgium",0.008658290,""
"Malaria","Confirmed cases","Age standardised rate","N/100000","2010","BG","Bulgaria",0.064056040,""
"Malaria","Confirmed cases","Age standardised rate","N/100000","2010","CY","Cyprus",0.096458500,""
"Malaria","Confirmed cases","Age standardised rate","N/100000","2010","CZ","Czechia",0.099780720,""
"Malaria","Confirmed cases","Age standardised rate","N/100000","2010","DE","Germany",0.000000000,""
"Malaria","Confirmed cases","Age standardised rate","N/100000","2010","EE","Estonia",0.072076090,""
"Malaria","Confirmed cases","Age standardised rate","N/100000","2010","EL","Greece",0.407765060,""
"Malaria","Confirmed cases","Age standardised rate","N/100000","2010","ES","Spain",0.715132490,""
"Malaria","Confirmed cases","Age standardised rate","N/100000","2010","EU27_21","EU (without UK)",0.462303000,""
"Malaria","Confirmed cases","Age standardised rate","N/100000","2010","EU27_UK_21","EU (with UK until 2019)",0.810457000,""
"Malaria","Confirmed cases","Age standardised rate","N/100000","2010","EUEEA30_21","EU/EEA (without UK)",0.466389000,""
"Malaria","Confirmed cases","Age standardised rate","N/100000","2010","EUEEAUK_21","EU/EEA (with UK until 2019)",0.810057000,""
"Malaria","Confirmed cases","Age standardised rate","N/100000","2010","FI","Finland",0.667049270,""
"Malaria","Confirmed cases","Age standardised rate","N/100000","2010","FR","France",-,""
"Malaria","Confirmed cases","Age standardised rate","N/100000","2010","HU","Hungary",0.049578930,""
"Malaria","Confirmed cases","Age standardised rate","N/100000","2010","IE","Ireland",1.715529770,""
"Malaria","Confirmed cases","Age standardised rate","N/100000","2010","IT","Italy",-,""
"Malaria","Confirmed cases","Age standardised rate","N/100000","2010","LT","Lithuania",0.099638740,""
"Malaria","Confirmed cases","Age standardised rate","N/100000","2010","LU","Luxembourg",2.377165080,""
"Malaria","Confirmed cases","Age standardised rate","N/100000","2010","LV","Latvia",0.239085450,""
"Malaria","Confirmed cases","Age standardised rate","N/100000","2010","MT","Malta",0.000000000,""
"Malaria","Confirmed cases","Age standardised rate","N/100000","2010","NL","Netherlands",1.514292060,""
"Malaria","Confirmed cases","Age standardised rate","N/100000","2010","NO","Norway",0.774740530,""
"Malaria","Confirmed cases","Age standardised rate","N/100000","2010","PL","Poland",0.088598550,""
"Malaria","Confirmed cases","Age standardised rate","N/100000","2010","PT","Portugal",0.475587530,""
"Malaria","Confirmed cases","Age standardised rate","N/100000","2010","RO","Romania",0.092469510,""
"Malaria","Confirmed cases","Age standardised rate","N/100000","2010","SE","Sweden",1.318521960,""
"Malaria","Confirmed cases","Age standardised rate","N/100000","2010","SI","Slovenia",0.430693520,""
"Malaria","Confirmed cases","Age standardised rate","N/100000","2010","SK","Slovakia",0.035086720,""
"Malaria","Confirmed cases","Age standardised rate","N/100000","2010","UK","United Kingdom",2.852611730,""
"Malaria","Confirmed cases","Age standardised rate","N/100000","2011","AT","Austria",0.085617040,""
"Malaria","Confirmed cases","Age standardised rate","N/100000","2011","BE","Belgium",1.723827360,""
"Malaria","Confirmed cases","Age standardised rate","N/100000","2011","BG","Bulgaria",0.107161800,""
"Malaria","Confirmed cases","Age standardised rate","N/100000","2011","CY","Cyprus",0.667657300,""
"Malaria","Confirmed cases","Age standardised rate","N/100000","2011","CZ","Czechia",0.256092440,""
"Malaria","Confirmed cases","Age standardised rate","N/100000","2011","DE","Germany",0.740818110,""
"Malaria","Confirmed cases","Age standardised rate","N/100000","2011","DK","Denmark",1.387473890,""
"Malaria","Confirmed cases","Age standardised rate","N/100000","2011","EE","Estonia",0.079399400,""
"Malaria","Confirmed cases","Age standardised rate","N/100000","2011","EL","Greece",0.852095130,""
"Malaria","Confirmed cases","Age standardised rate","N/100000","2011","ES","Spain",0.840755580,""
"Malaria","Confirmed cases","Age standardised rate","N/100000","2011","EU27_21","EU (without UK)",0.727010000,""
"Malaria","Confirmed cases","Age standardised rate","N/100000","2011","EU27_UK_21","EU (with UK until 2019)",1.013129000,""
"Malaria","Confirmed cases","Age standardised rate","N/100000","2011","EUEEA30_21","EU/EEA (without UK)",0.725596000,""
"Malaria","Confirmed cases","Age standardised rate","N/100000","2011","EUEEAUK_21","EU/EEA (with UK until 2019)",1.008712000,""
"Malaria","Confirmed cases","Age standardised rate","N/100000","2011","FI","Finland",0.661300600,""
"Malaria","Confirmed cases","Age standardised rate","N/100000","2011","FR","France",-,""
"Malaria","Confirmed cases","Age standardised rate","N/100000","2011","HU","Hungary",0.097293340,""
"Malaria","Confirmed cases","Age standardised rate","N/100000","2011","IE","Ireland",1.313575720,""
"Malaria","Confirmed cases","Age standardised rate","N/100000","2011","IT","Italy",1.171575890,""
"Malaria","Confirmed cases","Age standardised rate","N/100000","2011","LT","Lithuania",0.101928160,""
"Malaria","Confirmed cases","Age standardised rate","N/100000","2011","LU","Luxembourg",0.629090780,""
"Malaria","Confirmed cases","Age standardised rate","N/100000","2011","LV","Latvia",0.200681010,""
"Malaria","Confirmed cases","Age standardised rate","N/100000","2011","MT","Malta",0.258503160,""
"Malaria","Confirmed cases","Age standardised rate","N/100000","2011","NL","Netherlands",1.547110890,""
"Malaria","Confirmed cases","Age standardised rate","N/100000","2011","NO","Norway",0.618861670,""
"Malaria","Confirmed cases","Age standardised rate","N/100000","2011","PL","Poland",0.035556480,""
"Malaria","Confirmed cases","Age standardised rate","N/100000","2011","PT","Portugal",0.631452650,""
"Malaria","Confirmed cases","Age standardised rate","N/100000","2011","RO","Romania",0.194434580,""
"Malaria","Confirmed cases","Age standardised rate","N/100000","2011","SE","Sweden",1.051029240,""
"Malaria","Confirmed cases","Age standardised rate","N/100000","2011","SI","Slovenia",0.288253100,""
"Malaria","Confirmed cases","Age standardised rate","N/100000","2011","SK","Slovakia",0.017357740,""
"Malaria","Confirmed cases","Age standardised rate","N/100000","2011","UK","United Kingdom",2.698620750,""
"Malaria","Confirmed cases","Age standardised rate","N/100000","2012","AT","Austria",0.335031840,""
"Malaria","Confirmed cases","Age standardised rate","N/100000","2012","BE","Belgium",-,""
"Malaria","Confirmed cases","Age standardised rate","N/100000","2012","BG","Bulgaria",0.208506680,""
"Malaria","Confirmed cases","Age standardised rate","N/100000","2012","CY","Cyprus",0.094992450,""
"Malaria","Confirmed cases","Age standardised rate","N/100000","2012","CZ","Czechia",0.233656260,""
"Malaria","Confirmed cases","Age standardised rate","N/100000","2012","DE","Germany",0.725343120,""
"Malaria","Confirmed cases","Age standardised rate","N/100000","2012","DK","Denmark",1.263182540,""
"Malaria","Confirmed cases","Age standardised rate","N/100000","2012","EE","Estonia",0.453524820,""
"Malaria","Confirmed cases","Age standardised rate","N/100000","2012","EL","Greece",0.908082630,""
"Malaria","Confirmed cases","Age standardised rate","N/100000","2012","ES","Spain",0.882447420,""
"Malaria","Confirmed cases","Age standardised rate","N/100000","2012","EU27_21","EU (without UK)",0.682887000,""
"Malaria","Confirmed cases","Age standardised rate","N/100000","2012","EU27_UK_21","EU (with UK until 2019)",0.909323000,""
"Malaria","Confirmed cases","Age standardised rate","N/100000","2012","EUEEA30_21","EU/EEA (without UK)",0.683828000,""
"Malaria","Confirmed cases","Age standardised rate","N/100000","2012","EUEEAUK_21","EU/EEA (with UK until 2019)",0.907521000,""
"Malaria","Confirmed cases","Age standardised rate","N/100000","2012","FI","Finland",0.897535440,""
"Malaria","Confirmed cases","Age standardised rate","N/100000","2012","FR","France",-,""
"Malaria","Confirmed cases","Age standardised rate","N/100000","2012","HR","Croatia",0.549707990,""
"Malaria","Confirmed cases","Age standardised rate","N/100000","2012","HU","Hungary",0.050254650,""
"Malaria","Confirmed cases","Age standardised rate","N/100000","2012","IE","Ireland",1.377003720,""
"Malaria","Confirmed cases","Age standardised rate","N/100000","2012","IT","Italy",1.109858230,""
"Malaria","Confirmed cases","Age standardised rate","N/100000","2012","LT","Lithuania",0.217172400,""
"Malaria","Confirmed cases","Age standardised rate","N/100000","2012","LU","Luxembourg",1.282167190,""
"Malaria","Confirmed cases","Age standardised rate","N/100000","2012","LV","Latvia",0.153509490,""
"Malaria","Confirmed cases","Age standardised rate","N/100000","2012","MT","Malta",-,""
"Malaria","Confirmed cases","Age standardised rate","N/100000","2012","NL","Netherlands",1.193473000,""
"Malaria","Confirmed cases","Age standardised rate","N/100000","2012","NO","Norway",0.752666600,""
"Malaria","Confirmed cases","Age standardised rate","N/100000","2012","PL","Poland",0.052773210,""
"Malaria","Confirmed cases","Age standardised rate","N/100000","2012","PT","Portugal",0.677520430,""
"Malaria","Confirmed cases","Age standardised rate","N/100000","2012","RO","Romania",0.155791750,""
"Malaria","Confirmed cases","Age standardised rate","N/100000","2012","SE","Sweden",0.955090870,""
"Malaria","Confirmed cases","Age standardised rate","N/100000","2012","SI","Slovenia",0.328997870,""
"Malaria","Confirmed cases","Age standardised rate","N/100000","2012","SK","Slovakia",0.103726070,""
"Malaria","Confirmed cases","Age standardised rate","N/100000","2012","UK","United Kingdom",2.210727740,""
"Malaria","Confirmed cases","Age standardised rate","N/100000","2013","AT","Austria",0.499918600,""
"Malaria","Confirmed cases","Age standardised rate","N/100000","2013","BE","Belgium",-,""
"Malaria","Confirmed cases","Age standardised rate","N/100000","2013","BG","Bulgaria",0.110189760,""
"Malaria","Confirmed cases","Age standardised rate","N/100000","2013","CY","Cyprus",0.316811470,""
"Malaria","Confirmed cases","Age standardised rate","N/100000","2013","CZ","Czechia",0.251809000,""
"Malaria","Confirmed cases","Age standardised rate","N/100000","2013","DE","Germany",0.834897750,""
"Malaria","Confirmed cases","Age standardised rate","N/100000","2013","DK","Denmark",1.165469930,""
"Malaria","Confirmed cases","Age standardised rate","N/100000","2013","EE","Estonia",0.239750060,""
"Malaria","Confirmed cases","Age standardised rate","N/100000","2013","EL","Greece",0.233039700,""
"Malaria","Confirmed cases","Age standardised rate","N/100000","2013","ES","Spain",1.102325330,""
"Malaria","Confirmed cases","Age standardised rate","N/100000","2013","EU27_21","EU (without UK)",0.737391000,""
"Malaria","Confirmed cases","Age standardised rate","N/100000","2013","EU27_UK_21","EU (with UK until 2019)",0.986801000,""
"Malaria","Confirmed cases","Age standardised rate","N/100000","2013","EUEEA30_21","EU/EEA (without UK)",0.747067000,""
"Malaria","Confirmed cases","Age standardised rate","N/100000","2013","EUEEAUK_21","EU/EEA (with UK until 2019)",0.992149000,""
"Malaria","Confirmed cases","Age standardised rate","N/100000","2013","FI","Finland",0.757934550,""
"Malaria","Confirmed cases","Age standardised rate","N/100000","2013","FR","France",-,""
"Malaria","Confirmed cases","Age standardised rate","N/100000","2013","HR","Croatia",0.000000000,""
"Malaria","Confirmed cases","Age standardised rate","N/100000","2013","HU","Hungary",0.051714700,""
"Malaria","Confirmed cases","Age standardised rate","N/100000","2013","IE","Ireland",1.487672040,""
"Malaria","Confirmed cases","Age standardised rate","N/100000","2013","IT","Italy",1.159495230,""
"Malaria","Confirmed cases","Age standardised rate","N/100000","2013","LT","Lithuania",0.294810740,""
"Malaria","Confirmed cases","Age standardised rate","N/100000","2013","LU","Luxembourg",0.709453470,""
"Malaria","Confirmed cases","Age standardised rate","N/100000","2013","LV","Latvia",0.203112570,""
"Malaria","Confirmed cases","Age standardised rate","N/100000","2013","MT","Malta",1.137130920,""
"Malaria","Confirmed cases","Age standardised rate","N/100000","2013","NL","Netherlands",1.003551320,""
"Malaria","Confirmed cases","Age standardised rate","N/100000","2013","NO","Norway",1.446257630,""
"Malaria","Confirmed cases","Age standardised rate","N/100000","2013","PL","Poland",0.091396580,""
"Malaria","Confirmed cases","Age standardised rate","N/100000","2013","PT","Portugal",1.113758670,""
"Malaria","Confirmed cases","Age standardised rate","N/100000","2013","RO","Romania",0.212294570,""
"Malaria","Confirmed cases","Age standardised rate","N/100000","2013","SE","Sweden",1.322400500,""
"Malaria","Confirmed cases","Age standardised rate","N/100000","2013","SI","Slovenia",0.133553090,""
"Malaria","Confirmed cases","Age standardised rate","N/100000","2013","SK","Slovakia",0.069684200,""
"Malaria","Confirmed cases","Age standardised rate","N/100000","2013","UK","United Kingdom",2.411342210,""
"Malaria","Confirmed cases","Age standardised rate","N/100000","2014","AT","Austria",0.812918910,""
"Malaria","Confirmed cases","Age standardised rate","N/100000","2014","BE","Belgium",-,""
"Malaria","Confirmed cases","Age standardised rate","N/100000","2014","BG","Bulgaria",0.141737980,""
"Malaria","Confirmed cases","Age standardised rate","N/100000","2014","CY","Cyprus",0.888178620,""
"Malaria","Confirmed cases","Age standardised rate","N/100000","2014","CZ","Czechia",0.284170500,""
"Malaria","Confirmed cases","Age standardised rate","N/100000","2014","DE","Germany",1.369333670,""
"Malaria","Confirmed cases","Age standardised rate","N/100000","2014","DK","Denmark",-,""
"Malaria","Confirmed cases","Age standardised rate","N/100000","2014","EE","Estonia",0.237917340,""
"Malaria","Confirmed cases","Age standardised rate","N/100000","2014","EL","Greece",0.358003000,""
"Malaria","Confirmed cases","Age standardised rate","N/100000","2014","ES","Spain",1.488203690,""
"Malaria","Confirmed cases","Age standardised rate","N/100000","2014","EU27_21","EU (without UK)",1.053112000,""
"Malaria","Confirmed cases","Age standardised rate","N/100000","2014","EU27_UK_21","EU (with UK until 2019)",1.256547000,""
"Malaria","Confirmed cases","Age standardised rate","N/100000","2014","EUEEA30_21","EU/EEA (without UK)",1.070839000,""
"Malaria","Confirmed cases","Age standardised rate","N/100000","2014","EUEEAUK_21","EU/EEA (with UK until 2019)",1.269255000,""
"Malaria","Confirmed cases","Age standardised rate","N/100000","2014","FI","Finland",0.785924670,""
"Malaria","Confirmed cases","Age standardised rate","N/100000","2014","FR","France",-,""
"Malaria","Confirmed cases","Age standardised rate","N/100000","2014","HR","Croatia",0.146133390,""
"Malaria","Confirmed cases","Age standardised rate","N/100000","2014","HU","Hungary",0.153884520,""
"Malaria","Confirmed cases","Age standardised rate","N/100000","2014","IE","Ireland",1.669373460,""
"Malaria","Confirmed cases","Age standardised rate","N/100000","2014","IT","Italy",1.248640750,""
"Malaria","Confirmed cases","Age standardised rate","N/100000","2014","LT","Lithuania",0.152735770,""
"Malaria","Confirmed cases","Age standardised rate","N/100000","2014","LU","Luxembourg",0.523122340,""
"Malaria","Confirmed cases","Age standardised rate","N/100000","2014","LV","Latvia",0.314617150,""
"Malaria","Confirmed cases","Age standardised rate","N/100000","2014","MT","Malta",0.694315130,""
"Malaria","Confirmed cases","Age standardised rate","N/100000","2014","NL","Netherlands",1.705420040,""
"Malaria","Confirmed cases","Age standardised rate","N/100000","2014","NO","Norway",2.337003970,""
"Malaria","Confirmed cases","Age standardised rate","N/100000","2014","PL","Poland",0.048130020,""
"Malaria","Confirmed cases","Age standardised rate","N/100000","2014","PT","Portugal",1.410209070,""
"Malaria","Confirmed cases","Age standardised rate","N/100000","2014","RO","Romania",0.231200180,""
"Malaria","Confirmed cases","Age standardised rate","N/100000","2014","SE","Sweden",3.841407650,""
"Malaria","Confirmed cases","Age standardised rate","N/100000","2014","SI","Slovenia",0.347114070,""
"Malaria","Confirmed cases","Age standardised rate","N/100000","2014","SK","Slovakia",0.089236730,""
"Malaria","Confirmed cases","Age standardised rate","N/100000","2014","UK","United Kingdom",2.410185190,""
"Malaria","Confirmed cases","Age standardised rate","N/100000","2015","AT","Austria",0.963997820,""
"Malaria","Confirmed cases","Age standardised rate","N/100000","2015","BE","Belgium",-,""
"Malaria","Confirmed cases","Age standardised rate","N/100000","2015","BG","Bulgaria",0.310985140,""
"Malaria","Confirmed cases","Age standardised rate","N/100000","2015","CY","Cyprus",0.335641580,""
"Malaria","Confirmed cases","Age standardised rate","N/100000","2015","CZ","Czechia",0.265059540,""
"Malaria","Confirmed cases","Age standardised rate","N/100000","2015","DE","Germany",1.446477310,""
"Malaria","Confirmed cases","Age standardised rate","N/100000","2015","DK","Denmark",1.872829780,""
"Malaria","Confirmed cases","Age standardised rate","N/100000","2015","EE","Estonia",0.313713410,""
"Malaria","Confirmed cases","Age standardised rate","N/100000","2015","EL","Greece",0.854826580,""
"Malaria","Confirmed cases","Age standardised rate","N/100000","2015","ES","Spain",1.534673080,""
"Malaria","Confirmed cases","Age standardised rate","N/100000","2015","EU27_21","EU (without UK)",1.201028000,""
"Malaria","Confirmed cases","Age standardised rate","N/100000","2015","EU27_UK_21","EU (with UK until 2019)",1.354223000,""
"Malaria","Confirmed cases","Age standardised rate","N/100000","2015","EUEEA30_21","EU/EEA (without UK)",1.210011000,""
"Malaria","Confirmed cases","Age standardised rate","N/100000","2015","EUEEAUK_21","EU/EEA (with UK until 2019)",1.360049000,""
"Malaria","Confirmed cases","Age standardised rate","N/100000","2015","FI","Finland",0.779780670,""
"Malaria","Confirmed cases","Age standardised rate","N/100000","2015","FR","France",-,""
"Malaria","Confirmed cases","Age standardised rate","N/100000","2015","HR","Croatia",0.158367100,""
"Malaria","Confirmed cases","Age standardised rate","N/100000","2015","HU","Hungary",0.127714590,""
"Malaria","Confirmed cases","Age standardised rate","N/100000","2015","IE","Ireland",1.755464040,""
"Malaria","Confirmed cases","Age standardised rate","N/100000","2015","IT","Italy",1.260730800,""
"Malaria","Confirmed cases","Age standardised rate","N/100000","2015","LT","Lithuania",0.275945960,""
"Malaria","Confirmed cases","Age standardised rate","N/100000","2015","LU","Luxembourg",0.171990760,""
"Malaria","Confirmed cases","Age standardised rate","N/100000","2015","LV","Latvia",0.059969130,""
"Malaria","Confirmed cases","Age standardised rate","N/100000","2015","MT","Malta",1.600707270,""
"Malaria","Confirmed cases","Age standardised rate","N/100000","2015","NL","Netherlands",4.211391120,""
"Malaria","Confirmed cases","Age standardised rate","N/100000","2015","NO","Norway",1.845129190,""
"Malaria","Confirmed cases","Age standardised rate","N/100000","2015","PL","Poland",0.072769230,""
"Malaria","Confirmed cases","Age standardised rate","N/100000","2015","PT","Portugal",1.925195870,""
"Malaria","Confirmed cases","Age standardised rate","N/100000","2015","RO","Romania",0.147333840,""
"Malaria","Confirmed cases","Age standardised rate","N/100000","2015","SE","Sweden",2.730833740,""
"Malaria","Confirmed cases","Age standardised rate","N/100000","2015","SI","Slovenia",0.231689840,""
"Malaria","Confirmed cases","Age standardised rate","N/100000","2015","SK","Slovakia",0.000000000,""
"Malaria","Confirmed cases","Age standardised rate","N/100000","2015","UK","United Kingdom",2.216960170,""
"Malaria","Confirmed cases","Age standardised rate","N/100000","2016","AT","Austria",0.966451420,""
"Malaria","Confirmed cases","Age standardised rate","N/100000","2016","BE","Belgium",-,""
"Malaria","Confirmed cases","Age standardised rate","N/100000","2016","BG","Bulgaria",0.485532200,""
"Malaria","Confirmed cases","Age standardised rate","N/100000","2016","CY","Cyprus",0.109762120,""
"Malaria","Confirmed cases","Age standardised rate","N/100000","2016","CZ","Czechia",0.356475450,""
"Malaria","Confirmed cases","Age standardised rate","N/100000","2016","DE","Germany",1.259882110,""
"Malaria","Confirmed cases","Age standardised rate","N/100000","2016","DK","Denmark",1.867881730,""
"Malaria","Confirmed cases","Age standardised rate","N/100000","2016","EE","Estonia",0.078203170,""
"Malaria","Confirmed cases","Age standardised rate","N/100000","2016","EL","Greece",1.283625970,""
"Malaria","Confirmed cases","Age standardised rate","N/100000","2016","ES","Spain",1.665790940,""
"Malaria","Confirmed cases","Age standardised rate","N/100000","2016","EU27_21","EU (without UK)",1.058674000,""
"Malaria","Confirmed cases","Age standardised rate","N/100000","2016","EU27_UK_21","EU (with UK until 2019)",1.275393000,""
"Malaria","Confirmed cases","Age standardised rate","N/100000","2016","EUEEA30_21","EU/EEA (without UK)",1.063904000,""
"Malaria","Confirmed cases","Age standardised rate","N/100000","2016","EUEEAUK_21","EU/EEA (with UK until 2019)",1.277090000,""
"Malaria","Confirmed cases","Age standardised rate","N/100000","2016","FI","Finland",0.952143220,""
"Malaria","Confirmed cases","Age standardised rate","N/100000","2016","FR","France",-,""
"Malaria","Confirmed cases","Age standardised rate","N/100000","2016","HR","Croatia",-,""
"Malaria","Confirmed cases","Age standardised rate","N/100000","2016","HU","Hungary",0.183945560,""
"Malaria","Confirmed cases","Age standardised rate","N/100000","2016","IE","Ireland",1.830533510,""
"Malaria","Confirmed cases","Age standardised rate","N/100000","2016","IS","Iceland",0.639104940,""
"Malaria","Confirmed cases","Age standardised rate","N/100000","2016","IT","Italy",-,""
"Malaria","Confirmed cases","Age standardised rate","N/100000","2016","LT","Lithuania",0.099931630,""
"Malaria","Confirmed cases","Age standardised rate","N/100000","2016","LU","Luxembourg",0.896157210,""
"Malaria","Confirmed cases","Age standardised rate","N/100000","2016","LV","Latvia",0.149432990,""
"Malaria","Confirmed cases","Age standardised rate","N/100000","2016","MT","Malta",1.545422340,""
"Malaria","Confirmed cases","Age standardised rate","N/100000","2016","NL","Netherlands",1.504553140,""
"Malaria","Confirmed cases","Age standardised rate","N/100000","2016","NO","Norway",1.458181090,""
"Malaria","Confirmed cases","Age standardised rate","N/100000","2016","PL","Poland",0.096597820,""
"Malaria","Confirmed cases","Age standardised rate","N/100000","2016","PT","Portugal",1.924073580,""
"Malaria","Confirmed cases","Age standardised rate","N/100000","2016","RO","Romania",0.104045920,""
"Malaria","Confirmed cases","Age standardised rate","N/100000","2016","SE","Sweden",1.656954900,""
"Malaria","Confirmed cases","Age standardised rate","N/100000","2016","SI","Slovenia",0.285872050,""
"Malaria","Confirmed cases","Age standardised rate","N/100000","2016","SK","Slovakia",0.071640010,""
"Malaria","Confirmed cases","Age standardised rate","N/100000","2016","UK","United Kingdom",2.488793520,""
"Malaria","Confirmed cases","Age standardised rate","N/100000","2017","AT","Austria",0.923848020,""
"Malaria","Confirmed cases","Age standardised rate","N/100000","2017","BE","Belgium",-,""
"Malaria","Confirmed cases","Age standardised rate","N/100000","2017","BG","Bulgaria",0.125414280,""
"Malaria","Confirmed cases","Age standardised rate","N/100000","2017","CY","Cyprus",0.881990830,""
"Malaria","Confirmed cases","Age standardised rate","N/100000","2017","CZ","Czechia",0.249099630,""
"Malaria","Confirmed cases","Age standardised rate","N/100000","2017","DE","Germany",1.236362710,""
"Malaria","Confirmed cases","Age standardised rate","N/100000","2017","DK","Denmark",1.715128710,""
"Malaria","Confirmed cases","Age standardised rate","N/100000","2017","EE","Estonia",0.151585370,""
"Malaria","Confirmed cases","Age standardised rate","N/100000","2017","EL","Greece",1.130554660,""
"Malaria","Confirmed cases","Age standardised rate","N/100000","2017","ES","Spain",1.820040960,""
"Malaria","Confirmed cases","Age standardised rate","N/100000","2017","EU27_21","EU (without UK)",1.038822000,""
"Malaria","Confirmed cases","Age standardised rate","N/100000","2017","EU27_UK_21","EU (with UK until 2019)",1.311812000,""
"Malaria","Confirmed cases","Age standardised rate","N/100000","2017","EUEEA30_21","EU/EEA (without UK)",1.040732000,""
"Malaria","Confirmed cases","Age standardised rate","N/100000","2017","EUEEAUK_21","EU/EEA (with UK until 2019)",1.309946000,""
"Malaria","Confirmed cases","Age standardised rate","N/100000","2017","FI","Finland",0.731523120,""
"Malaria","Confirmed cases","Age standardised rate","N/100000","2017","FR","France",-,""
"Malaria","Confirmed cases","Age standardised rate","N/100000","2017","HR","Croatia",0.234848750,""
"Malaria","Confirmed cases","Age standardised rate","N/100000","2017","HU","Hungary",0.136446660,""
"Malaria","Confirmed cases","Age standardised rate","N/100000","2017","IE","Ireland",1.622376590,""
"Malaria","Confirmed cases","Age standardised rate","N/100000","2017","IS","Iceland",0.885419910,""
"Malaria","Confirmed cases","Age standardised rate","N/100000","2017","IT","Italy",1.507211810,""
"Malaria","Confirmed cases","Age standardised rate","N/100000","2017","LT","Lithuania",0.209214880,""
"Malaria","Confirmed cases","Age standardised rate","N/100000","2017","LU","Luxembourg",1.786937750,""
"Malaria","Confirmed cases","Age standardised rate","N/100000","2017","LV","Latvia",0.054944390,""
"Malaria","Confirmed cases","Age standardised rate","N/100000","2017","MT","Malta",2.534933010,""
"Malaria","Confirmed cases","Age standardised rate","N/100000","2017","NL","Netherlands",1.250743590,""
"Malaria","Confirmed cases","Age standardised rate","N/100000","2017","NO","Norway",1.183846710,""
"Malaria","Confirmed cases","Age standardised rate","N/100000","2017","PL","Poland",0.069884410,""
"Malaria","Confirmed cases","Age standardised rate","N/100000","2017","PT","Portugal",0.927632010,""
"Malaria","Confirmed cases","Age standardised rate","N/100000","2017","RO","Romania",0.078657070,""
"Malaria","Confirmed cases","Age standardised rate","N/100000","2017","SE","Sweden",1.570733760,""
"Malaria","Confirmed cases","Age standardised rate","N/100000","2017","SI","Slovenia",0.516981430,""
"Malaria","Confirmed cases","Age standardised rate","N/100000","2017","SK","Slovakia",0.000000000,""
"Malaria","Confirmed cases","Age standardised rate","N/100000","2017","UK","United Kingdom",2.831362170,""
"Malaria","Confirmed cases","Age standardised rate","N/100000","2018","AT","Austria",0.716357470,""
"Malaria","Confirmed cases","Age standardised rate","N/100000","2018","BE","Belgium",-,""
"Malaria","Confirmed cases","Age standardised rate","N/100000","2018","BG","Bulgaria",0.126782080,""
"Malaria","Confirmed cases","Age standardised rate","N/100000","2018","CY","Cyprus",0.447573910,""
"Malaria","Confirmed cases","Age standardised rate","N/100000","2018","CZ","Czechia",0.317975010,""
"Malaria","Confirmed cases","Age standardised rate","N/100000","2018","DE","Germany",1.155023540,""
"Malaria","Confirmed cases","Age standardised rate","N/100000","2018","DK","Denmark",1.175321280,""
"Malaria","Confirmed cases","Age standardised rate","N/100000","2018","EE","Estonia",0.230020480,""
"Malaria","Confirmed cases","Age standardised rate","N/100000","2018","EL","Greece",0.562684220,""
"Malaria","Confirmed cases","Age standardised rate","N/100000","2018","ES","Spain",1.917330050,""
"Malaria","Confirmed cases","Age standardised rate","N/100000","2018","EU27_21","EU (without UK)",0.991783000,""
"Malaria","Confirmed cases","Age standardised rate","N/100000","2018","EU27_UK_21","EU (with UK until 2019)",1.237476000,""
"Malaria","Confirmed cases","Age standardised rate","N/100000","2018","EUEEA30_21","EU/EEA (without UK)",0.992327000,""
"Malaria","Confirmed cases","Age standardised rate","N/100000","2018","EUEEAUK_21","EU/EEA (with UK until 2019)",1.234778000,""
"Malaria","Confirmed cases","Age standardised rate","N/100000","2018","FI","Finland",0.665611820,""
"Malaria","Confirmed cases","Age standardised rate","N/100000","2018","FR","France",-,""
"Malaria","Confirmed cases","Age standardised rate","N/100000","2018","HR","Croatia",0.048598850,""
"Malaria","Confirmed cases","Age standardised rate","N/100000","2018","HU","Hungary",0.184908420,""
"Malaria","Confirmed cases","Age standardised rate","N/100000","2018","IE","Ireland",1.226922070,""
"Malaria","Confirmed cases","Age standardised rate","N/100000","2018","IS","Iceland",0.827141110,""
"Malaria","Confirmed cases","Age standardised rate","N/100000","2018","IT","Italy",1.305170760,""
"Malaria","Confirmed cases","Age standardised rate","N/100000","2018","LT","Lithuania",0.203743410,""
"Malaria","Confirmed cases","Age standardised rate","N/100000","2018","LU","Luxembourg",2.037228010,""
"Malaria","Confirmed cases","Age standardised rate","N/100000","2018","LV","Latvia",0.237967770,""
"Malaria","Confirmed cases","Age standardised rate","N/100000","2018","MT","Malta",1.391965490,""
"Malaria","Confirmed cases","Age standardised rate","N/100000","2018","NL","Netherlands",1.529990210,""
"Malaria","Confirmed cases","Age standardised rate","N/100000","2018","NO","Norway",1.040877290,""
"Malaria","Confirmed cases","Age standardised rate","N/100000","2018","PL","Poland",0.071083560,""
"Malaria","Confirmed cases","Age standardised rate","N/100000","2018","PT","Portugal",1.030370050,""
"Malaria","Confirmed cases","Age standardised rate","N/100000","2018","RO","Romania",0.091527440,""
"Malaria","Confirmed cases","Age standardised rate","N/100000","2018","SE","Sweden",1.967123820,""
"Malaria","Confirmed cases","Age standardised rate","N/100000","2018","SI","Slovenia",0.153780390,""
"Malaria","Confirmed cases","Age standardised rate","N/100000","2018","SK","Slovakia",0.054177150,""
"Malaria","Confirmed cases","Age standardised rate","N/100000","2018","UK","United Kingdom",2.597581620,""
"Malaria","Confirmed cases","Age standardised rate","N/100000","2019","AT","Austria",0.832690230,""
"Malaria","Confirmed cases","Age standardised rate","N/100000","2019","BE","Belgium",-,""
"Malaria","Confirmed cases","Age standardised rate","N/100000","2019","BG","Bulgaria",0.152742490,""
"Malaria","Confirmed cases","Age standardised rate","N/100000","2019","CY","Cyprus",0.431276820,""
"Malaria","Confirmed cases","Age standardised rate","N/100000","2019","CZ","Czechia",0.325034710,""
"Malaria","Confirmed cases","Age standardised rate","N/100000","2019","DE","Germany",1.269795070,""
"Malaria","Confirmed cases","Age standardised rate","N/100000","2019","DK","Denmark",1.265509040,""
"Malaria","Confirmed cases","Age standardised rate","N/100000","2019","EE","Estonia",0.230015320,""
"Malaria","Confirmed cases","Age standardised rate","N/100000","2019","EL","Greece",0.419867560,""
"Malaria","Confirmed cases","Age standardised rate","N/100000","2019","ES","Spain",1.725005900,""
"Malaria","Confirmed cases","Age standardised rate","N/100000","2019","EU27_21","EU (without UK)",1.011830000,""
"Malaria","Confirmed cases","Age standardised rate","N/100000","2019","EU27_UK_21","EU (with UK until 2019)",1.262097000,""
"Malaria","Confirmed cases","Age standardised rate","N/100000","2019","EUEEA30_21","EU/EEA (without UK)",1.049096000,""
"Malaria","Confirmed cases","Age standardised rate","N/100000","2019","EUEEAUK_21","EU/EEA (with UK until 2019)",1.290480000,""
"Malaria","Confirmed cases","Age standardised rate","N/100000","2019","FI","Finland",0.956482730,""
"Malaria","Confirmed cases","Age standardised rate","N/100000","2019","FR","France",-,""
"Malaria","Confirmed cases","Age standardised rate","N/100000","2019","HR","Croatia",0.080469570,""
"Malaria","Confirmed cases","Age standardised rate","N/100000","2019","HU","Hungary",0.130552660,""
"Malaria","Confirmed cases","Age standardised rate","N/100000","2019","IE","Ireland",1.632535370,""
"Malaria","Confirmed cases","Age standardised rate","N/100000","2019","IS","Iceland",1.047577910,""
"Malaria","Confirmed cases","Age standardised rate","N/100000","2019","IT","Italy",1.402007730,""
"Malaria","Confirmed cases","Age standardised rate","N/100000","2019","LT","Lithuania",0.275605780,""
"Malaria","Confirmed cases","Age standardised rate","N/100000","2019","LU","Luxembourg",2.075101800,""
"Malaria","Confirmed cases","Age standardised rate","N/100000","2019","LV","Latvia",0.198436620,""
"Malaria","Confirmed cases","Age standardised rate","N/100000","2019","MT","Malta",3.852103980,""
"Malaria","Confirmed cases","Age standardised rate","N/100000","2019","NL","Netherlands",1.069701930,""
"Malaria","Confirmed cases","Age standardised rate","N/100000","2019","NO","Norway",3.618868630,""
"Malaria","Confirmed cases","Age standardised rate","N/100000","2019","PL","Poland",0.061759970,""
"Malaria","Confirmed cases","Age standardised rate","N/100000","2019","PT","Portugal",1.149039910,""
"Malaria","Confirmed cases","Age standardised rate","N/100000","2019","RO","Romania",0.116787130,""
"Malaria","Confirmed cases","Age standardised rate","N/100000","2019","SE","Sweden",2.121924080,""
"Malaria","Confirmed cases","Age standardised rate","N/100000","2019","SI","Slovenia",0.291704950,""
"Malaria","Confirmed cases","Age standardised rate","N/100000","2019","SK","Slovakia",0.108906060,""
"Malaria","Confirmed cases","Age standardised rate","N/100000","2019","UK","United Kingdom",2.641741700,""
"Malaria","Confirmed cases","Age standardised rate","N/100000","2020","AT","Austria",0.300638590,""
"Malaria","Confirmed cases","Age standardised rate","N/100000","2020","BE","Belgium",-,""
"Malaria","Confirmed cases","Age standardised rate","N/100000","2020","BG","Bulgaria",0.084605790,""
"Malaria","Confirmed cases","Age standardised rate","N/100000","2020","CY","Cyprus",0.000000000,""
"Malaria","Confirmed cases","Age standardised rate","N/100000","2020","CZ","Czechia",0.079351870,""
"Malaria","Confirmed cases","Age standardised rate","N/100000","2020","DE","Germany",0.457893780,""
"Malaria","Confirmed cases","Age standardised rate","N/100000","2020","DK","Denmark",0.584286780,""
"Malaria","Confirmed cases","Age standardised rate","N/100000","2020","EE","Estonia",0.072182890,""
"Malaria","Confirmed cases","Age standardised rate","N/100000","2020","EL","Greece",0.227347710,""
"Malaria","Confirmed cases","Age standardised rate","N/100000","2020","ES","Spain",0.464720530,""
"Malaria","Confirmed cases","Age standardised rate","N/100000","2020","EU27_21","EU (without UK)",0.345893000,""
"Malaria","Confirmed cases","Age standardised rate","N/100000","2020","EU27_UK_21","EU (with UK until 2019)",0.345893000,""
"Malaria","Confirmed cases","Age standardised rate","N/100000","2020","EUEEA30_21","EU/EEA (without UK)",0.353700000,""
"Malaria","Confirmed cases","Age standardised rate","N/100000","2020","EUEEAUK_21","EU/EEA (with UK until 2019)",0.353700000,""
"Malaria","Confirmed cases","Age standardised rate","N/100000","2020","FI","Finland",0.998375070,""
"Malaria","Confirmed cases","Age standardised rate","N/100000","2020","FR","France",-,""
"Malaria","Confirmed cases","Age standardised rate","N/100000","2020","HR","Croatia",0.000000000,""
"Malaria","Confirmed cases","Age standardised rate","N/100000","2020","HU","Hungary",0.099314000,""
"Malaria","Confirmed cases","Age standardised rate","N/100000","2020","IE","Ireland",0.305708970,""
"Malaria","Confirmed cases","Age standardised rate","N/100000","2020","IS","Iceland",0.000000000,""
"Malaria","Confirmed cases","Age standardised rate","N/100000","2020","IT","Italy",0.333261920,""
"Malaria","Confirmed cases","Age standardised rate","N/100000","2020","LT","Lithuania",0.000000000,""
"Malaria","Confirmed cases","Age standardised rate","N/100000","2020","LU","Luxembourg",0.772737220,""
"Malaria","Confirmed cases","Age standardised rate","N/100000","2020","LV","Latvia",0.000000000,""
"Malaria","Confirmed cases","Age standardised rate","N/100000","2020","MT","Malta",0.228007740,""
"Malaria","Confirmed cases","Age standardised rate","N/100000","2020","NL","Netherlands",0.402054400,""
"Malaria","Confirmed cases","Age standardised rate","N/100000","2020","NO","Norway",0.913014890,""
"Malaria","Confirmed cases","Age standardised rate","N/100000","2020","PL","Poland",0.021174910,""
"Malaria","Confirmed cases","Age standardised rate","N/100000","2020","PT","Portugal",0.590790470,""
"Malaria","Confirmed cases","Age standardised rate","N/100000","2020","RO","Romania",0.011818530,""
"Malaria","Confirmed cases","Age standardised rate","N/100000","2020","SE","Sweden",1.372639960,""
"Malaria","Confirmed cases","Age standardised rate","N/100000","2020","SI","Slovenia",0.094263810,""
"Malaria","Confirmed cases","Age standardised rate","N/100000","2020","SK","Slovakia",0.035053920,""
"Malaria","Confirmed cases","Age standardised rate","N/100000","2021","AT","Austria",0.431285970,""
"Malaria","Confirmed cases","Age standardised rate","N/100000","2021","BE","Belgium",-,""
"Malaria","Confirmed cases","Age standardised rate","N/100000","2021","BG","Bulgaria",0.144759810,""
"Malaria","Confirmed cases","Age standardised rate","N/100000","2021","CY","Cyprus",0.000000000,""
"Malaria","Confirmed cases","Age standardised rate","N/100000","2021","CZ","Czechia",0.106955390,""
"Malaria","Confirmed cases","Age standardised rate","N/100000","2021","DE","Germany",0.790435800,""
"Malaria","Confirmed cases","Age standardised rate","N/100000","2021","DK","Denmark",0.699730750,""
"Malaria","Confirmed cases","Age standardised rate","N/100000","2021","EE","Estonia",0.224628600,""
"Malaria","Confirmed cases","Age standardised rate","N/100000","2021","EL","Greece",0.323165950,""
"Malaria","Confirmed cases","Age standardised rate","N/100000","2021","ES","Spain",0.957359090,""
"Malaria","Confirmed cases","Age standardised rate","N/100000","2021","EU27_21","EU (without UK)",0.632968000,""
"Malaria","Confirmed cases","Age standardised rate","N/100000","2021","EU27_UK_21","EU (with UK until 2019)",0.632968000,""
"Malaria","Confirmed cases","Age standardised rate","N/100000","2021","EUEEA30_21","EU/EEA (without UK)",0.643480000,""
"Malaria","Confirmed cases","Age standardised rate","N/100000","2021","EUEEAUK_21","EU/EEA (with UK until 2019)",0.643480000,""
"Malaria","Confirmed cases","Age standardised rate","N/100000","2021","FI","Finland",0.761090490,""
"Malaria","Confirmed cases","Age standardised rate","N/100000","2021","FR","France",-,""
"Malaria","Confirmed cases","Age standardised rate","N/100000","2021","HU","Hungary",0.093578930,""
"Malaria","Confirmed cases","Age standardised rate","N/100000","2021","IE","Ireland",0.786721320,""
"Malaria","Confirmed cases","Age standardised rate","N/100000","2021","IS","Iceland",1.925959630,""
"Malaria","Confirmed cases","Age standardised rate","N/100000","2021","IT","Italy",0.854008100,""
"Malaria","Confirmed cases","Age standardised rate","N/100000","2021","LI","Liechtenstein",0.000000000,""
"Malaria","Confirmed cases","Age standardised rate","N/100000","2021","LT","Lithuania",0.091177960,""
"Malaria","Confirmed cases","Age standardised rate","N/100000","2021","LU","Luxembourg",4.241012630,""
"Malaria","Confirmed cases","Age standardised rate","N/100000","2021","LV","Latvia",0.000000000,""
"Malaria","Confirmed cases","Age standardised rate","N/100000","2021","MT","Malta",0.741725260,""
"Malaria","Confirmed cases","Age standardised rate","N/100000","2021","NL","Netherlands",0.890203640,""
"Malaria","Confirmed cases","Age standardised rate","N/100000","2021","NO","Norway",1.267595910,""
"Malaria","Confirmed cases","Age standardised rate","N/100000","2021","PL","Poland",0.039956970,""
"Malaria","Confirmed cases","Age standardised rate","N/100000","2021","PT","Portugal",0.788521140,""
"Malaria","Confirmed cases","Age standardised rate","N/100000","2021","RO","Romania",0.034992840,""
"Malaria","Confirmed cases","Age standardised rate","N/100000","2021","SE","Sweden",1.444729890,""
"Malaria","Confirmed cases","Age standardised rate","N/100000","2021","SI","Slovenia",0.146544240,""
"Malaria","Confirmed cases","Age standardised rate","N/100000","2021","SK","Slovakia",0.087791160,""
"Malaria","Confirmed cases","Age standardised rate","N/100000","2022","AT","Austria",0.863265440,""
"Malaria","Confirmed cases","Age standardised rate","N/100000","2022","BE","Belgium",-,""
"Malaria","Confirmed cases","Age standardised rate","N/100000","2022","BG","Bulgaria",0.074156600,""
"Malaria","Confirmed cases","Age standardised rate","N/100000","2022","CY","Cyprus",0.453425930,""
"Malaria","Confirmed cases","Age standardised rate","N/100000","2022","CZ","Czechia",0.287768930,""
"Malaria","Confirmed cases","Age standardised rate","N/100000","2022","DE","Germany",0.982750730,""
"Malaria","Confirmed cases","Age standardised rate","N/100000","2022","DK","Denmark",1.219789860,""
"Malaria","Confirmed cases","Age standardised rate","N/100000","2022","EE","Estonia",0.305122180,""
"Malaria","Confirmed cases","Age standardised rate","N/100000","2022","EL","Greece",0.322032280,""
"Malaria","Confirmed cases","Age standardised rate","N/100000","2022","ES","Spain",1.361389160,""
"Malaria","Confirmed cases","Age standardised rate","N/100000","2022","EU27_21","EU (without UK)",0.832566000,""
"Malaria","Confirmed cases","Age standardised rate","N/100000","2022","EU27_UK_21","EU (with UK until 2019)",0.832566000,""
"Malaria","Confirmed cases","Age standardised rate","N/100000","2022","EUEEA30_21","EU/EEA (without UK)",0.837484000,""
"Malaria","Confirmed cases","Age standardised rate","N/100000","2022","EUEEAUK_21","EU/EEA (with UK until 2019)",0.837484000,""
"Malaria","Confirmed cases","Age standardised rate","N/100000","2022","FI","Finland",0.945507260,""
"Malaria","Confirmed cases","Age standardised rate","N/100000","2022","FR","France",-,""
"Malaria","Confirmed cases","Age standardised rate","N/100000","2022","HR","Croatia",0.023264870,""
"Malaria","Confirmed cases","Age standardised rate","N/100000","2022","HU","Hungary",0.233449040,""
"Malaria","Confirmed cases","Age standardised rate","N/100000","2022","IE","Ireland",1.006188020,""
"Malaria","Confirmed cases","Age standardised rate","N/100000","2022","IS","Iceland",1.299004900,""
"Malaria","Confirmed cases","Age standardised rate","N/100000","2022","IT","Italy",1.164167730,""
"Malaria","Confirmed cases","Age standardised rate","N/100000","2022","LI","Liechtenstein",2.938375550,""
"Malaria","Confirmed cases","Age standardised rate","N/100000","2022","LT","Lithuania",0.174670700,""
"Malaria","Confirmed cases","Age standardised rate","N/100000","2022","LV","Latvia",0.000000000,""
"Malaria","Confirmed cases","Age standardised rate","N/100000","2022","MT","Malta",0.823879940,""
"Malaria","Confirmed cases","Age standardised rate","N/100000","2022","NL","Netherlands",1.216708350,""
"Malaria","Confirmed cases","Age standardised rate","N/100000","2022","NO","Norway",1.121674240,""
"Malaria","Confirmed cases","Age standardised rate","N/100000","2022","PL","Poland",0.068745950,""
"Malaria","Confirmed cases","Age standardised rate","N/100000","2022","PT","Portugal",0.831345840,""
"Malaria","Confirmed cases","Age standardised rate","N/100000","2022","RO","Romania",0.139206300,""
"Malaria","Confirmed cases","Age standardised rate","N/100000","2022","SE","Sweden",1.583829820,""
"Malaria","Confirmed cases","Age standardised rate","N/100000","2022","SI","Slovenia",0.431426460,""
"Malaria","Confirmed cases","Age standardised rate","N/100000","2022","SK","Slovakia",0.040770880,""
"Malaria","Confirmed cases","Age standardised rate","N/100000","2023","AT","Austria",1.103958810,""
"Malaria","Confirmed cases","Age standardised rate","N/100000","2023","BE","Belgium",-,""
"Malaria","Confirmed cases","Age standardised rate","N/100000","2023","BG","Bulgaria",0.147336080,""
"Malaria","Confirmed cases","Age standardised rate","N/100000","2023","CY","Cyprus",0.428377900,""
"Malaria","Confirmed cases","Age standardised rate","N/100000","2023","CZ","Czechia",0.382707110,""
"Malaria","Confirmed cases","Age standardised rate","N/100000","2023","DE","Germany",1.272043580,""
"Malaria","Confirmed cases","Age standardised rate","N/100000","2023","DK","Denmark",1.271343250,""
"Malaria","Confirmed cases","Age standardised rate","N/100000","2023","EE","Estonia",0.078515840,""
"Malaria","Confirmed cases","Age standardised rate","N/100000","2023","EL","Greece",0.335652200,""
"Malaria","Confirmed cases","Age standardised rate","N/100000","2023","ES","Spain",1.789531750,""
"Malaria","Confirmed cases","Age standardised rate","N/100000","2023","EU27_21","EU (without UK)",1.090235000,""
"Malaria","Confirmed cases","Age standardised rate","N/100000","2023","EU27_UK_21","EU (with UK until 2019)",1.090235000,""
"Malaria","Confirmed cases","Age standardised rate","N/100000","2023","EUEEA30_21","EU/EEA (without UK)",1.093072000,""
"Malaria","Confirmed cases","Age standardised rate","N/100000","2023","EUEEAUK_21","EU/EEA (with UK until 2019)",1.093072000,""
"Malaria","Confirmed cases","Age standardised rate","N/100000","2023","FI","Finland",1.030169610,""
"Malaria","Confirmed cases","Age standardised rate","N/100000","2023","FR","France",-,""
"Malaria","Confirmed cases","Age standardised rate","N/100000","2023","HR","Croatia",0.167858850,""
"Malaria","Confirmed cases","Age standardised rate","N/100000","2023","HU","Hungary",0.231532440,""
"Malaria","Confirmed cases","Age standardised rate","N/100000","2023","IE","Ireland",1.708605010,""
"Malaria","Confirmed cases","Age standardised rate","N/100000","2023","IS","Iceland",1.830134760,""
"Malaria","Confirmed cases","Age standardised rate","N/100000","2023","IT","Italy",1.546605510,""
"Malaria","Confirmed cases","Age standardised rate","N/100000","2023","LI","Liechtenstein",0.000000000,""
"Malaria","Confirmed cases","Age standardised rate","N/100000","2023","LT","Lithuania",0.391365800,""
"Malaria","Confirmed cases","Age standardised rate","N/100000","2023","LU","Luxembourg",5.688177360,""
"Malaria","Confirmed cases","Age standardised rate","N/100000","2023","LV","Latvia",0.169172030,""
"Malaria","Confirmed cases","Age standardised rate","N/100000","2023","MT","Malta",3.148271410,""
"Malaria","Confirmed cases","Age standardised rate","N/100000","2023","NL","Netherlands",1.444993890,""
"Malaria","Confirmed cases","Age standardised rate","N/100000","2023","NO","Norway",1.238982390,""
"Malaria","Confirmed cases","Age standardised rate","N/100000","2023","PL","Poland",0.125664770,""
"Malaria","Confirmed cases","Age standardised rate","N/100000","2023","PT","Portugal",1.476645940,""
"Malaria","Confirmed cases","Age standardised rate","N/100000","2023","RO","Romania",0.184144850,""
"Malaria","Confirmed cases","Age standardised rate","N/100000","2023","SE","Sweden",1.437360430,""
"Malaria","Confirmed cases","Age standardised rate","N/100000","2023","SI","Slovenia",0.566549050,""
"Malaria","Confirmed cases","Age standardised rate","N/100000","2023","SK","Slovakia",0.166417040,""
"Malaria","Confirmed cases","Age standardised rate","N/100000","2024","AT","Austria",0.886610220,""
"Malaria","Confirmed cases","Age standardised rate","N/100000","2024","BE","Belgium",-,""
"Malaria","Confirmed cases","Age standardised rate","N/100000","2024","BG","Bulgaria",0.312735070,""
"Malaria","Confirmed cases","Age standardised rate","N/100000","2024","CY","Cyprus",0.399173990,""
"Malaria","Confirmed cases","Age standardised rate","N/100000","2024","CZ","Czechia",0.368838620,""
"Malaria","Confirmed cases","Age standardised rate","N/100000","2024","DE","Germany",1.199630960,""
"Malaria","Confirmed cases","Age standardised rate","N/100000","2024","DK","Denmark",1.094705870,""
"Malaria","Confirmed cases","Age standardised rate","N/100000","2024","EE","Estonia",0.446043920,""
"Malaria","Confirmed cases","Age standardised rate","N/100000","2024","EL","Greece",0.372714920,""
"Malaria","Confirmed cases","Age standardised rate","N/100000","2024","ES","Spain",1.599144290,""
"Malaria","Confirmed cases","Age standardised rate","N/100000","2024","EU27_21","EU (without UK)",1.020987000,""
"Malaria","Confirmed cases","Age standardised rate","N/100000","2024","EU27_UK_21","EU (with UK until 2019)",1.020987000,""
"Malaria","Confirmed cases","Age standardised rate","N/100000","2024","EUEEA30_21","EU/EEA (without UK)",1.025405000,""
"Malaria","Confirmed cases","Age standardised rate","N/100000","2024","EUEEAUK_21","EU/EEA (with UK until 2019)",1.025405000,""
"Malaria","Confirmed cases","Age standardised rate","N/100000","2024","FI","Finland",0.677429830,""
"Malaria","Confirmed cases","Age standardised rate","N/100000","2024","FR","France",-,""
"Malaria","Confirmed cases","Age standardised rate","N/100000","2024","HR","Croatia",-,""
"Malaria","Confirmed cases","Age standardised rate","N/100000","2024","HU","Hungary",0.156538360,""
"Malaria","Confirmed cases","Age standardised rate","N/100000","2024","IE","Ireland",1.468229040,""
"Malaria","Confirmed cases","Age standardised rate","N/100000","2024","IS","Iceland",1.043179050,""
"Malaria","Confirmed cases","Age standardised rate","N/100000","2024","IT","Italy",1.700261590,""
"Malaria","Confirmed cases","Age standardised rate","N/100000","2024","LI","Liechtenstein",2.041432520,""
"Malaria","Confirmed cases","Age standardised rate","N/100000","2024","LT","Lithuania",0.351870360,""
"Malaria","Confirmed cases","Age standardised rate","N/100000","2024","LU","Luxembourg",6.367874570,""
"Malaria","Confirmed cases","Age standardised rate","N/100000","2024","MT","Malta",2.277061020,""
"Malaria","Confirmed cases","Age standardised rate","N/100000","2024","NL","Netherlands",1.152586800,""
"Malaria","Confirmed cases","Age standardised rate","N/100000","2024","NO","Norway",1.309089410,""
"Malaria","Confirmed cases","Age standardised rate","N/100000","2024","PL","Poland",0.121130580,""
"Malaria","Confirmed cases","Age standardised rate","N/100000","2024","PT","Portugal",0.674264640,""
"Malaria","Confirmed cases","Age standardised rate","N/100000","2024","RO","Romania",0.252798700,""
"Malaria","Confirmed cases","Age standardised rate","N/100000","2024","SE","Sweden",1.204507600,""
"Malaria","Confirmed cases","Age standardised rate","N/100000","2024","SI","Slovenia",0.460534340,""
"Malaria","Confirmed cases","Age standardised rate","N/100000","2024","SK","Slovakia",0.116889720,""
"Malaria","Confirmed cases","Notification rate","N/100000","2008","AT","Austria",0.686086600,""
"Malaria","Confirmed cases","Notification rate","N/100000","2008","BE","Belgium",0.000000000,""
"Malaria","Confirmed cases","Notification rate","N/100000","2008","BG","Bulgaria",0.000000000,""
"Malaria","Confirmed cases","Notification rate","N/100000","2008","CY","Cyprus",0.000000000,""
"Malaria","Confirmed cases","Notification rate","N/100000","2008","CZ","Czechia",0.212695560,""
"Malaria","Confirmed cases","Notification rate","N/100000","2008","DE","Germany",0.000000000,""
"Malaria","Confirmed cases","Notification rate","N/100000","2008","EE","Estonia",0.000000000,""
"Malaria","Confirmed cases","Notification rate","N/100000","2008","EL","Greece",0.343551360,""
"Malaria","Confirmed cases","Notification rate","N/100000","2008","ES","Spain",0.635004890,""
"Malaria","Confirmed cases","Notification rate","N/100000","2008","EU27_21","EU (without UK)",0.879831000,""
"Malaria","Confirmed cases","Notification rate","N/100000","2008","EU27_UK_21","EU (with UK until 2019)",1.048775000,""
"Malaria","Confirmed cases","Notification rate","N/100000","2008","EUEEA30_21","EU/EEA (without UK)",0.877601000,""
"Malaria","Confirmed cases","Notification rate","N/100000","2008","EUEEAUK_21","EU/EEA (with UK until 2019)",1.045207000,""
"Malaria","Confirmed cases","Notification rate","N/100000","2008","FI","Finland",0.792380460,""
"Malaria","Confirmed cases","Notification rate","N/100000","2008","FR","France",3.508980620,""
"Malaria","Confirmed cases","Notification rate","N/100000","2008","HU","Hungary",0.049774020,""
"Malaria","Confirmed cases","Notification rate","N/100000","2008","IE","Ireland",1.839486820,""
"Malaria","Confirmed cases","Notification rate","N/100000","2008","IT","Italy",0.988105960,""
"Malaria","Confirmed cases","Notification rate","N/100000","2008","LT","Lithuania",0.093382160,""
"Malaria","Confirmed cases","Notification rate","N/100000","2008","LU","Luxembourg",0.413394810,""
"Malaria","Confirmed cases","Notification rate","N/100000","2008","LV","Latvia",0.091248780,""
"Malaria","Confirmed cases","Notification rate","N/100000","2008","MT","Malta",0.735597010,""
"Malaria","Confirmed cases","Notification rate","N/100000","2008","NL","Netherlands",1.395881920,""
"Malaria","Confirmed cases","Notification rate","N/100000","2008","NO","Norway",0.675508650,""
"Malaria","Confirmed cases","Notification rate","N/100000","2008","PL","Poland",0.057719080,""
"Malaria","Confirmed cases","Notification rate","N/100000","2008","PT","Portugal",0.397978300,""
"Malaria","Confirmed cases","Notification rate","N/100000","2008","RO","Romania",0.062998350,""
"Malaria","Confirmed cases","Notification rate","N/100000","2008","SE","Sweden",0.990969430,""
"Malaria","Confirmed cases","Notification rate","N/100000","2008","SI","Slovenia",0.149233750,""
"Malaria","Confirmed cases","Notification rate","N/100000","2008","SK","Slovakia",0.037201930,""
"Malaria","Confirmed cases","Notification rate","N/100000","2008","UK","United Kingdom",2.226674230,""
"Malaria","Confirmed cases","Notification rate","N/100000","2009","AT","Austria",0.527894230,""
"Malaria","Confirmed cases","Notification rate","N/100000","2009","BE","Belgium",-,""
"Malaria","Confirmed cases","Notification rate","N/100000","2009","BG","Bulgaria",0.107136360,""
"Malaria","Confirmed cases","Notification rate","N/100000","2009","CY","Cyprus",0.125481530,""
"Malaria","Confirmed cases","Notification rate","N/100000","2009","CZ","Czechia",0.095916050,""
"Malaria","Confirmed cases","Notification rate","N/100000","2009","DE","Germany",0.000000000,""
"Malaria","Confirmed cases","Notification rate","N/100000","2009","EE","Estonia",0.299459470,""
"Malaria","Confirmed cases","Notification rate","N/100000","2009","EL","Greece",0.459677080,""
"Malaria","Confirmed cases","Notification rate","N/100000","2009","ES","Spain",0.769908290,""
"Malaria","Confirmed cases","Notification rate","N/100000","2009","EU27_21","EU (without UK)",0.466328000,""
"Malaria","Confirmed cases","Notification rate","N/100000","2009","EU27_UK_21","EU (with UK until 2019)",0.755054000,""
"Malaria","Confirmed cases","Notification rate","N/100000","2009","EUEEA30_21","EU/EEA (without UK)",0.469553000,""
"Malaria","Confirmed cases","Notification rate","N/100000","2009","EUEEAUK_21","EU/EEA (with UK until 2019)",0.754525000,""
"Malaria","Confirmed cases","Notification rate","N/100000","2009","FI","Finland",0.638340130,""
"Malaria","Confirmed cases","Notification rate","N/100000","2009","FR","France",-,""
"Malaria","Confirmed cases","Notification rate","N/100000","2009","HU","Hungary",0.079752960,""
"Malaria","Confirmed cases","Notification rate","N/100000","2009","IE","Ireland",1.990568240,""
"Malaria","Confirmed cases","Notification rate","N/100000","2009","IT","Italy",1.070336020,""
"Malaria","Confirmed cases","Notification rate","N/100000","2009","LT","Lithuania",0.094225360,""
"Malaria","Confirmed cases","Notification rate","N/100000","2009","LU","Luxembourg",0.607902730,""
"Malaria","Confirmed cases","Notification rate","N/100000","2009","LV","Latvia",0.277413800,""
"Malaria","Confirmed cases","Notification rate","N/100000","2009","MT","Malta",0.243352810,""
"Malaria","Confirmed cases","Notification rate","N/100000","2009","NL","Netherlands",1.437601970,""
"Malaria","Confirmed cases","Notification rate","N/100000","2009","NO","Norway",0.708443730,""
"Malaria","Confirmed cases","Notification rate","N/100000","2009","PL","Poland",0.057688460,""
"Malaria","Confirmed cases","Notification rate","N/100000","2009","PT","Portugal",0.416547770,""
"Malaria","Confirmed cases","Notification rate","N/100000","2009","RO","Romania",0.058707580,""
"Malaria","Confirmed cases","Notification rate","N/100000","2009","SE","Sweden",0.875075230,""
"Malaria","Confirmed cases","Notification rate","N/100000","2009","SI","Slovenia",0.344426820,""
"Malaria","Confirmed cases","Notification rate","N/100000","2009","SK","Slovakia",0.000000000,""
"Malaria","Confirmed cases","Notification rate","N/100000","2009","UK","United Kingdom",2.409644650,""
"Malaria","Confirmed cases","Notification rate","N/100000","2010","AT","Austria",0.574737210,""
"Malaria","Confirmed cases","Notification rate","N/100000","2010","BE","Belgium",0.009225170,""
"Malaria","Confirmed cases","Notification rate","N/100000","2010","BG","Bulgaria",0.067369410,""
"Malaria","Confirmed cases","Notification rate","N/100000","2010","CY","Cyprus",0.122079250,""
"Malaria","Confirmed cases","Notification rate","N/100000","2010","CZ","Czechia",0.105141530,""
"Malaria","Confirmed cases","Notification rate","N/100000","2010","DE","Germany",0.000000000,""
"Malaria","Confirmed cases","Notification rate","N/100000","2010","EE","Estonia",0.075002430,""
"Malaria","Confirmed cases","Notification rate","N/100000","2010","EL","Greece",0.395708750,""
"Malaria","Confirmed cases","Notification rate","N/100000","2010","ES","Spain",0.755055980,""
"Malaria","Confirmed cases","Notification rate","N/100000","2010","EU27_21","EU (without UK)",0.485457000,""
"Malaria","Confirmed cases","Notification rate","N/100000","2010","EU27_UK_21","EU (with UK until 2019)",0.825072000,""
"Malaria","Confirmed cases","Notification rate","N/100000","2010","EUEEA30_21","EU/EEA (without UK)",0.489068000,""
"Malaria","Confirmed cases","Notification rate","N/100000","2010","EUEEAUK_21","EU/EEA (with UK until 2019)",0.824362000,""
"Malaria","Confirmed cases","Notification rate","N/100000","2010","FI","Finland",0.616657940,""
"Malaria","Confirmed cases","Notification rate","N/100000","2010","FR","France",-,""
"Malaria","Confirmed cases","Notification rate","N/100000","2010","HU","Hungary",0.049928480,""
"Malaria","Confirmed cases","Notification rate","N/100000","2010","IE","Ireland",1.802424390,""
"Malaria","Confirmed cases","Notification rate","N/100000","2010","IT","Italy",1.169368910,""
"Malaria","Confirmed cases","Notification rate","N/100000","2010","LT","Lithuania",0.095481310,""
"Malaria","Confirmed cases","Notification rate","N/100000","2010","LU","Luxembourg",2.390124000,""
"Malaria","Confirmed cases","Notification rate","N/100000","2010","LV","Latvia",0.235793000,""
"Malaria","Confirmed cases","Notification rate","N/100000","2010","MT","Malta",0.000000000,""
"Malaria","Confirmed cases","Notification rate","N/100000","2010","NL","Netherlands",1.490197060,""
"Malaria","Confirmed cases","Notification rate","N/100000","2010","NO","Norway",0.761599100,""
"Malaria","Confirmed cases","Notification rate","N/100000","2010","PL","Poland",0.092049860,""
"Malaria","Confirmed cases","Notification rate","N/100000","2010","PT","Portugal",0.472881250,""
"Malaria","Confirmed cases","Notification rate","N/100000","2010","RO","Romania",0.093620580,""
"Malaria","Confirmed cases","Notification rate","N/100000","2010","SE","Sweden",1.263291050,""
"Malaria","Confirmed cases","Notification rate","N/100000","2010","SI","Slovenia",0.439672960,""
"Malaria","Confirmed cases","Notification rate","N/100000","2010","SK","Slovakia",0.037102920,""
"Malaria","Confirmed cases","Notification rate","N/100000","2010","UK","United Kingdom",2.817140370,""
"Malaria","Confirmed cases","Notification rate","N/100000","2011","AT","Austria",0.083580450,""
"Malaria","Confirmed cases","Notification rate","N/100000","2011","BE","Belgium",1.672630260,""
"Malaria","Confirmed cases","Notification rate","N/100000","2011","BG","Bulgaria",0.108556540,""
"Malaria","Confirmed cases","Notification rate","N/100000","2011","CY","Cyprus",0.714497510,""
"Malaria","Confirmed cases","Notification rate","N/100000","2011","CZ","Czechia",0.267004080,""
"Malaria","Confirmed cases","Notification rate","N/100000","2011","DE","Germany",0.701801920,""
"Malaria","Confirmed cases","Notification rate","N/100000","2011","DK","Denmark",1.330784940,""
"Malaria","Confirmed cases","Notification rate","N/100000","2011","EE","Estonia",0.075207190,""
"Malaria","Confirmed cases","Notification rate","N/100000","2011","EL","Greece",0.827085830,""
"Malaria","Confirmed cases","Notification rate","N/100000","2011","ES","Spain",0.867847700,""
"Malaria","Confirmed cases","Notification rate","N/100000","2011","EU27_21","EU (without UK)",0.716483000,""
"Malaria","Confirmed cases","Notification rate","N/100000","2011","EU27_UK_21","EU (with UK until 2019)",0.998664000,""
"Malaria","Confirmed cases","Notification rate","N/100000","2011","EUEEA30_21","EU/EEA (without UK)",0.715087000,""
"Malaria","Confirmed cases","Notification rate","N/100000","2011","EUEEAUK_21","EU/EEA (with UK until 2019)",0.994306000,""
"Malaria","Confirmed cases","Notification rate","N/100000","2011","FI","Finland",0.613921960,""
"Malaria","Confirmed cases","Notification rate","N/100000","2011","FR","France",-,""
"Malaria","Confirmed cases","Notification rate","N/100000","2011","HU","Hungary",0.100142980,""
"Malaria","Confirmed cases","Notification rate","N/100000","2011","IE","Ireland",1.334534850,""
"Malaria","Confirmed cases","Notification rate","N/100000","2011","IT","Italy",1.169337070,""
"Malaria","Confirmed cases","Notification rate","N/100000","2011","LT","Lithuania",0.098277260,""
"Malaria","Confirmed cases","Notification rate","N/100000","2011","LU","Luxembourg",0.586120660,""
"Malaria","Confirmed cases","Notification rate","N/100000","2011","LV","Latvia",0.192807780,""
"Malaria","Confirmed cases","Notification rate","N/100000","2011","MT","Malta",0.240970240,""
"Malaria","Confirmed cases","Notification rate","N/100000","2011","NL","Netherlands",1.518990470,""
"Malaria","Confirmed cases","Notification rate","N/100000","2011","NO","Norway",0.609718290,""
"Malaria","Confirmed cases","Notification rate","N/100000","2011","PL","Poland",0.036781390,""
"Malaria","Confirmed cases","Notification rate","N/100000","2011","PT","Portugal",0.633706300,""
"Malaria","Confirmed cases","Notification rate","N/100000","2011","RO","Romania",0.198029020,""
"Malaria","Confirmed cases","Notification rate","N/100000","2011","SE","Sweden",1.008967060,""
"Malaria","Confirmed cases","Notification rate","N/100000","2011","SI","Slovenia",0.292655940,""
"Malaria","Confirmed cases","Notification rate","N/100000","2011","SK","Slovakia",0.018544460,""
"Malaria","Confirmed cases","Notification rate","N/100000","2011","UK","United Kingdom",2.660953060,""
"Malaria","Confirmed cases","Notification rate","N/100000","2012","AT","Austria",0.333011380,""
"Malaria","Confirmed cases","Notification rate","N/100000","2012","BE","Belgium",-,""
"Malaria","Confirmed cases","Notification rate","N/100000","2012","BG","Bulgaria",0.218363730,""
"Malaria","Confirmed cases","Notification rate","N/100000","2012","CY","Cyprus",0.116007800,""
"Malaria","Confirmed cases","Notification rate","N/100000","2012","CZ","Czechia",0.237971830,""
"Malaria","Confirmed cases","Notification rate","N/100000","2012","DE","Germany",0.685938500,""
"Malaria","Confirmed cases","Notification rate","N/100000","2012","DK","Denmark",1.200605820,""
"Malaria","Confirmed cases","Notification rate","N/100000","2012","EE","Estonia",0.452756030,""
"Malaria","Confirmed cases","Notification rate","N/100000","2012","EL","Greece",0.856905290,""
"Malaria","Confirmed cases","Notification rate","N/100000","2012","ES","Spain",0.899222580,""
"Malaria","Confirmed cases","Notification rate","N/100000","2012","EU27_21","EU (without UK)",0.664515000,""
"Malaria","Confirmed cases","Notification rate","N/100000","2012","EU27_UK_21","EU (with UK until 2019)",0.887675000,""
"Malaria","Confirmed cases","Notification rate","N/100000","2012","EUEEA30_21","EU/EEA (without UK)",0.665561000,""
"Malaria","Confirmed cases","Notification rate","N/100000","2012","EUEEAUK_21","EU/EEA (with UK until 2019)",0.886000000,""
"Malaria","Confirmed cases","Notification rate","N/100000","2012","FI","Finland",0.851652020,""
"Malaria","Confirmed cases","Notification rate","N/100000","2012","FR","France",-,""
"Malaria","Confirmed cases","Notification rate","N/100000","2012","HR","Croatia",0.537887880,""
"Malaria","Confirmed cases","Notification rate","N/100000","2012","HU","Hungary",0.050342700,""
"Malaria","Confirmed cases","Notification rate","N/100000","2012","IE","Ireland",1.416342010,""
"Malaria","Confirmed cases","Notification rate","N/100000","2012","IT","Italy",1.068127480,""
"Malaria","Confirmed cases","Notification rate","N/100000","2012","LT","Lithuania",0.199757560,""
"Malaria","Confirmed cases","Notification rate","N/100000","2012","LU","Luxembourg",1.333706770,""
"Malaria","Confirmed cases","Notification rate","N/100000","2012","LV","Latvia",0.146712680,""
"Malaria","Confirmed cases","Notification rate","N/100000","2012","MT","Malta",0.478989140,""
"Malaria","Confirmed cases","Notification rate","N/100000","2012","NL","Netherlands",1.159569420,""
"Malaria","Confirmed cases","Notification rate","N/100000","2012","NO","Norway",0.742097160,""
"Malaria","Confirmed cases","Notification rate","N/100000","2012","PL","Poland",0.055170540,""
"Malaria","Confirmed cases","Notification rate","N/100000","2012","PT","Portugal",0.672415340,""
"Malaria","Confirmed cases","Notification rate","N/100000","2012","RO","Romania",0.159235700,""
"Malaria","Confirmed cases","Notification rate","N/100000","2012","SE","Sweden",0.896354520,""
"Malaria","Confirmed cases","Notification rate","N/100000","2012","SI","Slovenia",0.340550400,""
"Malaria","Confirmed cases","Notification rate","N/100000","2012","SK","Slovakia",0.111022250,""
"Malaria","Confirmed cases","Notification rate","N/100000","2012","UK","United Kingdom",2.170246610,""
"Malaria","Confirmed cases","Notification rate","N/100000","2013","AT","Austria",0.496932030,""
"Malaria","Confirmed cases","Notification rate","N/100000","2013","BE","Belgium",-,""
"Malaria","Confirmed cases","Notification rate","N/100000","2013","BG","Bulgaria",0.111071680,""
"Malaria","Confirmed cases","Notification rate","N/100000","2013","CY","Cyprus",0.346469130,""
"Malaria","Confirmed cases","Notification rate","N/100000","2013","CZ","Czechia",0.256748560,""
"Malaria","Confirmed cases","Notification rate","N/100000","2013","DE","Germany",0.792312860,""
"Malaria","Confirmed cases","Notification rate","N/100000","2013","DK","Denmark",1.124472300,""
"Malaria","Confirmed cases","Notification rate","N/100000","2013","EE","Estonia",0.227242770,""
"Malaria","Confirmed cases","Notification rate","N/100000","2013","EL","Greece",0.227198060,""
"Malaria","Confirmed cases","Notification rate","N/100000","2013","ES","Spain",1.108907330,""
"Malaria","Confirmed cases","Notification rate","N/100000","2013","EU27_21","EU (without UK)",0.718621000,""
"Malaria","Confirmed cases","Notification rate","N/100000","2013","EU27_UK_21","EU (with UK until 2019)",0.961507000,""
"Malaria","Confirmed cases","Notification rate","N/100000","2013","EUEEA30_21","EU/EEA (without UK)",0.728268000,""
"Malaria","Confirmed cases","Notification rate","N/100000","2013","EUEEAUK_21","EU/EEA (with UK until 2019)",0.966906000,""
"Malaria","Confirmed cases","Notification rate","N/100000","2013","FI","Finland",0.700244750,""
"Malaria","Confirmed cases","Notification rate","N/100000","2013","FR","France",-,""
"Malaria","Confirmed cases","Notification rate","N/100000","2013","HR","Croatia",0.000000000,""
"Malaria","Confirmed cases","Notification rate","N/100000","2013","HU","Hungary",0.050529290,""
"Malaria","Confirmed cases","Notification rate","N/100000","2013","IE","Ireland",1.540203980,""
"Malaria","Confirmed cases","Notification rate","N/100000","2013","IT","Italy",1.123142370,""
"Malaria","Confirmed cases","Notification rate","N/100000","2013","LT","Lithuania",0.268940370,""
"Malaria","Confirmed cases","Notification rate","N/100000","2013","LU","Luxembourg",0.744824860,""
"Malaria","Confirmed cases","Notification rate","N/100000","2013","LV","Latvia",0.197645540,""
"Malaria","Confirmed cases","Notification rate","N/100000","2013","MT","Malta",1.186340940,""
"Malaria","Confirmed cases","Notification rate","N/100000","2013","NL","Netherlands",0.965459490,""
"Malaria","Confirmed cases","Notification rate","N/100000","2013","NO","Norway",1.425382700,""
"Malaria","Confirmed cases","Notification rate","N/100000","2013","PL","Poland",0.094581190,""
"Malaria","Confirmed cases","Notification rate","N/100000","2013","PT","Portugal",1.113873150,""
"Malaria","Confirmed cases","Notification rate","N/100000","2013","RO","Romania",0.214784420,""
"Malaria","Confirmed cases","Notification rate","N/100000","2013","SE","Sweden",1.245304860,""
"Malaria","Confirmed cases","Notification rate","N/100000","2013","SI","Slovenia",0.145714460,""
"Malaria","Confirmed cases","Notification rate","N/100000","2013","SK","Slovakia",0.073925720,""
"Malaria","Confirmed cases","Notification rate","N/100000","2013","UK","United Kingdom",2.348786420,""
"Malaria","Confirmed cases","Notification rate","N/100000","2014","AT","Austria",0.799267870,""
"Malaria","Confirmed cases","Notification rate","N/100000","2014","BE","Belgium",-,""
"Malaria","Confirmed cases","Notification rate","N/100000","2014","BG","Bulgaria",0.140499690,""
"Malaria","Confirmed cases","Notification rate","N/100000","2014","CY","Cyprus",0.930197940,""
"Malaria","Confirmed cases","Notification rate","N/100000","2014","CZ","Czechia",0.285376750,""
"Malaria","Confirmed cases","Notification rate","N/100000","2014","DE","Germany",1.246789190,""
"Malaria","Confirmed cases","Notification rate","N/100000","2014","DK","Denmark",1.812613120,""
"Malaria","Confirmed cases","Notification rate","N/100000","2014","EE","Estonia",0.227994880,""
"Malaria","Confirmed cases","Notification rate","N/100000","2014","EL","Greece",0.347768560,""
"Malaria","Confirmed cases","Notification rate","N/100000","2014","ES","Spain",1.479705320,""
"Malaria","Confirmed cases","Notification rate","N/100000","2014","EU27_21","EU (without UK)",1.004874000,""
"Malaria","Confirmed cases","Notification rate","N/100000","2014","EU27_UK_21","EU (with UK until 2019)",1.205993000,""
"Malaria","Confirmed cases","Notification rate","N/100000","2014","EUEEA30_21","EU/EEA (without UK)",1.023429000,""
"Malaria","Confirmed cases","Notification rate","N/100000","2014","EUEEAUK_21","EU/EEA (with UK until 2019)",1.219434000,""
"Malaria","Confirmed cases","Notification rate","N/100000","2014","FI","Finland",0.715429610,""
"Malaria","Confirmed cases","Notification rate","N/100000","2014","FR","France",-,""
"Malaria","Confirmed cases","Notification rate","N/100000","2014","HR","Croatia",0.142259920,""
"Malaria","Confirmed cases","Notification rate","N/100000","2014","HU","Hungary",0.152280900,""
"Malaria","Confirmed cases","Notification rate","N/100000","2014","IE","Ireland",1.703374750,""
"Malaria","Confirmed cases","Notification rate","N/100000","2014","IT","Italy",1.168264620,""
"Malaria","Confirmed cases","Notification rate","N/100000","2014","LT","Lithuania",0.169614450,""
"Malaria","Confirmed cases","Notification rate","N/100000","2014","LU","Luxembourg",0.545772080,""
"Malaria","Confirmed cases","Notification rate","N/100000","2014","LV","Latvia",0.299779960,""
"Malaria","Confirmed cases","Notification rate","N/100000","2014","MT","Malta",0.700679190,""
"Malaria","Confirmed cases","Notification rate","N/100000","2014","NL","Netherlands",1.639997980,""
"Malaria","Confirmed cases","Notification rate","N/100000","2014","NO","Norway",2.348770490,""
"Malaria","Confirmed cases","Notification rate","N/100000","2014","PL","Poland",0.049976510,""
"Malaria","Confirmed cases","Notification rate","N/100000","2014","PT","Portugal",1.378769930,""
"Malaria","Confirmed cases","Notification rate","N/100000","2014","RO","Romania",0.235620730,""
"Malaria","Confirmed cases","Notification rate","N/100000","2014","SE","Sweden",3.670347240,""
"Malaria","Confirmed cases","Notification rate","N/100000","2014","SI","Slovenia",0.339626940,""
"Malaria","Confirmed cases","Notification rate","N/100000","2014","SK","Slovakia",0.092319920,""
"Malaria","Confirmed cases","Notification rate","N/100000","2014","UK","United Kingdom",2.346498470,""
"Malaria","Confirmed cases","Notification rate","N/100000","2015","AT","Austria",0.943514240,""
"Malaria","Confirmed cases","Notification rate","N/100000","2015","BE","Belgium",-,""
"Malaria","Confirmed cases","Notification rate","N/100000","2015","BG","Bulgaria",0.284507560,""
"Malaria","Confirmed cases","Notification rate","N/100000","2015","CY","Cyprus",0.348494380,""
"Malaria","Confirmed cases","Notification rate","N/100000","2015","CZ","Czechia",0.275187350,""
"Malaria","Confirmed cases","Notification rate","N/100000","2015","DE","Germany",1.306689880,""
"Malaria","Confirmed cases","Notification rate","N/100000","2015","DK","Denmark",1.784542150,""
"Malaria","Confirmed cases","Notification rate","N/100000","2015","EE","Estonia",0.304212580,""
"Malaria","Confirmed cases","Notification rate","N/100000","2015","EL","Greece",0.773621850,""
"Malaria","Confirmed cases","Notification rate","N/100000","2015","ES","Spain",1.520708710,""
"Malaria","Confirmed cases","Notification rate","N/100000","2015","EU27_21","EU (without UK)",1.133534000,""
"Malaria","Confirmed cases","Notification rate","N/100000","2015","EU27_UK_21","EU (with UK until 2019)",1.287426000,""
"Malaria","Confirmed cases","Notification rate","N/100000","2015","EUEEA30_21","EU/EEA (without UK)",1.143103000,""
"Malaria","Confirmed cases","Notification rate","N/100000","2015","EUEEAUK_21","EU/EEA (with UK until 2019)",1.293743000,""
"Malaria","Confirmed cases","Notification rate","N/100000","2015","FI","Finland",0.712751470,""
"Malaria","Confirmed cases","Notification rate","N/100000","2015","FR","France",-,""
"Malaria","Confirmed cases","Notification rate","N/100000","2015","HR","Croatia",0.167427460,""
"Malaria","Confirmed cases","Notification rate","N/100000","2015","HU","Hungary",0.122251150,""
"Malaria","Confirmed cases","Notification rate","N/100000","2015","IE","Ireland",1.753025620,""
"Malaria","Confirmed cases","Notification rate","N/100000","2015","IT","Italy",1.170900040,""
"Malaria","Confirmed cases","Notification rate","N/100000","2015","LT","Lithuania",0.273350630,""
"Malaria","Confirmed cases","Notification rate","N/100000","2015","LU","Luxembourg",0.177633140,""
"Malaria","Confirmed cases","Notification rate","N/100000","2015","LV","Latvia",0.050350030,""
"Malaria","Confirmed cases","Notification rate","N/100000","2015","MT","Malta",1.595241620,""
"Malaria","Confirmed cases","Notification rate","N/100000","2015","NL","Netherlands",4.023495790,""
"Malaria","Confirmed cases","Notification rate","N/100000","2015","NO","Norway",1.819659360,""
"Malaria","Confirmed cases","Notification rate","N/100000","2015","PL","Poland",0.076304510,""
"Malaria","Confirmed cases","Notification rate","N/100000","2015","PT","Portugal",1.866260140,""
"Malaria","Confirmed cases","Notification rate","N/100000","2015","RO","Romania",0.150976460,""
"Malaria","Confirmed cases","Notification rate","N/100000","2015","SE","Sweden",2.564798340,""
"Malaria","Confirmed cases","Notification rate","N/100000","2015","SI","Slovenia",0.242380290,""
"Malaria","Confirmed cases","Notification rate","N/100000","2015","SK","Slovakia",0.000000000,""
"Malaria","Confirmed cases","Notification rate","N/100000","2015","UK","United Kingdom",2.154089300,""
"Malaria","Confirmed cases","Notification rate","N/100000","2016","AT","Austria",0.942477710,""
"Malaria","Confirmed cases","Notification rate","N/100000","2016","BE","Belgium",-,""
"Malaria","Confirmed cases","Notification rate","N/100000","2016","BG","Bulgaria",0.403530370,""
"Malaria","Confirmed cases","Notification rate","N/100000","2016","CY","Cyprus",0.115772360,""
"Malaria","Confirmed cases","Notification rate","N/100000","2016","CZ","Czechia",0.360058410,""
"Malaria","Confirmed cases","Notification rate","N/100000","2016","DE","Germany",1.170662600,""
"Malaria","Confirmed cases","Notification rate","N/100000","2016","DK","Denmark",1.787200170,""
"Malaria","Confirmed cases","Notification rate","N/100000","2016","EE","Estonia",0.075991070,""
"Malaria","Confirmed cases","Notification rate","N/100000","2016","EL","Greece",1.122058860,""
"Malaria","Confirmed cases","Notification rate","N/100000","2016","ES","Spain",1.626493210,""
"Malaria","Confirmed cases","Notification rate","N/100000","2016","EU27_21","EU (without UK)",1.042743000,""
"Malaria","Confirmed cases","Notification rate","N/100000","2016","EU27_UK_21","EU (with UK until 2019)",1.249557000,""
"Malaria","Confirmed cases","Notification rate","N/100000","2016","EUEEA30_21","EU/EEA (without UK)",1.047900000,""
"Malaria","Confirmed cases","Notification rate","N/100000","2016","EUEEAUK_21","EU/EEA (with UK until 2019)",1.251317000,""
"Malaria","Confirmed cases","Notification rate","N/100000","2016","FI","Finland",0.856521990,""
"Malaria","Confirmed cases","Notification rate","N/100000","2016","FR","France",-,""
"Malaria","Confirmed cases","Notification rate","N/100000","2016","HR","Croatia",0.096826150,""
"Malaria","Confirmed cases","Notification rate","N/100000","2016","HU","Hungary",0.173830310,""
"Malaria","Confirmed cases","Notification rate","N/100000","2016","IE","Ireland",1.861927100,""
"Malaria","Confirmed cases","Notification rate","N/100000","2016","IS","Iceland",0.601451300,""
"Malaria","Confirmed cases","Notification rate","N/100000","2016","IT","Italy",1.475972750,""
"Malaria","Confirmed cases","Notification rate","N/100000","2016","LT","Lithuania",0.103606430,""
"Malaria","Confirmed cases","Notification rate","N/100000","2016","LU","Luxembourg",0.867680460,""
"Malaria","Confirmed cases","Notification rate","N/100000","2016","LV","Latvia",0.152364930,""
"Malaria","Confirmed cases","Notification rate","N/100000","2016","MT","Malta",1.556818300,""
"Malaria","Confirmed cases","Notification rate","N/100000","2016","NL","Netherlands",1.442948750,""
"Malaria","Confirmed cases","Notification rate","N/100000","2016","NO","Norway",1.438439120,""
"Malaria","Confirmed cases","Notification rate","N/100000","2016","PL","Poland",0.100086360,""
"Malaria","Confirmed cases","Notification rate","N/100000","2016","PT","Portugal",1.899975630,""
"Malaria","Confirmed cases","Notification rate","N/100000","2016","RO","Romania",0.106272150,""
"Malaria","Confirmed cases","Notification rate","N/100000","2016","SE","Sweden",1.563290360,""
"Malaria","Confirmed cases","Notification rate","N/100000","2016","SI","Slovenia",0.290671190,""
"Malaria","Confirmed cases","Notification rate","N/100000","2016","SK","Slovakia",0.073715700,""
"Malaria","Confirmed cases","Notification rate","N/100000","2016","UK","United Kingdom",2.407499250,""
"Malaria","Confirmed cases","Notification rate","N/100000","2017","AT","Austria",0.889105210,""
"Malaria","Confirmed cases","Notification rate","N/100000","2017","BE","Belgium",-,""
"Malaria","Confirmed cases","Notification rate","N/100000","2017","BG","Bulgaria",0.116796530,""
"Malaria","Confirmed cases","Notification rate","N/100000","2017","CY","Cyprus",0.919669190,""
"Malaria","Confirmed cases","Notification rate","N/100000","2017","CZ","Czechia",0.255226950,""
"Malaria","Confirmed cases","Notification rate","N/100000","2017","DE","Germany",1.159695620,""
"Malaria","Confirmed cases","Notification rate","N/100000","2017","DK","Denmark",1.635132660,""
"Malaria","Confirmed cases","Notification rate","N/100000","2017","EE","Estonia",0.152017840,""
"Malaria","Confirmed cases","Notification rate","N/100000","2017","EL","Greece",0.993667180,""
"Malaria","Confirmed cases","Notification rate","N/100000","2017","ES","Spain",1.759238410,""
"Malaria","Confirmed cases","Notification rate","N/100000","2017","EU27_21","EU (without UK)",0.980057000,""
"Malaria","Confirmed cases","Notification rate","N/100000","2017","EU27_UK_21","EU (with UK until 2019)",1.249441000,""
"Malaria","Confirmed cases","Notification rate","N/100000","2017","EUEEA30_21","EU/EEA (without UK)",0.982516000,""
"Malaria","Confirmed cases","Notification rate","N/100000","2017","EUEEAUK_21","EU/EEA (with UK until 2019)",1.248088000,""
"Malaria","Confirmed cases","Notification rate","N/100000","2017","FI","Finland",0.654153310,""
"Malaria","Confirmed cases","Notification rate","N/100000","2017","FR","France",-,""
"Malaria","Confirmed cases","Notification rate","N/100000","2017","HR","Croatia",0.245172010,""
"Malaria","Confirmed cases","Notification rate","N/100000","2017","HU","Hungary",0.123205090,""
"Malaria","Confirmed cases","Notification rate","N/100000","2017","IE","Ireland",1.625285440,""
"Malaria","Confirmed cases","Notification rate","N/100000","2017","IS","Iceland",0.886658450,""
"Malaria","Confirmed cases","Notification rate","N/100000","2017","IT","Italy",1.381796450,""
"Malaria","Confirmed cases","Notification rate","N/100000","2017","LT","Lithuania",0.209857930,""
"Malaria","Confirmed cases","Notification rate","N/100000","2017","LU","Luxembourg",1.862301430,""
"Malaria","Confirmed cases","Notification rate","N/100000","2017","LV","Latvia",0.051279000,""
"Malaria","Confirmed cases","Notification rate","N/100000","2017","MT","Malta",2.612244890,""
"Malaria","Confirmed cases","Notification rate","N/100000","2017","NL","Netherlands",1.182565440,""
"Malaria","Confirmed cases","Notification rate","N/100000","2017","NO","Norway",1.160066990,""
"Malaria","Confirmed cases","Notification rate","N/100000","2017","PL","Poland",0.071103210,""
"Malaria","Confirmed cases","Notification rate","N/100000","2017","PT","Portugal",0.889363380,""
"Malaria","Confirmed cases","Notification rate","N/100000","2017","RO","Romania",0.076359390,""
"Malaria","Confirmed cases","Notification rate","N/100000","2017","SE","Sweden",1.500727400,""
"Malaria","Confirmed cases","Notification rate","N/100000","2017","SI","Slovenia",0.532456870,""
"Malaria","Confirmed cases","Notification rate","N/100000","2017","SK","Slovakia",0.000000000,""
"Malaria","Confirmed cases","Notification rate","N/100000","2017","UK","United Kingdom",2.748915760,""
"Malaria","Confirmed cases","Notification rate","N/100000","2018","AT","Austria",0.702767210,""
"Malaria","Confirmed cases","Notification rate","N/100000","2018","BE","Belgium",-,""
"Malaria","Confirmed cases","Notification rate","N/100000","2018","BG","Bulgaria",0.118388410,""
"Malaria","Confirmed cases","Notification rate","N/100000","2018","CY","Cyprus",0.455269220,""
"Malaria","Confirmed cases","Notification rate","N/100000","2018","CZ","Czechia",0.320450740,""
"Malaria","Confirmed cases","Notification rate","N/100000","2018","DE","Germany",1.087056940,""
"Malaria","Confirmed cases","Notification rate","N/100000","2018","DK","Denmark",1.107038510,""
"Malaria","Confirmed cases","Notification rate","N/100000","2018","EE","Estonia",0.227422100,""
"Malaria","Confirmed cases","Notification rate","N/100000","2018","EL","Greece",0.512048730,""
"Malaria","Confirmed cases","Notification rate","N/100000","2018","ES","Spain",1.824415740,""
"Malaria","Confirmed cases","Notification rate","N/100000","2018","EU27_21","EU (without UK)",0.937917000,""
"Malaria","Confirmed cases","Notification rate","N/100000","2018","EU27_UK_21","EU (with UK until 2019)",1.179729000,""
"Malaria","Confirmed cases","Notification rate","N/100000","2018","EUEEA30_21","EU/EEA (without UK)",0.939008000,""
"Malaria","Confirmed cases","Notification rate","N/100000","2018","EUEEAUK_21","EU/EEA (with UK until 2019)",1.177545000,""
"Malaria","Confirmed cases","Notification rate","N/100000","2018","FI","Finland",0.616709560,""
"Malaria","Confirmed cases","Notification rate","N/100000","2018","FR","France",-,""
"Malaria","Confirmed cases","Notification rate","N/100000","2018","HR","Croatia",0.049821370,""
"Malaria","Confirmed cases","Notification rate","N/100000","2018","HU","Hungary",0.175011360,""
"Malaria","Confirmed cases","Notification rate","N/100000","2018","IE","Ireland",1.235652780,""
"Malaria","Confirmed cases","Notification rate","N/100000","2018","IS","Iceland",0.860955660,""
"Malaria","Confirmed cases","Notification rate","N/100000","2018","IT","Italy",1.204582700,""
"Malaria","Confirmed cases","Notification rate","N/100000","2018","LT","Lithuania",0.212299200,""
"Malaria","Confirmed cases","Notification rate","N/100000","2018","LU","Luxembourg",2.159450500,""
"Malaria","Confirmed cases","Notification rate","N/100000","2018","LV","Latvia",0.206784700,""
"Malaria","Confirmed cases","Notification rate","N/100000","2018","MT","Malta",1.474190090,""
"Malaria","Confirmed cases","Notification rate","N/100000","2018","NL","Netherlands",1.466729340,""
"Malaria","Confirmed cases","Notification rate","N/100000","2018","NO","Norway",1.019710820,""
"Malaria","Confirmed cases","Notification rate","N/100000","2018","PL","Poland",0.073729440,""
"Malaria","Confirmed cases","Notification rate","N/100000","2018","PT","Portugal",0.986864060,""
"Malaria","Confirmed cases","Notification rate","N/100000","2018","RO","Romania",0.092149470,""
"Malaria","Confirmed cases","Notification rate","N/100000","2018","SE","Sweden",1.867544270,""
"Malaria","Confirmed cases","Notification rate","N/100000","2018","SI","Slovenia",0.145146300,""
"Malaria","Confirmed cases","Notification rate","N/100000","2018","SK","Slovakia",0.055115440,""
"Malaria","Confirmed cases","Notification rate","N/100000","2018","UK","United Kingdom",2.518349090,""
"Malaria","Confirmed cases","Notification rate","N/100000","2019","AT","Austria",0.812753450,""
"Malaria","Confirmed cases","Notification rate","N/100000","2019","BE","Belgium",-,""
"Malaria","Confirmed cases","Notification rate","N/100000","2019","BG","Bulgaria",0.120044830,""
"Malaria","Confirmed cases","Notification rate","N/100000","2019","CY","Cyprus",0.449340250,""
"Malaria","Confirmed cases","Notification rate","N/100000","2019","CZ","Czechia",0.300475120,""
"Malaria","Confirmed cases","Notification rate","N/100000","2019","DE","Germany",1.203335900,""
"Malaria","Confirmed cases","Notification rate","N/100000","2019","DK","Denmark",1.222855820,""
"Malaria","Confirmed cases","Notification rate","N/100000","2019","EE","Estonia",0.226445850,""
"Malaria","Confirmed cases","Notification rate","N/100000","2019","EL","Greece",0.372974310,""
"Malaria","Confirmed cases","Notification rate","N/100000","2019","ES","Spain",1.668835260,""
"Malaria","Confirmed cases","Notification rate","N/100000","2019","EU27_21","EU (without UK)",0.971954000,""
"Malaria","Confirmed cases","Notification rate","N/100000","2019","EU27_UK_21","EU (with UK until 2019)",1.215755000,""
"Malaria","Confirmed cases","Notification rate","N/100000","2019","EUEEA30_21","EU/EEA (without UK)",1.010750000,""
"Malaria","Confirmed cases","Notification rate","N/100000","2019","EUEEAUK_21","EU/EEA (with UK until 2019)",1.245519000,""
"Malaria","Confirmed cases","Notification rate","N/100000","2019","FI","Finland",0.906138700,""
"Malaria","Confirmed cases","Notification rate","N/100000","2019","FR","France",-,""
"Malaria","Confirmed cases","Notification rate","N/100000","2019","HR","Croatia",0.075591960,""
"Malaria","Confirmed cases","Notification rate","N/100000","2019","HU","Hungary",0.123707870,""
"Malaria","Confirmed cases","Notification rate","N/100000","2019","IE","Ireland",1.619331250,""
"Malaria","Confirmed cases","Notification rate","N/100000","2019","IS","Iceland",1.120476420,""
"Malaria","Confirmed cases","Notification rate","N/100000","2019","IT","Italy",1.355809270,""
"Malaria","Confirmed cases","Notification rate","N/100000","2019","LT","Lithuania",0.248915430,""
"Malaria","Confirmed cases","Notification rate","N/100000","2019","LU","Luxembourg",2.117629420,""
"Malaria","Confirmed cases","Notification rate","N/100000","2019","LV","Latvia",0.208336800,""
"Malaria","Confirmed cases","Notification rate","N/100000","2019","MT","Malta",4.057058470,""
"Malaria","Confirmed cases","Notification rate","N/100000","2019","NL","Netherlands",1.041536290,""
"Malaria","Confirmed cases","Notification rate","N/100000","2019","NO","Norway",3.678532310,""
"Malaria","Confirmed cases","Notification rate","N/100000","2019","PL","Poland",0.063203110,""
"Malaria","Confirmed cases","Notification rate","N/100000","2019","PT","Portugal",1.122562970,""
"Malaria","Confirmed cases","Notification rate","N/100000","2019","RO","Romania",0.113317610,""
"Malaria","Confirmed cases","Notification rate","N/100000","2019","SE","Sweden",2.003873830,""
"Malaria","Confirmed cases","Notification rate","N/100000","2019","SI","Slovenia",0.288335660,""
"Malaria","Confirmed cases","Notification rate","N/100000","2019","SK","Slovakia",0.110083230,""
"Malaria","Confirmed cases","Notification rate","N/100000","2019","UK","United Kingdom",2.559750820,""
"Malaria","Confirmed cases","Notification rate","N/100000","2020","AT","Austria",0.303334520,""
"Malaria","Confirmed cases","Notification rate","N/100000","2020","BE","Belgium",-,""
"Malaria","Confirmed cases","Notification rate","N/100000","2020","BG","Bulgaria",0.076111890,""
"Malaria","Confirmed cases","Notification rate","N/100000","2020","CY","Cyprus",0.000000000,""
"Malaria","Confirmed cases","Notification rate","N/100000","2020","CZ","Czechia",0.084159820,""
"Malaria","Confirmed cases","Notification rate","N/100000","2020","DE","Germany",0.440079920,""
"Malaria","Confirmed cases","Notification rate","N/100000","2020","DK","Denmark",0.549567270,""
"Malaria","Confirmed cases","Notification rate","N/100000","2020","EE","Estonia",0.075245900,""
"Malaria","Confirmed cases","Notification rate","N/100000","2020","EL","Greece",0.214580960,""
"Malaria","Confirmed cases","Notification rate","N/100000","2020","ES","Spain",0.443805270,""
"Malaria","Confirmed cases","Notification rate","N/100000","2020","EU27_21","EU (without UK)",0.330404000,""
"Malaria","Confirmed cases","Notification rate","N/100000","2020","EU27_UK_21","EU (with UK until 2019)",0.330404000,""
"Malaria","Confirmed cases","Notification rate","N/100000","2020","EUEEA30_21","EU/EEA (without UK)",0.338179000,""
"Malaria","Confirmed cases","Notification rate","N/100000","2020","EUEEAUK_21","EU/EEA (with UK until 2019)",0.338179000,""
"Malaria","Confirmed cases","Notification rate","N/100000","2020","FI","Finland",0.941126730,""
"Malaria","Confirmed cases","Notification rate","N/100000","2020","FR","France",-,""
"Malaria","Confirmed cases","Notification rate","N/100000","2020","HR","Croatia",0.000000000,""
"Malaria","Confirmed cases","Notification rate","N/100000","2020","HU","Hungary",0.103205820,""
"Malaria","Confirmed cases","Notification rate","N/100000","2020","IE","Ireland",0.299245900,""
"Malaria","Confirmed cases","Notification rate","N/100000","2020","IS","Iceland",0.000000000,""
"Malaria","Confirmed cases","Notification rate","N/100000","2020","IT","Italy",0.303480020,""
"Malaria","Confirmed cases","Notification rate","N/100000","2020","LT","Lithuania",0.000000000,""
"Malaria","Confirmed cases","Notification rate","N/100000","2020","LU","Luxembourg",0.798584260,""
"Malaria","Confirmed cases","Notification rate","N/100000","2020","LV","Latvia",0.000000000,""
"Malaria","Confirmed cases","Notification rate","N/100000","2020","MT","Malta",0.194229440,""
"Malaria","Confirmed cases","Notification rate","N/100000","2020","NL","Netherlands",0.390634310,""
"Malaria","Confirmed cases","Notification rate","N/100000","2020","NO","Norway",0.894257740,""
"Malaria","Confirmed cases","Notification rate","N/100000","2020","PL","Poland",0.021075840,""
"Malaria","Confirmed cases","Notification rate","N/100000","2020","PT","Portugal",0.568653040,""
"Malaria","Confirmed cases","Notification rate","N/100000","2020","RO","Romania",0.010347230,""
"Malaria","Confirmed cases","Notification rate","N/100000","2020","SE","Sweden",1.336226680,""
"Malaria","Confirmed cases","Notification rate","N/100000","2020","SI","Slovenia",0.095426170,""
"Malaria","Confirmed cases","Notification rate","N/100000","2020","SK","Slovakia",0.036644310,""
"Malaria","Confirmed cases","Notification rate","N/100000","2021","AT","Austria",0.414210130,""
"Malaria","Confirmed cases","Notification rate","N/100000","2021","BE","Belgium",-,""
"Malaria","Confirmed cases","Notification rate","N/100000","2021","BG","Bulgaria",0.137780750,""
"Malaria","Confirmed cases","Notification rate","N/100000","2021","CY","Cyprus",0.000000000,""
"Malaria","Confirmed cases","Notification rate","N/100000","2021","CZ","Czechia",0.095284950,""
"Malaria","Confirmed cases","Notification rate","N/100000","2021","DE","Germany",0.738379850,""
"Malaria","Confirmed cases","Notification rate","N/100000","2021","DK","Denmark",0.667803070,""
"Malaria","Confirmed cases","Notification rate","N/100000","2021","EE","Estonia",0.225552370,""
"Malaria","Confirmed cases","Notification rate","N/100000","2021","EL","Greece",0.299663850,""
"Malaria","Confirmed cases","Notification rate","N/100000","2021","ES","Spain",0.907157720,""
"Malaria","Confirmed cases","Notification rate","N/100000","2021","EU27_21","EU (without UK)",0.590301000,""
"Malaria","Confirmed cases","Notification rate","N/100000","2021","EU27_UK_21","EU (with UK until 2019)",0.590301000,""
"Malaria","Confirmed cases","Notification rate","N/100000","2021","EUEEA30_21","EU/EEA (without UK)",0.601364000,""
"Malaria","Confirmed cases","Notification rate","N/100000","2021","EUEEAUK_21","EU/EEA (with UK until 2019)",0.601364000,""
"Malaria","Confirmed cases","Notification rate","N/100000","2021","FI","Finland",0.704760730,""
"Malaria","Confirmed cases","Notification rate","N/100000","2021","FR","France",-,""
"Malaria","Confirmed cases","Notification rate","N/100000","2021","HU","Hungary",0.082889000,""
"Malaria","Confirmed cases","Notification rate","N/100000","2021","IE","Ireland",0.769702450,""
"Malaria","Confirmed cases","Notification rate","N/100000","2021","IS","Iceland",1.898088890,""
"Malaria","Confirmed cases","Notification rate","N/100000","2021","IT","Italy",0.747853340,""
"Malaria","Confirmed cases","Notification rate","N/100000","2021","LI","Liechtenstein",0.000000000,""
"Malaria","Confirmed cases","Notification rate","N/100000","2021","LT","Lithuania",0.106732660,""
"Malaria","Confirmed cases","Notification rate","N/100000","2021","LU","Luxembourg",4.411324500,""
"Malaria","Confirmed cases","Notification rate","N/100000","2021","LV","Latvia",0.000000000,""
"Malaria","Confirmed cases","Notification rate","N/100000","2021","MT","Malta",0.775006050,""
"Malaria","Confirmed cases","Notification rate","N/100000","2021","NL","Netherlands",0.858348710,""
"Malaria","Confirmed cases","Notification rate","N/100000","2021","NO","Norway",1.261275190,""
"Malaria","Confirmed cases","Notification rate","N/100000","2021","PL","Poland",0.040460320,""
"Malaria","Confirmed cases","Notification rate","N/100000","2021","PT","Portugal",0.760032150,""
"Malaria","Confirmed cases","Notification rate","N/100000","2021","RO","Romania",0.036455170,""
"Malaria","Confirmed cases","Notification rate","N/100000","2021","SE","Sweden",1.387377460,""
"Malaria","Confirmed cases","Notification rate","N/100000","2021","SI","Slovenia",0.142249060,""
"Malaria","Confirmed cases","Notification rate","N/100000","2021","SK","Slovakia",0.091578760,""
"Malaria","Confirmed cases","Notification rate","N/100000","2022","AT","Austria",0.824151740,""
"Malaria","Confirmed cases","Notification rate","N/100000","2022","BE","Belgium",-,""
"Malaria","Confirmed cases","Notification rate","N/100000","2022","BG","Bulgaria",0.077130920,""
"Malaria","Confirmed cases","Notification rate","N/100000","2022","CY","Cyprus",0.442133070,""
"Malaria","Confirmed cases","Notification rate","N/100000","2022","CZ","Czechia",0.275751710,""
"Malaria","Confirmed cases","Notification rate","N/100000","2022","DE","Germany",0.927470770,""
"Malaria","Confirmed cases","Notification rate","N/100000","2022","DK","Denmark",1.140732310,""
"Malaria","Confirmed cases","Notification rate","N/100000","2022","EE","Estonia",0.300346290,""
"Malaria","Confirmed cases","Notification rate","N/100000","2022","EL","Greece",0.296373280,""
"Malaria","Confirmed cases","Notification rate","N/100000","2022","ES","Spain",1.408811270,""
"Malaria","Confirmed cases","Notification rate","N/100000","2022","EU27_21","EU (without UK)",0.789623000,""
"Malaria","Confirmed cases","Notification rate","N/100000","2022","EU27_UK_21","EU (with UK until 2019)",0.789623000,""
"Malaria","Confirmed cases","Notification rate","N/100000","2022","EUEEA30_21","EU/EEA (without UK)",0.794975000,""
"Malaria","Confirmed cases","Notification rate","N/100000","2022","EUEEAUK_21","EU/EEA (with UK until 2019)",0.794975000,""
"Malaria","Confirmed cases","Notification rate","N/100000","2022","FI","Finland",0.847115320,""
"Malaria","Confirmed cases","Notification rate","N/100000","2022","FR","France",-,""
"Malaria","Confirmed cases","Notification rate","N/100000","2022","HR","Croatia",0.025891270,""
"Malaria","Confirmed cases","Notification rate","N/100000","2022","HU","Hungary",0.228918590,""
"Malaria","Confirmed cases","Notification rate","N/100000","2022","IE","Ireland",1.028272240,""
"Malaria","Confirmed cases","Notification rate","N/100000","2022","IS","Iceland",1.328910710,""
"Malaria","Confirmed cases","Notification rate","N/100000","2022","IT","Italy",1.009653830,""
"Malaria","Confirmed cases","Notification rate","N/100000","2022","LI","Liechtenstein",2.544011390,""
"Malaria","Confirmed cases","Notification rate","N/100000","2022","LT","Lithuania",0.142551770,""
"Malaria","Confirmed cases","Notification rate","N/100000","2022","LV","Latvia",0.000000000,""
"Malaria","Confirmed cases","Notification rate","N/100000","2022","MT","Malta",0.768973450,""
"Malaria","Confirmed cases","Notification rate","N/100000","2022","NL","Netherlands",1.159705550,""
"Malaria","Confirmed cases","Notification rate","N/100000","2022","NO","Norway",1.105935740,""
"Malaria","Confirmed cases","Notification rate","N/100000","2022","PL","Poland",0.070480260,""
"Malaria","Confirmed cases","Notification rate","N/100000","2022","PT","Portugal",0.777267920,""
"Malaria","Confirmed cases","Notification rate","N/100000","2022","RO","Romania",0.131285590,""
"Malaria","Confirmed cases","Notification rate","N/100000","2022","SE","Sweden",1.511625250,""
"Malaria","Confirmed cases","Notification rate","N/100000","2022","SI","Slovenia",0.427111110,""
"Malaria","Confirmed cases","Notification rate","N/100000","2022","SK","Slovakia",0.036800470,""
"Malaria","Confirmed cases","Notification rate","N/100000","2023","AT","Austria",1.065375380,""
"Malaria","Confirmed cases","Notification rate","N/100000","2023","BE","Belgium",-,""
"Malaria","Confirmed cases","Notification rate","N/100000","2023","BG","Bulgaria",0.155093820,""
"Malaria","Confirmed cases","Notification rate","N/100000","2023","CY","Cyprus",0.421459000,""
"Malaria","Confirmed cases","Notification rate","N/100000","2023","CZ","Czechia",0.369428700,""
"Malaria","Confirmed cases","Notification rate","N/100000","2023","DE","Germany",1.192273660,""
"Malaria","Confirmed cases","Notification rate","N/100000","2023","DK","Denmark",1.179910370,""
"Malaria","Confirmed cases","Notification rate","N/100000","2023","EE","Estonia",0.073212650,""
"Malaria","Confirmed cases","Notification rate","N/100000","2023","EL","Greece",0.307279190,""
"Malaria","Confirmed cases","Notification rate","N/100000","2023","ES","Spain",1.672026540,""
"Malaria","Confirmed cases","Notification rate","N/100000","2023","EU27_21","EU (without UK)",1.013666000,""
"Malaria","Confirmed cases","Notification rate","N/100000","2023","EU27_UK_21","EU (with UK until 2019)",1.013666000,""
"Malaria","Confirmed cases","Notification rate","N/100000","2023","EUEEA30_21","EU/EEA (without UK)",1.017153000,""
"Malaria","Confirmed cases","Notification rate","N/100000","2023","EUEEAUK_21","EU/EEA (with UK until 2019)",1.017153000,""
"Malaria","Confirmed cases","Notification rate","N/100000","2023","FI","Finland",0.934584470,""
"Malaria","Confirmed cases","Notification rate","N/100000","2023","FR","France",-,""
"Malaria","Confirmed cases","Notification rate","N/100000","2023","HR","Croatia",0.155807970,""
"Malaria","Confirmed cases","Notification rate","N/100000","2023","HU","Hungary",0.218755830,""
"Malaria","Confirmed cases","Notification rate","N/100000","2023","IE","Ireland",1.688357630,""
"Malaria","Confirmed cases","Notification rate","N/100000","2023","IS","Iceland",1.805249660,""
"Malaria","Confirmed cases","Notification rate","N/100000","2023","IT","Italy",1.352606540,""
"Malaria","Confirmed cases","Notification rate","N/100000","2023","LI","Liechtenstein",0.000000000,""
"Malaria","Confirmed cases","Notification rate","N/100000","2023","LT","Lithuania",0.384981650,""
"Malaria","Confirmed cases","Notification rate","N/100000","2023","LU","Luxembourg",5.901856660,""
"Malaria","Confirmed cases","Notification rate","N/100000","2023","LV","Latvia",0.159319550,""
"Malaria","Confirmed cases","Notification rate","N/100000","2023","MT","Malta",3.320720740,""
"Malaria","Confirmed cases","Notification rate","N/100000","2023","NL","Netherlands",1.381146370,""
"Malaria","Confirmed cases","Notification rate","N/100000","2023","NO","Norway",1.202408310,""
"Malaria","Confirmed cases","Notification rate","N/100000","2023","PL","Poland",0.125157340,""
"Malaria","Confirmed cases","Notification rate","N/100000","2023","PT","Portugal",1.435822390,""
"Malaria","Confirmed cases","Notification rate","N/100000","2023","RO","Romania",0.173186990,""
"Malaria","Confirmed cases","Notification rate","N/100000","2023","SE","Sweden",1.378123150,""
"Malaria","Confirmed cases","Notification rate","N/100000","2023","SI","Slovenia",0.519610080,""
"Malaria","Confirmed cases","Notification rate","N/100000","2023","SK","Slovakia",0.165782730,""
"Malaria","Confirmed cases","Notification rate","N/100000","2024","AT","Austria",0.873481640,""
"Malaria","Confirmed cases","Notification rate","N/100000","2024","BE","Belgium",-,""
"Malaria","Confirmed cases","Notification rate","N/100000","2024","BG","Bulgaria",0.279265420,""
"Malaria","Confirmed cases","Notification rate","N/100000","2024","CY","Cyprus",0.413922270,""
"Malaria","Confirmed cases","Notification rate","N/100000","2024","CZ","Czechia",0.348606100,""
"Malaria","Confirmed cases","Notification rate","N/100000","2024","DE","Germany",1.119152000,""
"Malaria","Confirmed cases","Notification rate","N/100000","2024","DK","Denmark",1.056825500,""
"Malaria","Confirmed cases","Notification rate","N/100000","2024","EE","Estonia",0.436462990,""
"Malaria","Confirmed cases","Notification rate","N/100000","2024","EL","Greece",0.336515160,""
"Malaria","Confirmed cases","Notification rate","N/100000","2024","ES","Spain",1.554925420,""
"Malaria","Confirmed cases","Notification rate","N/100000","2024","EU27_21","EU (without UK)",0.957647000,""
"Malaria","Confirmed cases","Notification rate","N/100000","2024","EU27_UK_21","EU (with UK until 2019)",0.957647000,""
"Malaria","Confirmed cases","Notification rate","N/100000","2024","EUEEA30_21","EU/EEA (without UK)",0.962683000,""
"Malaria","Confirmed cases","Notification rate","N/100000","2024","EUEEAUK_21","EU/EEA (with UK until 2019)",0.962683000,""
"Malaria","Confirmed cases","Notification rate","N/100000","2024","FI","Finland",0.624570490,""
"Malaria","Confirmed cases","Notification rate","N/100000","2024","FR","France",-,""
"Malaria","Confirmed cases","Notification rate","N/100000","2024","HR","Croatia",0.207148320,""
"Malaria","Confirmed cases","Notification rate","N/100000","2024","HU","Hungary",0.156500610,""
"Malaria","Confirmed cases","Notification rate","N/100000","2024","IE","Ireland",1.457485970,""
"Malaria","Confirmed cases","Notification rate","N/100000","2024","IS","Iceland",1.042842580,""
"Malaria","Confirmed cases","Notification rate","N/100000","2024","IT","Italy",1.509210500,""
"Malaria","Confirmed cases","Notification rate","N/100000","2024","LI","Liechtenstein",2.499062850,""
"Malaria","Confirmed cases","Notification rate","N/100000","2024","LT","Lithuania",0.346513430,""
"Malaria","Confirmed cases","Notification rate","N/100000","2024","LU","Luxembourg",6.547131900,""
"Malaria","Confirmed cases","Notification rate","N/100000","2024","MT","Malta",2.307243140,""
"Malaria","Confirmed cases","Notification rate","N/100000","2024","NL","Netherlands",1.114644410,""
"Malaria","Confirmed cases","Notification rate","N/100000","2024","NO","Norway",1.279229260,""
"Malaria","Confirmed cases","Notification rate","N/100000","2024","PL","Poland",0.117419060,""
"Malaria","Confirmed cases","Notification rate","N/100000","2024","PT","Portugal",0.610917980,""
"Malaria","Confirmed cases","Notification rate","N/100000","2024","RO","Romania",0.230758220,""
"Malaria","Confirmed cases","Notification rate","N/100000","2024","SE","Sweden",1.156211020,""
"Malaria","Confirmed cases","Notification rate","N/100000","2024","SI","Slovenia",0.423738980,""
"Malaria","Confirmed cases","Notification rate","N/100000","2024","SK","Slovakia",0.110605450,""
"Malaria","Confirmed cases","Reported cases","N","2008","AT","Austria",57.000000000,""
"Malaria","Confirmed cases","Reported cases","N","2008","BE","Belgium",0.000000000,""
"Malaria","Confirmed cases","Reported cases","N","2008","BG","Bulgaria",0.000000000,""
"Malaria","Confirmed cases","Reported cases","N","2008","CY","Cyprus",0.000000000,""
"Malaria","Confirmed cases","Reported cases","N","2008","CZ","Czechia",22.000000000,""
"Malaria","Confirmed cases","Reported cases","N","2008","DE","Germany",0.000000000,""
"Malaria","Confirmed cases","Reported cases","N","2008","EE","Estonia",0.000000000,""
"Malaria","Confirmed cases","Reported cases","N","2008","EL","Greece",38.000000000,""
"Malaria","Confirmed cases","Reported cases","N","2008","ES","Spain",290.000000000,""
"Malaria","Confirmed cases","Reported cases","N","2008","EU27_21","EU (without UK)",3777.000000000,""
"Malaria","Confirmed cases","Reported cases","N","2008","EU27_UK_21","EU (with UK until 2019)",5148.000000000,""
"Malaria","Confirmed cases","Reported cases","N","2008","EUEEA30_21","EU/EEA (without UK)",3809.000000000,""
"Malaria","Confirmed cases","Reported cases","N","2008","EUEEAUK_21","EU/EEA (with UK until 2019)",5180.000000000,""
"Malaria","Confirmed cases","Reported cases","N","2008","FI","Finland",42.000000000,""
"Malaria","Confirmed cases","Reported cases","N","2008","FR","France",2246.000000000,""
"Malaria","Confirmed cases","Reported cases","N","2008","HU","Hungary",5.000000000,""
"Malaria","Confirmed cases","Reported cases","N","2008","IE","Ireland",82.000000000,""
"Malaria","Confirmed cases","Reported cases","N","2008","IT","Italy",583.000000000,""
"Malaria","Confirmed cases","Reported cases","N","2008","LT","Lithuania",3.000000000,""
"Malaria","Confirmed cases","Reported cases","N","2008","LU","Luxembourg",2.000000000,""
"Malaria","Confirmed cases","Reported cases","N","2008","LV","Latvia",2.000000000,""
"Malaria","Confirmed cases","Reported cases","N","2008","MT","Malta",3.000000000,""
"Malaria","Confirmed cases","Reported cases","N","2008","NL","Netherlands",229.000000000,""
"Malaria","Confirmed cases","Reported cases","N","2008","NO","Norway",32.000000000,""
"Malaria","Confirmed cases","Reported cases","N","2008","PL","Poland",22.000000000,""
"Malaria","Confirmed cases","Reported cases","N","2008","PT","Portugal",42.000000000,""
"Malaria","Confirmed cases","Reported cases","N","2008","RO","Romania",13.000000000,""
"Malaria","Confirmed cases","Reported cases","N","2008","SE","Sweden",91.000000000,""
"Malaria","Confirmed cases","Reported cases","N","2008","SI","Slovenia",3.000000000,""
"Malaria","Confirmed cases","Reported cases","N","2008","SK","Slovakia",2.000000000,""
"Malaria","Confirmed cases","Reported cases","N","2008","UK","United Kingdom",1371.000000000,""
"Malaria","Confirmed cases","Reported cases","N","2009","AT","Austria",44.000000000,""
"Malaria","Confirmed cases","Reported cases","N","2009","BE","Belgium",0.000000000,""
"Malaria","Confirmed cases","Reported cases","N","2009","BG","Bulgaria",8.000000000,""
"Malaria","Confirmed cases","Reported cases","N","2009","CY","Cyprus",1.000000000,""
"Malaria","Confirmed cases","Reported cases","N","2009","CZ","Czechia",10.000000000,""
"Malaria","Confirmed cases","Reported cases","N","2009","DE","Germany",0.000000000,""
"Malaria","Confirmed cases","Reported cases","N","2009","EE","Estonia",4.000000000,""
"Malaria","Confirmed cases","Reported cases","N","2009","EL","Greece",51.000000000,""
"Malaria","Confirmed cases","Reported cases","N","2009","ES","Spain",356.000000000,""
"Malaria","Confirmed cases","Reported cases","N","2009","EU27_21","EU (without UK)",3857.000000000,""
"Malaria","Confirmed cases","Reported cases","N","2009","EU27_UK_21","EU (with UK until 2019)",5352.000000000,""
"Malaria","Confirmed cases","Reported cases","N","2009","EUEEA30_21","EU/EEA (without UK)",3891.000000000,""
"Malaria","Confirmed cases","Reported cases","N","2009","EUEEAUK_21","EU/EEA (with UK until 2019)",5386.000000000,""
"Malaria","Confirmed cases","Reported cases","N","2009","FI","Finland",34.000000000,""
"Malaria","Confirmed cases","Reported cases","N","2009","FR","France",2199.000000000,""
"Malaria","Confirmed cases","Reported cases","N","2009","HU","Hungary",8.000000000,""
"Malaria","Confirmed cases","Reported cases","N","2009","IE","Ireland",90.000000000,""
"Malaria","Confirmed cases","Reported cases","N","2009","IT","Italy",636.000000000,""
"Malaria","Confirmed cases","Reported cases","N","2009","LT","Lithuania",3.000000000,""
"Malaria","Confirmed cases","Reported cases","N","2009","LU","Luxembourg",3.000000000,""
"Malaria","Confirmed cases","Reported cases","N","2009","LV","Latvia",6.000000000,""
"Malaria","Confirmed cases","Reported cases","N","2009","MT","Malta",1.000000000,""
"Malaria","Confirmed cases","Reported cases","N","2009","NL","Netherlands",237.000000000,""
"Malaria","Confirmed cases","Reported cases","N","2009","NO","Norway",34.000000000,""
"Malaria","Confirmed cases","Reported cases","N","2009","PL","Poland",22.000000000,""
"Malaria","Confirmed cases","Reported cases","N","2009","PT","Portugal",44.000000000,""
"Malaria","Confirmed cases","Reported cases","N","2009","RO","Romania",12.000000000,""
"Malaria","Confirmed cases","Reported cases","N","2009","SE","Sweden",81.000000000,""
"Malaria","Confirmed cases","Reported cases","N","2009","SI","Slovenia",7.000000000,""
"Malaria","Confirmed cases","Reported cases","N","2009","SK","Slovakia",0.000000000,""
"Malaria","Confirmed cases","Reported cases","N","2009","UK","United Kingdom",1495.000000000,""
"Malaria","Confirmed cases","Reported cases","N","2010","AT","Austria",48.000000000,""
"Malaria","Confirmed cases","Reported cases","N","2010","BE","Belgium",1.000000000,""
"Malaria","Confirmed cases","Reported cases","N","2010","BG","Bulgaria",5.000000000,""
"Malaria","Confirmed cases","Reported cases","N","2010","CY","Cyprus",1.000000000,""
"Malaria","Confirmed cases","Reported cases","N","2010","CZ","Czechia",11.000000000,""
"Malaria","Confirmed cases","Reported cases","N","2010","DE","Germany",0.000000000,""
"Malaria","Confirmed cases","Reported cases","N","2010","EE","Estonia",1.000000000,""
"Malaria","Confirmed cases","Reported cases","N","2010","EL","Greece",44.000000000,""
"Malaria","Confirmed cases","Reported cases","N","2010","ES","Spain",351.000000000,""
"Malaria","Confirmed cases","Reported cases","N","2010","EU27_21","EU (without UK)",4219.000000000,""
"Malaria","Confirmed cases","Reported cases","N","2010","EU27_UK_21","EU (with UK until 2019)",5980.000000000,""
"Malaria","Confirmed cases","Reported cases","N","2010","EUEEA30_21","EU/EEA (without UK)",4256.000000000,""
"Malaria","Confirmed cases","Reported cases","N","2010","EUEEAUK_21","EU/EEA (with UK until 2019)",6017.000000000,""
"Malaria","Confirmed cases","Reported cases","N","2010","FI","Finland",33.000000000,""
"Malaria","Confirmed cases","Reported cases","N","2010","FR","France",2439.000000000,""
"Malaria","Confirmed cases","Reported cases","N","2010","HU","Hungary",5.000000000,""
"Malaria","Confirmed cases","Reported cases","N","2010","IE","Ireland",82.000000000,""
"Malaria","Confirmed cases","Reported cases","N","2010","IT","Italy",698.000000000,""
"Malaria","Confirmed cases","Reported cases","N","2010","LT","Lithuania",3.000000000,""
"Malaria","Confirmed cases","Reported cases","N","2010","LU","Luxembourg",12.000000000,""
"Malaria","Confirmed cases","Reported cases","N","2010","LV","Latvia",5.000000000,""
"Malaria","Confirmed cases","Reported cases","N","2010","MT","Malta",0.000000000,""
"Malaria","Confirmed cases","Reported cases","N","2010","NL","Netherlands",247.000000000,""
"Malaria","Confirmed cases","Reported cases","N","2010","NO","Norway",37.000000000,""
"Malaria","Confirmed cases","Reported cases","N","2010","PL","Poland",35.000000000,""
"Malaria","Confirmed cases","Reported cases","N","2010","PT","Portugal",50.000000000,""
"Malaria","Confirmed cases","Reported cases","N","2010","RO","Romania",19.000000000,""
"Malaria","Confirmed cases","Reported cases","N","2010","SE","Sweden",118.000000000,""
"Malaria","Confirmed cases","Reported cases","N","2010","SI","Slovenia",9.000000000,""
"Malaria","Confirmed cases","Reported cases","N","2010","SK","Slovakia",2.000000000,""
"Malaria","Confirmed cases","Reported cases","N","2010","UK","United Kingdom",1761.000000000,""
"Malaria","Confirmed cases","Reported cases","N","2011","AT","Austria",7.000000000,""
"Malaria","Confirmed cases","Reported cases","N","2011","BE","Belgium",184.000000000,""
"Malaria","Confirmed cases","Reported cases","N","2011","BG","Bulgaria",8.000000000,""
"Malaria","Confirmed cases","Reported cases","N","2011","CY","Cyprus",6.000000000,""
"Malaria","Confirmed cases","Reported cases","N","2011","CZ","Czechia",28.000000000,""
"Malaria","Confirmed cases","Reported cases","N","2011","DE","Germany",563.000000000,""
"Malaria","Confirmed cases","Reported cases","N","2011","DK","Denmark",74.000000000,""
"Malaria","Confirmed cases","Reported cases","N","2011","EE","Estonia",1.000000000,""
"Malaria","Confirmed cases","Reported cases","N","2011","EL","Greece",92.000000000,""
"Malaria","Confirmed cases","Reported cases","N","2011","ES","Spain",405.000000000,""
"Malaria","Confirmed cases","Reported cases","N","2011","EU27_21","EU (without UK)",4551.000000000,""
"Malaria","Confirmed cases","Reported cases","N","2011","EU27_UK_21","EU (with UK until 2019)",6228.000000000,""
"Malaria","Confirmed cases","Reported cases","N","2011","EUEEA30_21","EU/EEA (without UK)",4581.000000000,""
"Malaria","Confirmed cases","Reported cases","N","2011","EUEEAUK_21","EU/EEA (with UK until 2019)",6258.000000000,""
"Malaria","Confirmed cases","Reported cases","N","2011","FI","Finland",33.000000000,""
"Malaria","Confirmed cases","Reported cases","N","2011","FR","France",1891.000000000,""
"Malaria","Confirmed cases","Reported cases","N","2011","HU","Hungary",10.000000000,""
"Malaria","Confirmed cases","Reported cases","N","2011","IE","Ireland",61.000000000,""
"Malaria","Confirmed cases","Reported cases","N","2011","IT","Italy",701.000000000,""
"Malaria","Confirmed cases","Reported cases","N","2011","LT","Lithuania",3.000000000,""
"Malaria","Confirmed cases","Reported cases","N","2011","LU","Luxembourg",3.000000000,""
"Malaria","Confirmed cases","Reported cases","N","2011","LV","Latvia",4.000000000,""
"Malaria","Confirmed cases","Reported cases","N","2011","MT","Malta",1.000000000,""
"Malaria","Confirmed cases","Reported cases","N","2011","NL","Netherlands",253.000000000,""
"Malaria","Confirmed cases","Reported cases","N","2011","NO","Norway",30.000000000,""
"Malaria","Confirmed cases","Reported cases","N","2011","PL","Poland",14.000000000,""
"Malaria","Confirmed cases","Reported cases","N","2011","PT","Portugal",67.000000000,""
"Malaria","Confirmed cases","Reported cases","N","2011","RO","Romania",40.000000000,""
"Malaria","Confirmed cases","Reported cases","N","2011","SE","Sweden",95.000000000,""
"Malaria","Confirmed cases","Reported cases","N","2011","SI","Slovenia",6.000000000,""
"Malaria","Confirmed cases","Reported cases","N","2011","SK","Slovakia",1.000000000,""
"Malaria","Confirmed cases","Reported cases","N","2011","UK","United Kingdom",1677.000000000,""
"Malaria","Confirmed cases","Reported cases","N","2012","AT","Austria",28.000000000,""
"Malaria","Confirmed cases","Reported cases","N","2012","BE","Belgium",206.000000000,""
"Malaria","Confirmed cases","Reported cases","N","2012","BG","Bulgaria",16.000000000,""
"Malaria","Confirmed cases","Reported cases","N","2012","CY","Cyprus",1.000000000,""
"Malaria","Confirmed cases","Reported cases","N","2012","CZ","Czechia",25.000000000,""
"Malaria","Confirmed cases","Reported cases","N","2012","DE","Germany",551.000000000,""
"Malaria","Confirmed cases","Reported cases","N","2012","DK","Denmark",67.000000000,""
"Malaria","Confirmed cases","Reported cases","N","2012","EE","Estonia",6.000000000,""
"Malaria","Confirmed cases","Reported cases","N","2012","EL","Greece",95.000000000,""
"Malaria","Confirmed cases","Reported cases","N","2012","ES","Spain",421.000000000,""
"Malaria","Confirmed cases","Reported cases","N","2012","EU27_21","EU (without UK)",4482.000000000,""
"Malaria","Confirmed cases","Reported cases","N","2012","EU27_UK_21","EU (with UK until 2019)",5860.000000000,""
"Malaria","Confirmed cases","Reported cases","N","2012","EUEEA30_21","EU/EEA (without UK)",4519.000000000,""
"Malaria","Confirmed cases","Reported cases","N","2012","EUEEAUK_21","EU/EEA (with UK until 2019)",5897.000000000,""
"Malaria","Confirmed cases","Reported cases","N","2012","FI","Finland",46.000000000,""
"Malaria","Confirmed cases","Reported cases","N","2012","FR","France",1851.000000000,""
"Malaria","Confirmed cases","Reported cases","N","2012","HR","Croatia",23.000000000,""
"Malaria","Confirmed cases","Reported cases","N","2012","HU","Hungary",5.000000000,""
"Malaria","Confirmed cases","Reported cases","N","2012","IE","Ireland",65.000000000,""
"Malaria","Confirmed cases","Reported cases","N","2012","IT","Italy",642.000000000,""
"Malaria","Confirmed cases","Reported cases","N","2012","LT","Lithuania",6.000000000,""
"Malaria","Confirmed cases","Reported cases","N","2012","LU","Luxembourg",7.000000000,""
"Malaria","Confirmed cases","Reported cases","N","2012","LV","Latvia",3.000000000,""
"Malaria","Confirmed cases","Reported cases","N","2012","MT","Malta",2.000000000,""
"Malaria","Confirmed cases","Reported cases","N","2012","NL","Netherlands",194.000000000,""
"Malaria","Confirmed cases","Reported cases","N","2012","NO","Norway",37.000000000,""
"Malaria","Confirmed cases","Reported cases","N","2012","PL","Poland",21.000000000,""
"Malaria","Confirmed cases","Reported cases","N","2012","PT","Portugal",71.000000000,""
"Malaria","Confirmed cases","Reported cases","N","2012","RO","Romania",32.000000000,""
"Malaria","Confirmed cases","Reported cases","N","2012","SE","Sweden",85.000000000,""
"Malaria","Confirmed cases","Reported cases","N","2012","SI","Slovenia",7.000000000,""
"Malaria","Confirmed cases","Reported cases","N","2012","SK","Slovakia",6.000000000,""
"Malaria","Confirmed cases","Reported cases","N","2012","UK","United Kingdom",1378.000000000,""
"Malaria","Confirmed cases","Reported cases","N","2013","AT","Austria",42.000000000,""
"Malaria","Confirmed cases","Reported cases","N","2013","BE","Belgium",253.000000000,""
"Malaria","Confirmed cases","Reported cases","N","2013","BG","Bulgaria",8.000000000,""
"Malaria","Confirmed cases","Reported cases","N","2013","CY","Cyprus",3.000000000,""
"Malaria","Confirmed cases","Reported cases","N","2013","CZ","Czechia",27.000000000,""
"Malaria","Confirmed cases","Reported cases","N","2013","DE","Germany",638.000000000,""
"Malaria","Confirmed cases","Reported cases","N","2013","DK","Denmark",63.000000000,""
"Malaria","Confirmed cases","Reported cases","N","2013","EE","Estonia",3.000000000,""
"Malaria","Confirmed cases","Reported cases","N","2013","EL","Greece",25.000000000,""
"Malaria","Confirmed cases","Reported cases","N","2013","ES","Spain",518.000000000,""
"Malaria","Confirmed cases","Reported cases","N","2013","EU27_21","EU (without UK)",5041.000000000,""
"Malaria","Confirmed cases","Reported cases","N","2013","EU27_UK_21","EU (with UK until 2019)",6542.000000000,""
"Malaria","Confirmed cases","Reported cases","N","2013","EUEEA30_21","EU/EEA (without UK)",5113.000000000,""
"Malaria","Confirmed cases","Reported cases","N","2013","EUEEAUK_21","EU/EEA (with UK until 2019)",6614.000000000,""
"Malaria","Confirmed cases","Reported cases","N","2013","FI","Finland",38.000000000,""
"Malaria","Confirmed cases","Reported cases","N","2013","FR","France",2165.000000000,""
"Malaria","Confirmed cases","Reported cases","N","2013","HR","Croatia",0.000000000,""
"Malaria","Confirmed cases","Reported cases","N","2013","HU","Hungary",5.000000000,""
"Malaria","Confirmed cases","Reported cases","N","2013","IE","Ireland",71.000000000,""
"Malaria","Confirmed cases","Reported cases","N","2013","IT","Italy",677.000000000,""
"Malaria","Confirmed cases","Reported cases","N","2013","LT","Lithuania",8.000000000,""
"Malaria","Confirmed cases","Reported cases","N","2013","LU","Luxembourg",4.000000000,""
"Malaria","Confirmed cases","Reported cases","N","2013","LV","Latvia",4.000000000,""
"Malaria","Confirmed cases","Reported cases","N","2013","MT","Malta",5.000000000,""
"Malaria","Confirmed cases","Reported cases","N","2013","NL","Netherlands",162.000000000,""
"Malaria","Confirmed cases","Reported cases","N","2013","NO","Norway",72.000000000,""
"Malaria","Confirmed cases","Reported cases","N","2013","PL","Poland",36.000000000,""
"Malaria","Confirmed cases","Reported cases","N","2013","PT","Portugal",117.000000000,""
"Malaria","Confirmed cases","Reported cases","N","2013","RO","Romania",43.000000000,""
"Malaria","Confirmed cases","Reported cases","N","2013","SE","Sweden",119.000000000,""
"Malaria","Confirmed cases","Reported cases","N","2013","SI","Slovenia",3.000000000,""
"Malaria","Confirmed cases","Reported cases","N","2013","SK","Slovakia",4.000000000,""
"Malaria","Confirmed cases","Reported cases","N","2013","UK","United Kingdom",1501.000000000,""
"Malaria","Confirmed cases","Reported cases","N","2014","AT","Austria",68.000000000,""
"Malaria","Confirmed cases","Reported cases","N","2014","BE","Belgium",235.000000000,""
"Malaria","Confirmed cases","Reported cases","N","2014","BG","Bulgaria",10.000000000,""
"Malaria","Confirmed cases","Reported cases","N","2014","CY","Cyprus",8.000000000,""
"Malaria","Confirmed cases","Reported cases","N","2014","CZ","Czechia",30.000000000,""
"Malaria","Confirmed cases","Reported cases","N","2014","DE","Germany",1007.000000000,""
"Malaria","Confirmed cases","Reported cases","N","2014","DK","Denmark",102.000000000,""
"Malaria","Confirmed cases","Reported cases","N","2014","EE","Estonia",3.000000000,""
"Malaria","Confirmed cases","Reported cases","N","2014","EL","Greece",38.000000000,""
"Malaria","Confirmed cases","Reported cases","N","2014","ES","Spain",688.000000000,""
"Malaria","Confirmed cases","Reported cases","N","2014","EU27_21","EU (without UK)",6201.000000000,""
"Malaria","Confirmed cases","Reported cases","N","2014","EU27_UK_21","EU (with UK until 2019)",7711.000000000,""
"Malaria","Confirmed cases","Reported cases","N","2014","EUEEA30_21","EU/EEA (without UK)",6321.000000000,""
"Malaria","Confirmed cases","Reported cases","N","2014","EUEEAUK_21","EU/EEA (with UK until 2019)",7831.000000000,""
"Malaria","Confirmed cases","Reported cases","N","2014","FI","Finland",39.000000000,""
"Malaria","Confirmed cases","Reported cases","N","2014","FR","France",2299.000000000,""
"Malaria","Confirmed cases","Reported cases","N","2014","HR","Croatia",6.000000000,""
"Malaria","Confirmed cases","Reported cases","N","2014","HU","Hungary",15.000000000,""
"Malaria","Confirmed cases","Reported cases","N","2014","IE","Ireland",79.000000000,""
"Malaria","Confirmed cases","Reported cases","N","2014","IT","Italy",705.000000000,""
"Malaria","Confirmed cases","Reported cases","N","2014","LT","Lithuania",5.000000000,""
"Malaria","Confirmed cases","Reported cases","N","2014","LU","Luxembourg",3.000000000,""
"Malaria","Confirmed cases","Reported cases","N","2014","LV","Latvia",6.000000000,""
"Malaria","Confirmed cases","Reported cases","N","2014","MT","Malta",3.000000000,""
"Malaria","Confirmed cases","Reported cases","N","2014","NL","Netherlands",276.000000000,""
"Malaria","Confirmed cases","Reported cases","N","2014","NO","Norway",120.000000000,""
"Malaria","Confirmed cases","Reported cases","N","2014","PL","Poland",19.000000000,""
"Malaria","Confirmed cases","Reported cases","N","2014","PT","Portugal",144.000000000,""
"Malaria","Confirmed cases","Reported cases","N","2014","RO","Romania",47.000000000,""
"Malaria","Confirmed cases","Reported cases","N","2014","SE","Sweden",354.000000000,""
"Malaria","Confirmed cases","Reported cases","N","2014","SI","Slovenia",7.000000000,""
"Malaria","Confirmed cases","Reported cases","N","2014","SK","Slovakia",5.000000000,""
"Malaria","Confirmed cases","Reported cases","N","2014","UK","United Kingdom",1510.000000000,""
"Malaria","Confirmed cases","Reported cases","N","2015","AT","Austria",81.000000000,""
"Malaria","Confirmed cases","Reported cases","N","2015","BE","Belgium",276.000000000,""
"Malaria","Confirmed cases","Reported cases","N","2015","BG","Bulgaria",20.000000000,""
"Malaria","Confirmed cases","Reported cases","N","2015","CY","Cyprus",3.000000000,""
"Malaria","Confirmed cases","Reported cases","N","2015","CZ","Czechia",29.000000000,""
"Malaria","Confirmed cases","Reported cases","N","2015","DE","Germany",1061.000000000,""
"Malaria","Confirmed cases","Reported cases","N","2015","DK","Denmark",101.000000000,""
"Malaria","Confirmed cases","Reported cases","N","2015","EE","Estonia",4.000000000,""
"Malaria","Confirmed cases","Reported cases","N","2015","EL","Greece",84.000000000,""
"Malaria","Confirmed cases","Reported cases","N","2015","ES","Spain",706.000000000,""
"Malaria","Confirmed cases","Reported cases","N","2015","EU27_21","EU (without UK)",6920.000000000,""
"Malaria","Confirmed cases","Reported cases","N","2015","EU27_UK_21","EU (with UK until 2019)",8317.000000000,""
"Malaria","Confirmed cases","Reported cases","N","2015","EUEEA30_21","EU/EEA (without UK)",7014.000000000,""
"Malaria","Confirmed cases","Reported cases","N","2015","EUEEAUK_21","EU/EEA (with UK until 2019)",8411.000000000,""
"Malaria","Confirmed cases","Reported cases","N","2015","FI","Finland",39.000000000,""
"Malaria","Confirmed cases","Reported cases","N","2015","FR","France",2504.000000000,""
"Malaria","Confirmed cases","Reported cases","N","2015","HR","Croatia",7.000000000,""
"Malaria","Confirmed cases","Reported cases","N","2015","HU","Hungary",12.000000000,""
"Malaria","Confirmed cases","Reported cases","N","2015","IE","Ireland",82.000000000,""
"Malaria","Confirmed cases","Reported cases","N","2015","IT","Italy",706.000000000,""
"Malaria","Confirmed cases","Reported cases","N","2015","LT","Lithuania",8.000000000,""
"Malaria","Confirmed cases","Reported cases","N","2015","LU","Luxembourg",1.000000000,""
"Malaria","Confirmed cases","Reported cases","N","2015","LV","Latvia",1.000000000,""
"Malaria","Confirmed cases","Reported cases","N","2015","MT","Malta",7.000000000,""
"Malaria","Confirmed cases","Reported cases","N","2015","NL","Netherlands",680.000000000,""
"Malaria","Confirmed cases","Reported cases","N","2015","NO","Norway",94.000000000,""
"Malaria","Confirmed cases","Reported cases","N","2015","PL","Poland",29.000000000,""
"Malaria","Confirmed cases","Reported cases","N","2015","PT","Portugal",194.000000000,""
"Malaria","Confirmed cases","Reported cases","N","2015","RO","Romania",30.000000000,""
"Malaria","Confirmed cases","Reported cases","N","2015","SE","Sweden",250.000000000,""
"Malaria","Confirmed cases","Reported cases","N","2015","SI","Slovenia",5.000000000,""
"Malaria","Confirmed cases","Reported cases","N","2015","SK","Slovakia",0.000000000,""
"Malaria","Confirmed cases","Reported cases","N","2015","UK","United Kingdom",1397.000000000,""
"Malaria","Confirmed cases","Reported cases","N","2016","AT","Austria",82.000000000,""
"Malaria","Confirmed cases","Reported cases","N","2016","BE","Belgium",311.000000000,""
"Malaria","Confirmed cases","Reported cases","N","2016","BG","Bulgaria",28.000000000,""
"Malaria","Confirmed cases","Reported cases","N","2016","CY","Cyprus",1.000000000,""
"Malaria","Confirmed cases","Reported cases","N","2016","CZ","Czechia",38.000000000,""
"Malaria","Confirmed cases","Reported cases","N","2016","DE","Germany",962.000000000,""
"Malaria","Confirmed cases","Reported cases","N","2016","DK","Denmark",102.000000000,""
"Malaria","Confirmed cases","Reported cases","N","2016","EE","Estonia",1.000000000,""
"Malaria","Confirmed cases","Reported cases","N","2016","EL","Greece",121.000000000,""
"Malaria","Confirmed cases","Reported cases","N","2016","ES","Spain",755.000000000,""
"Malaria","Confirmed cases","Reported cases","N","2016","EU27_21","EU (without UK)",6575.000000000,""
"Malaria","Confirmed cases","Reported cases","N","2016","EU27_UK_21","EU (with UK until 2019)",8149.000000000,""
"Malaria","Confirmed cases","Reported cases","N","2016","EUEEA30_21","EU/EEA (without UK)",6652.000000000,""
"Malaria","Confirmed cases","Reported cases","N","2016","EUEEAUK_21","EU/EEA (with UK until 2019)",8226.000000000,""
"Malaria","Confirmed cases","Reported cases","N","2016","FI","Finland",47.000000000,""
"Malaria","Confirmed cases","Reported cases","N","2016","FR","France",2447.000000000,""
"Malaria","Confirmed cases","Reported cases","N","2016","HR","Croatia",4.000000000,""
"Malaria","Confirmed cases","Reported cases","N","2016","HU","Hungary",17.000000000,""
"Malaria","Confirmed cases","Reported cases","N","2016","IE","Ireland",88.000000000,""
"Malaria","Confirmed cases","Reported cases","N","2016","IS","Iceland",2.000000000,""
"Malaria","Confirmed cases","Reported cases","N","2016","IT","Italy",888.000000000,""
"Malaria","Confirmed cases","Reported cases","N","2016","LT","Lithuania",3.000000000,""
"Malaria","Confirmed cases","Reported cases","N","2016","LU","Luxembourg",5.000000000,""
"Malaria","Confirmed cases","Reported cases","N","2016","LV","Latvia",3.000000000,""
"Malaria","Confirmed cases","Reported cases","N","2016","MT","Malta",7.000000000,""
"Malaria","Confirmed cases","Reported cases","N","2016","NL","Netherlands",245.000000000,""
"Malaria","Confirmed cases","Reported cases","N","2016","NO","Norway",75.000000000,""
"Malaria","Confirmed cases","Reported cases","N","2016","PL","Poland",38.000000000,""
"Malaria","Confirmed cases","Reported cases","N","2016","PT","Portugal",197.000000000,""
"Malaria","Confirmed cases","Reported cases","N","2016","RO","Romania",21.000000000,""
"Malaria","Confirmed cases","Reported cases","N","2016","SE","Sweden",154.000000000,""
"Malaria","Confirmed cases","Reported cases","N","2016","SI","Slovenia",6.000000000,""
"Malaria","Confirmed cases","Reported cases","N","2016","SK","Slovakia",4.000000000,""
"Malaria","Confirmed cases","Reported cases","N","2016","UK","United Kingdom",1574.000000000,""
"Malaria","Confirmed cases","Reported cases","N","2017","AT","Austria",78.000000000,""
"Malaria","Confirmed cases","Reported cases","N","2017","BE","Belgium",249.000000000,""
"Malaria","Confirmed cases","Reported cases","N","2017","BG","Bulgaria",8.000000000,""
"Malaria","Confirmed cases","Reported cases","N","2017","CY","Cyprus",8.000000000,""
"Malaria","Confirmed cases","Reported cases","N","2017","CZ","Czechia",27.000000000,""
"Malaria","Confirmed cases","Reported cases","N","2017","DE","Germany",957.000000000,""
"Malaria","Confirmed cases","Reported cases","N","2017","DK","Denmark",94.000000000,""
"Malaria","Confirmed cases","Reported cases","N","2017","EE","Estonia",2.000000000,""
"Malaria","Confirmed cases","Reported cases","N","2017","EL","Greece",107.000000000,""
"Malaria","Confirmed cases","Reported cases","N","2017","ES","Spain",818.000000000,""
"Malaria","Confirmed cases","Reported cases","N","2017","EU27_21","EU (without UK)",6553.000000000,""
"Malaria","Confirmed cases","Reported cases","N","2017","EU27_UK_21","EU (with UK until 2019)",8363.000000000,""
"Malaria","Confirmed cases","Reported cases","N","2017","EUEEA30_21","EU/EEA (without UK)",6617.000000000,""
"Malaria","Confirmed cases","Reported cases","N","2017","EUEEAUK_21","EU/EEA (with UK until 2019)",8427.000000000,""
"Malaria","Confirmed cases","Reported cases","N","2017","FI","Finland",36.000000000,""
"Malaria","Confirmed cases","Reported cases","N","2017","FR","France",2712.000000000,""
"Malaria","Confirmed cases","Reported cases","N","2017","HR","Croatia",10.000000000,""
"Malaria","Confirmed cases","Reported cases","N","2017","HU","Hungary",12.000000000,""
"Malaria","Confirmed cases","Reported cases","N","2017","IE","Ireland",78.000000000,""
"Malaria","Confirmed cases","Reported cases","N","2017","IS","Iceland",3.000000000,""
"Malaria","Confirmed cases","Reported cases","N","2017","IT","Italy",830.000000000,""
"Malaria","Confirmed cases","Reported cases","N","2017","LT","Lithuania",6.000000000,""
"Malaria","Confirmed cases","Reported cases","N","2017","LU","Luxembourg",11.000000000,""
"Malaria","Confirmed cases","Reported cases","N","2017","LV","Latvia",1.000000000,""
"Malaria","Confirmed cases","Reported cases","N","2017","MT","Malta",12.000000000,""
"Malaria","Confirmed cases","Reported cases","N","2017","NL","Netherlands",202.000000000,""
"Malaria","Confirmed cases","Reported cases","N","2017","NO","Norway",61.000000000,""
"Malaria","Confirmed cases","Reported cases","N","2017","PL","Poland",27.000000000,""
"Malaria","Confirmed cases","Reported cases","N","2017","PT","Portugal",92.000000000,""
"Malaria","Confirmed cases","Reported cases","N","2017","RO","Romania",15.000000000,""
"Malaria","Confirmed cases","Reported cases","N","2017","SE","Sweden",150.000000000,""
"Malaria","Confirmed cases","Reported cases","N","2017","SI","Slovenia",11.000000000,""
"Malaria","Confirmed cases","Reported cases","N","2017","SK","Slovakia",0.000000000,""
"Malaria","Confirmed cases","Reported cases","N","2017","UK","United Kingdom",1810.000000000,""
"Malaria","Confirmed cases","Reported cases","N","2018","AT","Austria",62.000000000,""
"Malaria","Confirmed cases","Reported cases","N","2018","BE","Belgium",357.000000000,""
"Malaria","Confirmed cases","Reported cases","N","2018","BG","Bulgaria",8.000000000,""
"Malaria","Confirmed cases","Reported cases","N","2018","CY","Cyprus",4.000000000,""
"Malaria","Confirmed cases","Reported cases","N","2018","CZ","Czechia",34.000000000,""
"Malaria","Confirmed cases","Reported cases","N","2018","DE","Germany",900.000000000,""
"Malaria","Confirmed cases","Reported cases","N","2018","DK","Denmark",64.000000000,""
"Malaria","Confirmed cases","Reported cases","N","2018","EE","Estonia",3.000000000,""
"Malaria","Confirmed cases","Reported cases","N","2018","EL","Greece",55.000000000,""
"Malaria","Confirmed cases","Reported cases","N","2018","ES","Spain",851.000000000,""
"Malaria","Confirmed cases","Reported cases","N","2018","EU27_21","EU (without UK)",6638.000000000,""
"Malaria","Confirmed cases","Reported cases","N","2018","EU27_UK_21","EU (with UK until 2019)",8307.000000000,""
"Malaria","Confirmed cases","Reported cases","N","2018","EUEEA30_21","EU/EEA (without UK)",6695.000000000,""
"Malaria","Confirmed cases","Reported cases","N","2018","EUEEAUK_21","EU/EEA (with UK until 2019)",8364.000000000,""
"Malaria","Confirmed cases","Reported cases","N","2018","FI","Finland",34.000000000,""
"Malaria","Confirmed cases","Reported cases","N","2018","FR","France",2840.000000000,""
"Malaria","Confirmed cases","Reported cases","N","2018","HR","Croatia",2.000000000,""
"Malaria","Confirmed cases","Reported cases","N","2018","HU","Hungary",17.000000000,""
"Malaria","Confirmed cases","Reported cases","N","2018","IE","Ireland",60.000000000,""
"Malaria","Confirmed cases","Reported cases","N","2018","IS","Iceland",3.000000000,""
"Malaria","Confirmed cases","Reported cases","N","2018","IT","Italy",722.000000000,""
"Malaria","Confirmed cases","Reported cases","N","2018","LT","Lithuania",6.000000000,""
"Malaria","Confirmed cases","Reported cases","N","2018","LU","Luxembourg",13.000000000,""
"Malaria","Confirmed cases","Reported cases","N","2018","LV","Latvia",4.000000000,""
"Malaria","Confirmed cases","Reported cases","N","2018","MT","Malta",7.000000000,""
"Malaria","Confirmed cases","Reported cases","N","2018","NL","Netherlands",252.000000000,""
"Malaria","Confirmed cases","Reported cases","N","2018","NO","Norway",54.000000000,""
"Malaria","Confirmed cases","Reported cases","N","2018","PL","Poland",28.000000000,""
"Malaria","Confirmed cases","Reported cases","N","2018","PT","Portugal",102.000000000,""
"Malaria","Confirmed cases","Reported cases","N","2018","RO","Romania",18.000000000,""
"Malaria","Confirmed cases","Reported cases","N","2018","SE","Sweden",189.000000000,""
"Malaria","Confirmed cases","Reported cases","N","2018","SI","Slovenia",3.000000000,""
"Malaria","Confirmed cases","Reported cases","N","2018","SK","Slovakia",3.000000000,""
"Malaria","Confirmed cases","Reported cases","N","2018","UK","United Kingdom",1669.000000000,""
"Malaria","Confirmed cases","Reported cases","N","2019","AT","Austria",72.000000000,""
"Malaria","Confirmed cases","Reported cases","N","2019","BE","Belgium",417.000000000,""
"Malaria","Confirmed cases","Reported cases","N","2019","BG","Bulgaria",8.000000000,""
"Malaria","Confirmed cases","Reported cases","N","2019","CY","Cyprus",4.000000000,""
"Malaria","Confirmed cases","Reported cases","N","2019","CZ","Czechia",32.000000000,""
"Malaria","Confirmed cases","Reported cases","N","2019","DE","Germany",999.000000000,""
"Malaria","Confirmed cases","Reported cases","N","2019","DK","Denmark",71.000000000,""
"Malaria","Confirmed cases","Reported cases","N","2019","EE","Estonia",3.000000000,""
"Malaria","Confirmed cases","Reported cases","N","2019","EL","Greece",40.000000000,""
"Malaria","Confirmed cases","Reported cases","N","2019","ES","Spain",783.000000000,""
"Malaria","Confirmed cases","Reported cases","N","2019","EU27_21","EU (without UK)",6827.000000000,""
"Malaria","Confirmed cases","Reported cases","N","2019","EU27_UK_21","EU (with UK until 2019)",8533.000000000,""
"Malaria","Confirmed cases","Reported cases","N","2019","EUEEA30_21","EU/EEA (without UK)",7027.000000000,""
"Malaria","Confirmed cases","Reported cases","N","2019","EUEEAUK_21","EU/EEA (with UK until 2019)",8733.000000000,""
"Malaria","Confirmed cases","Reported cases","N","2019","FI","Finland",50.000000000,""
"Malaria","Confirmed cases","Reported cases","N","2019","FR","France",2839.000000000,""
"Malaria","Confirmed cases","Reported cases","N","2019","HR","Croatia",3.000000000,""
"Malaria","Confirmed cases","Reported cases","N","2019","HU","Hungary",12.000000000,""
"Malaria","Confirmed cases","Reported cases","N","2019","IE","Ireland",80.000000000,""
"Malaria","Confirmed cases","Reported cases","N","2019","IS","Iceland",4.000000000,""
"Malaria","Confirmed cases","Reported cases","N","2019","IT","Italy",811.000000000,""
"Malaria","Confirmed cases","Reported cases","N","2019","LT","Lithuania",7.000000000,""
"Malaria","Confirmed cases","Reported cases","N","2019","LU","Luxembourg",13.000000000,""
"Malaria","Confirmed cases","Reported cases","N","2019","LV","Latvia",4.000000000,""
"Malaria","Confirmed cases","Reported cases","N","2019","MT","Malta",20.000000000,""
"Malaria","Confirmed cases","Reported cases","N","2019","NL","Netherlands",180.000000000,""
"Malaria","Confirmed cases","Reported cases","N","2019","NO","Norway",196.000000000,""
"Malaria","Confirmed cases","Reported cases","N","2019","PL","Poland",24.000000000,""
"Malaria","Confirmed cases","Reported cases","N","2019","PT","Portugal",116.000000000,""
"Malaria","Confirmed cases","Reported cases","N","2019","RO","Romania",22.000000000,""
"Malaria","Confirmed cases","Reported cases","N","2019","SE","Sweden",205.000000000,""
"Malaria","Confirmed cases","Reported cases","N","2019","SI","Slovenia",6.000000000,""
"Malaria","Confirmed cases","Reported cases","N","2019","SK","Slovakia",6.000000000,""
"Malaria","Confirmed cases","Reported cases","N","2019","UK","United Kingdom",1706.000000000,""
"Malaria","Confirmed cases","Reported cases","N","2020","AT","Austria",27.000000000,""
"Malaria","Confirmed cases","Reported cases","N","2020","BE","Belgium",241.000000000,""
"Malaria","Confirmed cases","Reported cases","N","2020","BG","Bulgaria",5.000000000,""
"Malaria","Confirmed cases","Reported cases","N","2020","CY","Cyprus",0.000000000,""
"Malaria","Confirmed cases","Reported cases","N","2020","CZ","Czechia",9.000000000,""
"Malaria","Confirmed cases","Reported cases","N","2020","DE","Germany",366.000000000,""
"Malaria","Confirmed cases","Reported cases","N","2020","DK","Denmark",32.000000000,""
"Malaria","Confirmed cases","Reported cases","N","2020","EE","Estonia",1.000000000,""
"Malaria","Confirmed cases","Reported cases","N","2020","EL","Greece",23.000000000,""
"Malaria","Confirmed cases","Reported cases","N","2020","ES","Spain",210.000000000,""
"Malaria","Confirmed cases","Reported cases","N","2020","EU27_21","EU (without UK)",2464.000000000,""
"Malaria","Confirmed cases","Reported cases","N","2020","EU27_UK_21","EU (with UK until 2019)",2464.000000000,""
"Malaria","Confirmed cases","Reported cases","N","2020","EUEEA30_21","EU/EEA (without UK)",2512.000000000,""
"Malaria","Confirmed cases","Reported cases","N","2020","EUEEAUK_21","EU/EEA (with UK until 2019)",2512.000000000,""
"Malaria","Confirmed cases","Reported cases","N","2020","FI","Finland",52.000000000,""
"Malaria","Confirmed cases","Reported cases","N","2020","FR","France",1007.000000000,""
"Malaria","Confirmed cases","Reported cases","N","2020","HR","Croatia",0.000000000,""
"Malaria","Confirmed cases","Reported cases","N","2020","HU","Hungary",10.000000000,""
"Malaria","Confirmed cases","Reported cases","N","2020","IE","Ireland",15.000000000,""
"Malaria","Confirmed cases","Reported cases","N","2020","IS","Iceland",0.000000000,""
"Malaria","Confirmed cases","Reported cases","N","2020","IT","Italy",181.000000000,""
"Malaria","Confirmed cases","Reported cases","N","2020","LT","Lithuania",0.000000000,""
"Malaria","Confirmed cases","Reported cases","N","2020","LU","Luxembourg",5.000000000,""
"Malaria","Confirmed cases","Reported cases","N","2020","LV","Latvia",0.000000000,""
"Malaria","Confirmed cases","Reported cases","N","2020","MT","Malta",1.000000000,""
"Malaria","Confirmed cases","Reported cases","N","2020","NL","Netherlands",68.000000000,""
"Malaria","Confirmed cases","Reported cases","N","2020","NO","Norway",48.000000000,""
"Malaria","Confirmed cases","Reported cases","N","2020","PL","Poland",8.000000000,""
"Malaria","Confirmed cases","Reported cases","N","2020","PT","Portugal",59.000000000,""
"Malaria","Confirmed cases","Reported cases","N","2020","RO","Romania",2.000000000,""
"Malaria","Confirmed cases","Reported cases","N","2020","SE","Sweden",138.000000000,""
"Malaria","Confirmed cases","Reported cases","N","2020","SI","Slovenia",2.000000000,""
"Malaria","Confirmed cases","Reported cases","N","2020","SK","Slovakia",2.000000000,""
"Malaria","Confirmed cases","Reported cases","N","2021","AT","Austria",37.000000000,""
"Malaria","Confirmed cases","Reported cases","N","2021","BE","Belgium",365.000000000,""
"Malaria","Confirmed cases","Reported cases","N","2021","BG","Bulgaria",9.000000000,""
"Malaria","Confirmed cases","Reported cases","N","2021","CY","Cyprus",0.000000000,""
"Malaria","Confirmed cases","Reported cases","N","2021","CZ","Czechia",10.000000000,""
"Malaria","Confirmed cases","Reported cases","N","2021","DE","Germany",614.000000000,""
"Malaria","Confirmed cases","Reported cases","N","2021","DK","Denmark",39.000000000,""
"Malaria","Confirmed cases","Reported cases","N","2021","EE","Estonia",3.000000000,""
"Malaria","Confirmed cases","Reported cases","N","2021","EL","Greece",32.000000000,""
"Malaria","Confirmed cases","Reported cases","N","2021","ES","Spain",430.000000000,""
"Malaria","Confirmed cases","Reported cases","N","2021","EU27_21","EU (without UK)",4827.000000000,""
"Malaria","Confirmed cases","Reported cases","N","2021","EU27_UK_21","EU (with UK until 2019)",4827.000000000,""
"Malaria","Confirmed cases","Reported cases","N","2021","EUEEA30_21","EU/EEA (without UK)",4902.000000000,""
"Malaria","Confirmed cases","Reported cases","N","2021","EUEEAUK_21","EU/EEA (with UK until 2019)",4902.000000000,""
"Malaria","Confirmed cases","Reported cases","N","2021","FI","Finland",39.000000000,""
"Malaria","Confirmed cases","Reported cases","N","2021","FR","France",2321.000000000,""
"Malaria","Confirmed cases","Reported cases","N","2021","HU","Hungary",8.000000000,""
"Malaria","Confirmed cases","Reported cases","N","2021","IE","Ireland",39.000000000,""
"Malaria","Confirmed cases","Reported cases","N","2021","IS","Iceland",7.000000000,""
"Malaria","Confirmed cases","Reported cases","N","2021","IT","Italy",443.000000000,""
"Malaria","Confirmed cases","Reported cases","N","2021","LI","Liechtenstein",0.000000000,""
"Malaria","Confirmed cases","Reported cases","N","2021","LT","Lithuania",3.000000000,""
"Malaria","Confirmed cases","Reported cases","N","2021","LU","Luxembourg",28.000000000,""
"Malaria","Confirmed cases","Reported cases","N","2021","LV","Latvia",0.000000000,""
"Malaria","Confirmed cases","Reported cases","N","2021","MT","Malta",4.000000000,""
"Malaria","Confirmed cases","Reported cases","N","2021","NL","Netherlands",150.000000000,""
"Malaria","Confirmed cases","Reported cases","N","2021","NO","Norway",68.000000000,""
"Malaria","Confirmed cases","Reported cases","N","2021","PL","Poland",15.000000000,""
"Malaria","Confirmed cases","Reported cases","N","2021","PT","Portugal",79.000000000,""
"Malaria","Confirmed cases","Reported cases","N","2021","RO","Romania",7.000000000,""
"Malaria","Confirmed cases","Reported cases","N","2021","SE","Sweden",144.000000000,""
"Malaria","Confirmed cases","Reported cases","N","2021","SI","Slovenia",3.000000000,""
"Malaria","Confirmed cases","Reported cases","N","2021","SK","Slovakia",5.000000000,""
"Malaria","Confirmed cases","Reported cases","N","2022","AT","Austria",74.000000000,""
"Malaria","Confirmed cases","Reported cases","N","2022","BE","Belgium",491.000000000,""
"Malaria","Confirmed cases","Reported cases","N","2022","BG","Bulgaria",5.000000000,""
"Malaria","Confirmed cases","Reported cases","N","2022","CY","Cyprus",4.000000000,""
"Malaria","Confirmed cases","Reported cases","N","2022","CZ","Czechia",29.000000000,""
"Malaria","Confirmed cases","Reported cases","N","2022","DE","Germany",772.000000000,""
"Malaria","Confirmed cases","Reported cases","N","2022","DK","Denmark",67.000000000,""
"Malaria","Confirmed cases","Reported cases","N","2022","EE","Estonia",4.000000000,""
"Malaria","Confirmed cases","Reported cases","N","2022","EL","Greece",31.000000000,""
"Malaria","Confirmed cases","Reported cases","N","2022","ES","Spain",669.000000000,""
"Malaria","Confirmed cases","Reported cases","N","2022","EU27_21","EU (without UK)",6161.000000000,""
"Malaria","Confirmed cases","Reported cases","N","2022","EU27_UK_21","EU (with UK until 2019)",6161.000000000,""
"Malaria","Confirmed cases","Reported cases","N","2022","EUEEA30_21","EU/EEA (without UK)",6227.000000000,""
"Malaria","Confirmed cases","Reported cases","N","2022","EUEEAUK_21","EU/EEA (with UK until 2019)",6227.000000000,""
"Malaria","Confirmed cases","Reported cases","N","2022","FI","Finland",47.000000000,""
"Malaria","Confirmed cases","Reported cases","N","2022","FR","France",2783.000000000,""
"Malaria","Confirmed cases","Reported cases","N","2022","HR","Croatia",1.000000000,""
"Malaria","Confirmed cases","Reported cases","N","2022","HU","Hungary",22.000000000,""
"Malaria","Confirmed cases","Reported cases","N","2022","IE","Ireland",53.000000000,""
"Malaria","Confirmed cases","Reported cases","N","2022","IS","Iceland",5.000000000,""
"Malaria","Confirmed cases","Reported cases","N","2022","IT","Italy",596.000000000,""
"Malaria","Confirmed cases","Reported cases","N","2022","LI","Liechtenstein",1.000000000,""
"Malaria","Confirmed cases","Reported cases","N","2022","LT","Lithuania",4.000000000,""
"Malaria","Confirmed cases","Reported cases","N","2022","LV","Latvia",0.000000000,""
"Malaria","Confirmed cases","Reported cases","N","2022","MT","Malta",4.000000000,""
"Malaria","Confirmed cases","Reported cases","N","2022","NL","Netherlands",204.000000000,""
"Malaria","Confirmed cases","Reported cases","N","2022","NO","Norway",60.000000000,""
"Malaria","Confirmed cases","Reported cases","N","2022","PL","Poland",26.000000000,""
"Malaria","Confirmed cases","Reported cases","N","2022","PT","Portugal",81.000000000,""
"Malaria","Confirmed cases","Reported cases","N","2022","RO","Romania",25.000000000,""
"Malaria","Confirmed cases","Reported cases","N","2022","SE","Sweden",158.000000000,""
"Malaria","Confirmed cases","Reported cases","N","2022","SI","Slovenia",9.000000000,""
"Malaria","Confirmed cases","Reported cases","N","2022","SK","Slovakia",2.000000000,""
"Malaria","Confirmed cases","Reported cases","N","2023","AT","Austria",97.000000000,""
"Malaria","Confirmed cases","Reported cases","N","2023","BE","Belgium",508.000000000,""
"Malaria","Confirmed cases","Reported cases","N","2023","BG","Bulgaria",10.000000000,""
"Malaria","Confirmed cases","Reported cases","N","2023","CY","Cyprus",4.000000000,""
"Malaria","Confirmed cases","Reported cases","N","2023","CZ","Czechia",40.000000000,""
"Malaria","Confirmed cases","Reported cases","N","2023","DE","Germany",991.000000000,""
"Malaria","Confirmed cases","Reported cases","N","2023","DK","Denmark",70.000000000,""
"Malaria","Confirmed cases","Reported cases","N","2023","EE","Estonia",1.000000000,""
"Malaria","Confirmed cases","Reported cases","N","2023","EL","Greece",32.000000000,""
"Malaria","Confirmed cases","Reported cases","N","2023","ES","Spain",804.000000000,""
"Malaria","Confirmed cases","Reported cases","N","2023","EU27_21","EU (without UK)",7248.000000000,""
"Malaria","Confirmed cases","Reported cases","N","2023","EU27_UK_21","EU (with UK until 2019)",7248.000000000,""
"Malaria","Confirmed cases","Reported cases","N","2023","EUEEA30_21","EU/EEA (without UK)",7321.000000000,""
"Malaria","Confirmed cases","Reported cases","N","2023","EUEEAUK_21","EU/EEA (with UK until 2019)",7321.000000000,""
"Malaria","Confirmed cases","Reported cases","N","2023","FI","Finland",52.000000000,""
"Malaria","Confirmed cases","Reported cases","N","2023","FR","France",3013.000000000,""
"Malaria","Confirmed cases","Reported cases","N","2023","HR","Croatia",6.000000000,""
"Malaria","Confirmed cases","Reported cases","N","2023","HU","Hungary",21.000000000,""
"Malaria","Confirmed cases","Reported cases","N","2023","IE","Ireland",89.000000000,""
"Malaria","Confirmed cases","Reported cases","N","2023","IS","Iceland",7.000000000,""
"Malaria","Confirmed cases","Reported cases","N","2023","IT","Italy",798.000000000,""
"Malaria","Confirmed cases","Reported cases","N","2023","LI","Liechtenstein",0.000000000,""
"Malaria","Confirmed cases","Reported cases","N","2023","LT","Lithuania",11.000000000,""
"Malaria","Confirmed cases","Reported cases","N","2023","LU","Luxembourg",39.000000000,""
"Malaria","Confirmed cases","Reported cases","N","2023","LV","Latvia",3.000000000,""
"Malaria","Confirmed cases","Reported cases","N","2023","MT","Malta",18.000000000,""
"Malaria","Confirmed cases","Reported cases","N","2023","NL","Netherlands",246.000000000,""
"Malaria","Confirmed cases","Reported cases","N","2023","NO","Norway",66.000000000,""
"Malaria","Confirmed cases","Reported cases","N","2023","PL","Poland",46.000000000,""
"Malaria","Confirmed cases","Reported cases","N","2023","PT","Portugal",151.000000000,""
"Malaria","Confirmed cases","Reported cases","N","2023","RO","Romania",33.000000000,""
"Malaria","Confirmed cases","Reported cases","N","2023","SE","Sweden",145.000000000,""
"Malaria","Confirmed cases","Reported cases","N","2023","SI","Slovenia",11.000000000,""
"Malaria","Confirmed cases","Reported cases","N","2023","SK","Slovakia",9.000000000,""
"Malaria","Confirmed cases","Reported cases","N","2024","AT","Austria",80.000000000,""
"Malaria","Confirmed cases","Reported cases","N","2024","BE","Belgium",448.000000000,""
"Malaria","Confirmed cases","Reported cases","N","2024","BG","Bulgaria",18.000000000,""
"Malaria","Confirmed cases","Reported cases","N","2024","CY","Cyprus",4.000000000,""
"Malaria","Confirmed cases","Reported cases","N","2024","CZ","Czechia",38.000000000,""
"Malaria","Confirmed cases","Reported cases","N","2024","DE","Germany",934.000000000,""
"Malaria","Confirmed cases","Reported cases","N","2024","DK","Denmark",63.000000000,""
"Malaria","Confirmed cases","Reported cases","N","2024","EE","Estonia",6.000000000,""
"Malaria","Confirmed cases","Reported cases","N","2024","EL","Greece",35.000000000,""
"Malaria","Confirmed cases","Reported cases","N","2024","ES","Spain",756.000000000,""
"Malaria","Confirmed cases","Reported cases","N","2024","EU27_21","EU (without UK)",7068.000000000,""
"Malaria","Confirmed cases","Reported cases","N","2024","EU27_UK_21","EU (with UK until 2019)",7068.000000000,""
"Malaria","Confirmed cases","Reported cases","N","2024","EUEEA30_21","EU/EEA (without UK)",7144.000000000,""
"Malaria","Confirmed cases","Reported cases","N","2024","EUEEAUK_21","EU/EEA (with UK until 2019)",7144.000000000,""
"Malaria","Confirmed cases","Reported cases","N","2024","FI","Finland",35.000000000,""
"Malaria","Confirmed cases","Reported cases","N","2024","FR","France",3104.000000000,""
"Malaria","Confirmed cases","Reported cases","N","2024","HR","Croatia",8.000000000,""
"Malaria","Confirmed cases","Reported cases","N","2024","HU","Hungary",15.000000000,""
"Malaria","Confirmed cases","Reported cases","N","2024","IE","Ireland",78.000000000,""
"Malaria","Confirmed cases","Reported cases","N","2024","IS","Iceland",4.000000000,""
"Malaria","Confirmed cases","Reported cases","N","2024","IT","Italy",890.000000000,""
"Malaria","Confirmed cases","Reported cases","N","2024","LI","Liechtenstein",1.000000000,""
"Malaria","Confirmed cases","Reported cases","N","2024","LT","Lithuania",10.000000000,""
"Malaria","Confirmed cases","Reported cases","N","2024","LU","Luxembourg",44.000000000,""
"Malaria","Confirmed cases","Reported cases","N","2024","MT","Malta",13.000000000,""
"Malaria","Confirmed cases","Reported cases","N","2024","NL","Netherlands",200.000000000,""
"Malaria","Confirmed cases","Reported cases","N","2024","NO","Norway",71.000000000,""
"Malaria","Confirmed cases","Reported cases","N","2024","PL","Poland",43.000000000,""
"Malaria","Confirmed cases","Reported cases","N","2024","PT","Portugal",65.000000000,""
"Malaria","Confirmed cases","Reported cases","N","2024","RO","Romania",44.000000000,""
"Malaria","Confirmed cases","Reported cases","N","2024","SE","Sweden",122.000000000,""
"Malaria","Confirmed cases","Reported cases","N","2024","SI","Slovenia",9.000000000,""
"Malaria","Confirmed cases","Reported cases","N","2024","SK","Slovakia",6.000000000,""
"Malaria","Confirmed cases - Data quality","Completeness Age - AER Only (not visible in Public Atlas)","%","2008","AT","Austria",100.000000000,""
"Malaria","Confirmed cases - Data quality","Completeness Age - AER Only (not visible in Public Atlas)","%","2008","BE","Belgium",-,""
"Malaria","Confirmed cases - Data quality","Completeness Age - AER Only (not visible in Public Atlas)","%","2008","BG","Bulgaria",-,""
"Malaria","Confirmed cases - Data quality","Completeness Age - AER Only (not visible in Public Atlas)","%","2008","CY","Cyprus",-,""
"Malaria","Confirmed cases - Data quality","Completeness Age - AER Only (not visible in Public Atlas)","%","2008","CZ","Czechia",100.000000000,""
"Malaria","Confirmed cases - Data quality","Completeness Age - AER Only (not visible in Public Atlas)","%","2008","DE","Germany",-,""
"Malaria","Confirmed cases - Data quality","Completeness Age - AER Only (not visible in Public Atlas)","%","2008","EE","Estonia",-,""
"Malaria","Confirmed cases - Data quality","Completeness Age - AER Only (not visible in Public Atlas)","%","2008","EL","Greece",84.210526310,""
"Malaria","Confirmed cases - Data quality","Completeness Age - AER Only (not visible in Public Atlas)","%","2008","ES","Spain",98.965517240,""
"Malaria","Confirmed cases - Data quality","Completeness Age - AER Only (not visible in Public Atlas)","%","2008","EU27_21","EU (without UK)",36.536934000,""
"Malaria","Confirmed cases - Data quality","Completeness Age - AER Only (not visible in Public Atlas)","%","2008","EU27_UK_21","EU (with UK until 2019)",53.302253000,""
"Malaria","Confirmed cases - Data quality","Completeness Age - AER Only (not visible in Public Atlas)","%","2008","EUEEA30_21","EU/EEA (without UK)",37.070097000,""
"Malaria","Confirmed cases - Data quality","Completeness Age - AER Only (not visible in Public Atlas)","%","2008","EUEEAUK_21","EU/EEA (with UK until 2019)",53.590733000,""
"Malaria","Confirmed cases - Data quality","Completeness Age - AER Only (not visible in Public Atlas)","%","2008","FI","Finland",100.000000000,""
"Malaria","Confirmed cases - Data quality","Completeness Age - AER Only (not visible in Public Atlas)","%","2008","FR","France",0.000000000,""
"Malaria","Confirmed cases - Data quality","Completeness Age - AER Only (not visible in Public Atlas)","%","2008","HU","Hungary",100.000000000,""
"Malaria","Confirmed cases - Data quality","Completeness Age - AER Only (not visible in Public Atlas)","%","2008","IE","Ireland",100.000000000,""
"Malaria","Confirmed cases - Data quality","Completeness Age - AER Only (not visible in Public Atlas)","%","2008","IT","Italy",75.643224690,""
"Malaria","Confirmed cases - Data quality","Completeness Age - AER Only (not visible in Public Atlas)","%","2008","LT","Lithuania",100.000000000,""
"Malaria","Confirmed cases - Data quality","Completeness Age - AER Only (not visible in Public Atlas)","%","2008","LU","Luxembourg",100.000000000,""
"Malaria","Confirmed cases - Data quality","Completeness Age - AER Only (not visible in Public Atlas)","%","2008","LV","Latvia",100.000000000,""
"Malaria","Confirmed cases - Data quality","Completeness Age - AER Only (not visible in Public Atlas)","%","2008","MT","Malta",100.000000000,""
"Malaria","Confirmed cases - Data quality","Completeness Age - AER Only (not visible in Public Atlas)","%","2008","NL","Netherlands",100.000000000,""
"Malaria","Confirmed cases - Data quality","Completeness Age - AER Only (not visible in Public Atlas)","%","2008","NO","Norway",100.000000000,""
"Malaria","Confirmed cases - Data quality","Completeness Age - AER Only (not visible in Public Atlas)","%","2008","PL","Poland",100.000000000,""
"Malaria","Confirmed cases - Data quality","Completeness Age - AER Only (not visible in Public Atlas)","%","2008","PT","Portugal",100.000000000,""
"Malaria","Confirmed cases - Data quality","Completeness Age - AER Only (not visible in Public Atlas)","%","2008","RO","Romania",100.000000000,""
"Malaria","Confirmed cases - Data quality","Completeness Age - AER Only (not visible in Public Atlas)","%","2008","SE","Sweden",100.000000000,""
"Malaria","Confirmed cases - Data quality","Completeness Age - AER Only (not visible in Public Atlas)","%","2008","SI","Slovenia",100.000000000,""
"Malaria","Confirmed cases - Data quality","Completeness Age - AER Only (not visible in Public Atlas)","%","2008","SK","Slovakia",100.000000000,""
"Malaria","Confirmed cases - Data quality","Completeness Age - AER Only (not visible in Public Atlas)","%","2008","UK","United Kingdom",99.489423770,""
"Malaria","Confirmed cases - Data quality","Completeness Age - AER Only (not visible in Public Atlas)","%","2009","AT","Austria",100.000000000,""
"Malaria","Confirmed cases - Data quality","Completeness Age - AER Only (not visible in Public Atlas)","%","2009","BE","Belgium",-,""
"Malaria","Confirmed cases - Data quality","Completeness Age - AER Only (not visible in Public Atlas)","%","2009","BG","Bulgaria",100.000000000,""
"Malaria","Confirmed cases - Data quality","Completeness Age - AER Only (not visible in Public Atlas)","%","2009","CY","Cyprus",100.000000000,""
"Malaria","Confirmed cases - Data quality","Completeness Age - AER Only (not visible in Public Atlas)","%","2009","CZ","Czechia",100.000000000,""
"Malaria","Confirmed cases - Data quality","Completeness Age - AER Only (not visible in Public Atlas)","%","2009","DE","Germany",-,""
"Malaria","Confirmed cases - Data quality","Completeness Age - AER Only (not visible in Public Atlas)","%","2009","EE","Estonia",100.000000000,""
"Malaria","Confirmed cases - Data quality","Completeness Age - AER Only (not visible in Public Atlas)","%","2009","EL","Greece",86.274509800,""
"Malaria","Confirmed cases - Data quality","Completeness Age - AER Only (not visible in Public Atlas)","%","2009","ES","Spain",98.314606740,""
"Malaria","Confirmed cases - Data quality","Completeness Age - AER Only (not visible in Public Atlas)","%","2009","EU27_21","EU (without UK)",39.382940000,""
"Malaria","Confirmed cases - Data quality","Completeness Age - AER Only (not visible in Public Atlas)","%","2009","EU27_UK_21","EU (with UK until 2019)",56.165919000,""
"Malaria","Confirmed cases - Data quality","Completeness Age - AER Only (not visible in Public Atlas)","%","2009","EUEEA30_21","EU/EEA (without UK)",39.912618000,""
"Malaria","Confirmed cases - Data quality","Completeness Age - AER Only (not visible in Public Atlas)","%","2009","EUEEAUK_21","EU/EEA (with UK until 2019)",56.442629000,""
"Malaria","Confirmed cases - Data quality","Completeness Age - AER Only (not visible in Public Atlas)","%","2009","FI","Finland",100.000000000,""
"Malaria","Confirmed cases - Data quality","Completeness Age - AER Only (not visible in Public Atlas)","%","2009","FR","France",0.000000000,""
"Malaria","Confirmed cases - Data quality","Completeness Age - AER Only (not visible in Public Atlas)","%","2009","HU","Hungary",100.000000000,""
"Malaria","Confirmed cases - Data quality","Completeness Age - AER Only (not visible in Public Atlas)","%","2009","IE","Ireland",100.000000000,""
"Malaria","Confirmed cases - Data quality","Completeness Age - AER Only (not visible in Public Atlas)","%","2009","IT","Italy",80.345911940,""
"Malaria","Confirmed cases - Data quality","Completeness Age - AER Only (not visible in Public Atlas)","%","2009","LT","Lithuania",100.000000000,""
"Malaria","Confirmed cases - Data quality","Completeness Age - AER Only (not visible in Public Atlas)","%","2009","LU","Luxembourg",100.000000000,""
"Malaria","Confirmed cases - Data quality","Completeness Age - AER Only (not visible in Public Atlas)","%","2009","LV","Latvia",100.000000000,""
"Malaria","Confirmed cases - Data quality","Completeness Age - AER Only (not visible in Public Atlas)","%","2009","MT","Malta",0.000000000,""
"Malaria","Confirmed cases - Data quality","Completeness Age - AER Only (not visible in Public Atlas)","%","2009","NL","Netherlands",100.000000000,""
"Malaria","Confirmed cases - Data quality","Completeness Age - AER Only (not visible in Public Atlas)","%","2009","NO","Norway",100.000000000,""
"Malaria","Confirmed cases - Data quality","Completeness Age - AER Only (not visible in Public Atlas)","%","2009","PL","Poland",100.000000000,""
"Malaria","Confirmed cases - Data quality","Completeness Age - AER Only (not visible in Public Atlas)","%","2009","PT","Portugal",100.000000000,""
"Malaria","Confirmed cases - Data quality","Completeness Age - AER Only (not visible in Public Atlas)","%","2009","RO","Romania",100.000000000,""
"Malaria","Confirmed cases - Data quality","Completeness Age - AER Only (not visible in Public Atlas)","%","2009","SE","Sweden",100.000000000,""
"Malaria","Confirmed cases - Data quality","Completeness Age - AER Only (not visible in Public Atlas)","%","2009","SI","Slovenia",100.000000000,""
"Malaria","Confirmed cases - Data quality","Completeness Age - AER Only (not visible in Public Atlas)","%","2009","SK","Slovakia",-,""
"Malaria","Confirmed cases - Data quality","Completeness Age - AER Only (not visible in Public Atlas)","%","2009","UK","United Kingdom",99.464882940,""
"Malaria","Confirmed cases - Data quality","Completeness Age - AER Only (not visible in Public Atlas)","%","2010","AT","Austria",100.000000000,""
"Malaria","Confirmed cases - Data quality","Completeness Age - AER Only (not visible in Public Atlas)","%","2010","BE","Belgium",100.000000000,""
"Malaria","Confirmed cases - Data quality","Completeness Age - AER Only (not visible in Public Atlas)","%","2010","BG","Bulgaria",100.000000000,""
"Malaria","Confirmed cases - Data quality","Completeness Age - AER Only (not visible in Public Atlas)","%","2010","CY","Cyprus",100.000000000,""
"Malaria","Confirmed cases - Data quality","Completeness Age - AER Only (not visible in Public Atlas)","%","2010","CZ","Czechia",100.000000000,""
"Malaria","Confirmed cases - Data quality","Completeness Age - AER Only (not visible in Public Atlas)","%","2010","DE","Germany",-,""
"Malaria","Confirmed cases - Data quality","Completeness Age - AER Only (not visible in Public Atlas)","%","2010","EE","Estonia",100.000000000,""
"Malaria","Confirmed cases - Data quality","Completeness Age - AER Only (not visible in Public Atlas)","%","2010","EL","Greece",100.000000000,""
"Malaria","Confirmed cases - Data quality","Completeness Age - AER Only (not visible in Public Atlas)","%","2010","ES","Spain",98.860398860,""
"Malaria","Confirmed cases - Data quality","Completeness Age - AER Only (not visible in Public Atlas)","%","2010","EU27_21","EU (without UK)",39.748755000,""
"Malaria","Confirmed cases - Data quality","Completeness Age - AER Only (not visible in Public Atlas)","%","2010","EU27_UK_21","EU (with UK until 2019)",57.458193000,""
"Malaria","Confirmed cases - Data quality","Completeness Age - AER Only (not visible in Public Atlas)","%","2010","EUEEA30_21","EU/EEA (without UK)",40.272556000,""
"Malaria","Confirmed cases - Data quality","Completeness Age - AER Only (not visible in Public Atlas)","%","2010","EUEEAUK_21","EU/EEA (with UK until 2019)",57.719793000,""
"Malaria","Confirmed cases - Data quality","Completeness Age - AER Only (not visible in Public Atlas)","%","2010","FI","Finland",100.000000000,""
"Malaria","Confirmed cases - Data quality","Completeness Age - AER Only (not visible in Public Atlas)","%","2010","FR","France",0.000000000,""
"Malaria","Confirmed cases - Data quality","Completeness Age - AER Only (not visible in Public Atlas)","%","2010","HU","Hungary",100.000000000,""
"Malaria","Confirmed cases - Data quality","Completeness Age - AER Only (not visible in Public Atlas)","%","2010","IE","Ireland",100.000000000,""
"Malaria","Confirmed cases - Data quality","Completeness Age - AER Only (not visible in Public Atlas)","%","2010","IT","Italy",85.816618910,""
"Malaria","Confirmed cases - Data quality","Completeness Age - AER Only (not visible in Public Atlas)","%","2010","LT","Lithuania",100.000000000,""
"Malaria","Confirmed cases - Data quality","Completeness Age - AER Only (not visible in Public Atlas)","%","2010","LU","Luxembourg",100.000000000,""
"Malaria","Confirmed cases - Data quality","Completeness Age - AER Only (not visible in Public Atlas)","%","2010","LV","Latvia",100.000000000,""
"Malaria","Confirmed cases - Data quality","Completeness Age - AER Only (not visible in Public Atlas)","%","2010","MT","Malta",-,""
"Malaria","Confirmed cases - Data quality","Completeness Age - AER Only (not visible in Public Atlas)","%","2010","NL","Netherlands",100.000000000,""
"Malaria","Confirmed cases - Data quality","Completeness Age - AER Only (not visible in Public Atlas)","%","2010","NO","Norway",100.000000000,""
"Malaria","Confirmed cases - Data quality","Completeness Age - AER Only (not visible in Public Atlas)","%","2010","PL","Poland",100.000000000,""
"Malaria","Confirmed cases - Data quality","Completeness Age - AER Only (not visible in Public Atlas)","%","2010","PT","Portugal",100.000000000,""
"Malaria","Confirmed cases - Data quality","Completeness Age - AER Only (not visible in Public Atlas)","%","2010","RO","Romania",100.000000000,""
"Malaria","Confirmed cases - Data quality","Completeness Age - AER Only (not visible in Public Atlas)","%","2010","SE","Sweden",100.000000000,""
"Malaria","Confirmed cases - Data quality","Completeness Age - AER Only (not visible in Public Atlas)","%","2010","SI","Slovenia",100.000000000,""
"Malaria","Confirmed cases - Data quality","Completeness Age - AER Only (not visible in Public Atlas)","%","2010","SK","Slovakia",100.000000000,""
"Malaria","Confirmed cases - Data quality","Completeness Age - AER Only (not visible in Public Atlas)","%","2010","UK","United Kingdom",99.886428160,""
"Malaria","Confirmed cases - Data quality","Completeness Age - AER Only (not visible in Public Atlas)","%","2011","AT","Austria",100.000000000,""
"Malaria","Confirmed cases - Data quality","Completeness Age - AER Only (not visible in Public Atlas)","%","2011","BE","Belgium",100.000000000,""
"Malaria","Confirmed cases - Data quality","Completeness Age - AER Only (not visible in Public Atlas)","%","2011","BG","Bulgaria",100.000000000,""
"Malaria","Confirmed cases - Data quality","Completeness Age - AER Only (not visible in Public Atlas)","%","2011","CY","Cyprus",100.000000000,""
"Malaria","Confirmed cases - Data quality","Completeness Age - AER Only (not visible in Public Atlas)","%","2011","CZ","Czechia",100.000000000,""
"Malaria","Confirmed cases - Data quality","Completeness Age - AER Only (not visible in Public Atlas)","%","2011","DE","Germany",100.000000000,""
"Malaria","Confirmed cases - Data quality","Completeness Age - AER Only (not visible in Public Atlas)","%","2011","DK","Denmark",100.000000000,""
"Malaria","Confirmed cases - Data quality","Completeness Age - AER Only (not visible in Public Atlas)","%","2011","EE","Estonia",100.000000000,""
"Malaria","Confirmed cases - Data quality","Completeness Age - AER Only (not visible in Public Atlas)","%","2011","EL","Greece",100.000000000,""
"Malaria","Confirmed cases - Data quality","Completeness Age - AER Only (not visible in Public Atlas)","%","2011","ES","Spain",99.753086410,""
"Malaria","Confirmed cases - Data quality","Completeness Age - AER Only (not visible in Public Atlas)","%","2011","EU27_21","EU (without UK)",57.679630000,""
"Malaria","Confirmed cases - Data quality","Completeness Age - AER Only (not visible in Public Atlas)","%","2011","EU27_UK_21","EU (with UK until 2019)",69.043031000,""
"Malaria","Confirmed cases - Data quality","Completeness Age - AER Only (not visible in Public Atlas)","%","2011","EUEEA30_21","EU/EEA (without UK)",57.956777000,""
"Malaria","Confirmed cases - Data quality","Completeness Age - AER Only (not visible in Public Atlas)","%","2011","EUEEAUK_21","EU/EEA (with UK until 2019)",69.191434000,""
"Malaria","Confirmed cases - Data quality","Completeness Age - AER Only (not visible in Public Atlas)","%","2011","FI","Finland",100.000000000,""
"Malaria","Confirmed cases - Data quality","Completeness Age - AER Only (not visible in Public Atlas)","%","2011","FR","France",0.000000000,""
"Malaria","Confirmed cases - Data quality","Completeness Age - AER Only (not visible in Public Atlas)","%","2011","HU","Hungary",100.000000000,""
"Malaria","Confirmed cases - Data quality","Completeness Age - AER Only (not visible in Public Atlas)","%","2011","IE","Ireland",100.000000000,""
"Malaria","Confirmed cases - Data quality","Completeness Age - AER Only (not visible in Public Atlas)","%","2011","IT","Italy",95.149786010,""
"Malaria","Confirmed cases - Data quality","Completeness Age - AER Only (not visible in Public Atlas)","%","2011","LT","Lithuania",100.000000000,""
"Malaria","Confirmed cases - Data quality","Completeness Age - AER Only (not visible in Public Atlas)","%","2011","LU","Luxembourg",100.000000000,""
"Malaria","Confirmed cases - Data quality","Completeness Age - AER Only (not visible in Public Atlas)","%","2011","LV","Latvia",100.000000000,""
"Malaria","Confirmed cases - Data quality","Completeness Age - AER Only (not visible in Public Atlas)","%","2011","MT","Malta",100.000000000,""
"Malaria","Confirmed cases - Data quality","Completeness Age - AER Only (not visible in Public Atlas)","%","2011","NL","Netherlands",100.000000000,""
"Malaria","Confirmed cases - Data quality","Completeness Age - AER Only (not visible in Public Atlas)","%","2011","NO","Norway",100.000000000,""
"Malaria","Confirmed cases - Data quality","Completeness Age - AER Only (not visible in Public Atlas)","%","2011","PL","Poland",100.000000000,""
"Malaria","Confirmed cases - Data quality","Completeness Age - AER Only (not visible in Public Atlas)","%","2011","PT","Portugal",100.000000000,""
"Malaria","Confirmed cases - Data quality","Completeness Age - AER Only (not visible in Public Atlas)","%","2011","RO","Romania",100.000000000,""
"Malaria","Confirmed cases - Data quality","Completeness Age - AER Only (not visible in Public Atlas)","%","2011","SE","Sweden",100.000000000,""
"Malaria","Confirmed cases - Data quality","Completeness Age - AER Only (not visible in Public Atlas)","%","2011","SI","Slovenia",100.000000000,""
"Malaria","Confirmed cases - Data quality","Completeness Age - AER Only (not visible in Public Atlas)","%","2011","SK","Slovakia",100.000000000,""
"Malaria","Confirmed cases - Data quality","Completeness Age - AER Only (not visible in Public Atlas)","%","2011","UK","United Kingdom",99.880739410,""
"Malaria","Confirmed cases - Data quality","Completeness Age - AER Only (not visible in Public Atlas)","%","2012","AT","Austria",100.000000000,""
"Malaria","Confirmed cases - Data quality","Completeness Age - AER Only (not visible in Public Atlas)","%","2012","BE","Belgium",100.000000000,""
"Malaria","Confirmed cases - Data quality","Completeness Age - AER Only (not visible in Public Atlas)","%","2012","BG","Bulgaria",100.000000000,""
"Malaria","Confirmed cases - Data quality","Completeness Age - AER Only (not visible in Public Atlas)","%","2012","CY","Cyprus",100.000000000,""
"Malaria","Confirmed cases - Data quality","Completeness Age - AER Only (not visible in Public Atlas)","%","2012","CZ","Czechia",100.000000000,""
"Malaria","Confirmed cases - Data quality","Completeness Age - AER Only (not visible in Public Atlas)","%","2012","DE","Germany",99.637023590,""
"Malaria","Confirmed cases - Data quality","Completeness Age - AER Only (not visible in Public Atlas)","%","2012","DK","Denmark",100.000000000,""
"Malaria","Confirmed cases - Data quality","Completeness Age - AER Only (not visible in Public Atlas)","%","2012","EE","Estonia",100.000000000,""
"Malaria","Confirmed cases - Data quality","Completeness Age - AER Only (not visible in Public Atlas)","%","2012","EL","Greece",100.000000000,""
"Malaria","Confirmed cases - Data quality","Completeness Age - AER Only (not visible in Public Atlas)","%","2012","ES","Spain",99.762470300,""
"Malaria","Confirmed cases - Data quality","Completeness Age - AER Only (not visible in Public Atlas)","%","2012","EU27_21","EU (without UK)",99.620705000,""
"Malaria","Confirmed cases - Data quality","Completeness Age - AER Only (not visible in Public Atlas)","%","2012","EU27_UK_21","EU (with UK until 2019)",99.675767000,""
"Malaria","Confirmed cases - Data quality","Completeness Age - AER Only (not visible in Public Atlas)","%","2012","EUEEA30_21","EU/EEA (without UK)",99.623810000,""
"Malaria","Confirmed cases - Data quality","Completeness Age - AER Only (not visible in Public Atlas)","%","2012","EUEEAUK_21","EU/EEA (with UK until 2019)",99.677802000,""
"Malaria","Confirmed cases - Data quality","Completeness Age - AER Only (not visible in Public Atlas)","%","2012","FI","Finland",100.000000000,""
"Malaria","Confirmed cases - Data quality","Completeness Age - AER Only (not visible in Public Atlas)","%","2012","FR","France",100.000000000,""
"Malaria","Confirmed cases - Data quality","Completeness Age - AER Only (not visible in Public Atlas)","%","2012","HR","Croatia",100.000000000,""
"Malaria","Confirmed cases - Data quality","Completeness Age - AER Only (not visible in Public Atlas)","%","2012","HU","Hungary",100.000000000,""
"Malaria","Confirmed cases - Data quality","Completeness Age - AER Only (not visible in Public Atlas)","%","2012","IE","Ireland",100.000000000,""
"Malaria","Confirmed cases - Data quality","Completeness Age - AER Only (not visible in Public Atlas)","%","2012","IT","Italy",97.975077880,""
"Malaria","Confirmed cases - Data quality","Completeness Age - AER Only (not visible in Public Atlas)","%","2012","LT","Lithuania",100.000000000,""
"Malaria","Confirmed cases - Data quality","Completeness Age - AER Only (not visible in Public Atlas)","%","2012","LU","Luxembourg",100.000000000,""
"Malaria","Confirmed cases - Data quality","Completeness Age - AER Only (not visible in Public Atlas)","%","2012","LV","Latvia",100.000000000,""
"Malaria","Confirmed cases - Data quality","Completeness Age - AER Only (not visible in Public Atlas)","%","2012","MT","Malta",50.000000000,""
"Malaria","Confirmed cases - Data quality","Completeness Age - AER Only (not visible in Public Atlas)","%","2012","NL","Netherlands",100.000000000,""
"Malaria","Confirmed cases - Data quality","Completeness Age - AER Only (not visible in Public Atlas)","%","2012","NO","Norway",100.000000000,""
"Malaria","Confirmed cases - Data quality","Completeness Age - AER Only (not visible in Public Atlas)","%","2012","PL","Poland",100.000000000,""
"Malaria","Confirmed cases - Data quality","Completeness Age - AER Only (not visible in Public Atlas)","%","2012","PT","Portugal",100.000000000,""
"Malaria","Confirmed cases - Data quality","Completeness Age - AER Only (not visible in Public Atlas)","%","2012","RO","Romania",100.000000000,""
"Malaria","Confirmed cases - Data quality","Completeness Age - AER Only (not visible in Public Atlas)","%","2012","SE","Sweden",100.000000000,""
"Malaria","Confirmed cases - Data quality","Completeness Age - AER Only (not visible in Public Atlas)","%","2012","SI","Slovenia",100.000000000,""
"Malaria","Confirmed cases - Data quality","Completeness Age - AER Only (not visible in Public Atlas)","%","2012","SK","Slovakia",100.000000000,""
"Malaria","Confirmed cases - Data quality","Completeness Age - AER Only (not visible in Public Atlas)","%","2012","UK","United Kingdom",99.854862110,""
"Malaria","Confirmed cases - Data quality","Completeness Age - AER Only (not visible in Public Atlas)","%","2013","AT","Austria",100.000000000,""
"Malaria","Confirmed cases - Data quality","Completeness Age - AER Only (not visible in Public Atlas)","%","2013","BE","Belgium",100.000000000,""
"Malaria","Confirmed cases - Data quality","Completeness Age - AER Only (not visible in Public Atlas)","%","2013","BG","Bulgaria",100.000000000,""
"Malaria","Confirmed cases - Data quality","Completeness Age - AER Only (not visible in Public Atlas)","%","2013","CY","Cyprus",100.000000000,""
"Malaria","Confirmed cases - Data quality","Completeness Age - AER Only (not visible in Public Atlas)","%","2013","CZ","Czechia",100.000000000,""
"Malaria","Confirmed cases - Data quality","Completeness Age - AER Only (not visible in Public Atlas)","%","2013","DE","Germany",100.000000000,""
"Malaria","Confirmed cases - Data quality","Completeness Age - AER Only (not visible in Public Atlas)","%","2013","DK","Denmark",100.000000000,""
"Malaria","Confirmed cases - Data quality","Completeness Age - AER Only (not visible in Public Atlas)","%","2013","EE","Estonia",100.000000000,""
"Malaria","Confirmed cases - Data quality","Completeness Age - AER Only (not visible in Public Atlas)","%","2013","EL","Greece",100.000000000,""
"Malaria","Confirmed cases - Data quality","Completeness Age - AER Only (not visible in Public Atlas)","%","2013","ES","Spain",99.806949800,""
"Malaria","Confirmed cases - Data quality","Completeness Age - AER Only (not visible in Public Atlas)","%","2013","EU27_21","EU (without UK)",99.523903000,""
"Malaria","Confirmed cases - Data quality","Completeness Age - AER Only (not visible in Public Atlas)","%","2013","EU27_UK_21","EU (with UK until 2019)",99.602568000,""
"Malaria","Confirmed cases - Data quality","Completeness Age - AER Only (not visible in Public Atlas)","%","2013","EUEEA30_21","EU/EEA (without UK)",99.530608000,""
"Malaria","Confirmed cases - Data quality","Completeness Age - AER Only (not visible in Public Atlas)","%","2013","EUEEAUK_21","EU/EEA (with UK until 2019)",99.606894000,""
"Malaria","Confirmed cases - Data quality","Completeness Age - AER Only (not visible in Public Atlas)","%","2013","FI","Finland",100.000000000,""
"Malaria","Confirmed cases - Data quality","Completeness Age - AER Only (not visible in Public Atlas)","%","2013","FR","France",100.000000000,""
"Malaria","Confirmed cases - Data quality","Completeness Age - AER Only (not visible in Public Atlas)","%","2013","HR","Croatia",-,""
"Malaria","Confirmed cases - Data quality","Completeness Age - AER Only (not visible in Public Atlas)","%","2013","HU","Hungary",100.000000000,""
"Malaria","Confirmed cases - Data quality","Completeness Age - AER Only (not visible in Public Atlas)","%","2013","IE","Ireland",98.591549290,""
"Malaria","Confirmed cases - Data quality","Completeness Age - AER Only (not visible in Public Atlas)","%","2013","IT","Italy",96.750369270,""
"Malaria","Confirmed cases - Data quality","Completeness Age - AER Only (not visible in Public Atlas)","%","2013","LT","Lithuania",100.000000000,""
"Malaria","Confirmed cases - Data quality","Completeness Age - AER Only (not visible in Public Atlas)","%","2013","LU","Luxembourg",100.000000000,""
"Malaria","Confirmed cases - Data quality","Completeness Age - AER Only (not visible in Public Atlas)","%","2013","LV","Latvia",100.000000000,""
"Malaria","Confirmed cases - Data quality","Completeness Age - AER Only (not visible in Public Atlas)","%","2013","MT","Malta",100.000000000,""
"Malaria","Confirmed cases - Data quality","Completeness Age - AER Only (not visible in Public Atlas)","%","2013","NL","Netherlands",100.000000000,""
"Malaria","Confirmed cases - Data quality","Completeness Age - AER Only (not visible in Public Atlas)","%","2013","NO","Norway",100.000000000,""
"Malaria","Confirmed cases - Data quality","Completeness Age - AER Only (not visible in Public Atlas)","%","2013","PL","Poland",100.000000000,""
"Malaria","Confirmed cases - Data quality","Completeness Age - AER Only (not visible in Public Atlas)","%","2013","PT","Portugal",100.000000000,""
"Malaria","Confirmed cases - Data quality","Completeness Age - AER Only (not visible in Public Atlas)","%","2013","RO","Romania",100.000000000,""
"Malaria","Confirmed cases - Data quality","Completeness Age - AER Only (not visible in Public Atlas)","%","2013","SE","Sweden",100.000000000,""
"Malaria","Confirmed cases - Data quality","Completeness Age - AER Only (not visible in Public Atlas)","%","2013","SI","Slovenia",100.000000000,""
"Malaria","Confirmed cases - Data quality","Completeness Age - AER Only (not visible in Public Atlas)","%","2013","SK","Slovakia",100.000000000,""
"Malaria","Confirmed cases - Data quality","Completeness Age - AER Only (not visible in Public Atlas)","%","2013","UK","United Kingdom",99.866755490,""
"Malaria","Confirmed cases - Data quality","Completeness Age - AER Only (not visible in Public Atlas)","%","2014","AT","Austria",100.000000000,""
"Malaria","Confirmed cases - Data quality","Completeness Age - AER Only (not visible in Public Atlas)","%","2014","BE","Belgium",100.000000000,""
"Malaria","Confirmed cases - Data quality","Completeness Age - AER Only (not visible in Public Atlas)","%","2014","BG","Bulgaria",100.000000000,""
"Malaria","Confirmed cases - Data quality","Completeness Age - AER Only (not visible in Public Atlas)","%","2014","CY","Cyprus",100.000000000,""
"Malaria","Confirmed cases - Data quality","Completeness Age - AER Only (not visible in Public Atlas)","%","2014","CZ","Czechia",100.000000000,""
"Malaria","Confirmed cases - Data quality","Completeness Age - AER Only (not visible in Public Atlas)","%","2014","DE","Germany",99.602780530,""
"Malaria","Confirmed cases - Data quality","Completeness Age - AER Only (not visible in Public Atlas)","%","2014","DK","Denmark",87.254901960,""
"Malaria","Confirmed cases - Data quality","Completeness Age - AER Only (not visible in Public Atlas)","%","2014","EE","Estonia",100.000000000,""
"Malaria","Confirmed cases - Data quality","Completeness Age - AER Only (not visible in Public Atlas)","%","2014","EL","Greece",100.000000000,""
"Malaria","Confirmed cases - Data quality","Completeness Age - AER Only (not visible in Public Atlas)","%","2014","ES","Spain",100.000000000,""
"Malaria","Confirmed cases - Data quality","Completeness Age - AER Only (not visible in Public Atlas)","%","2014","EU27_21","EU (without UK)",99.580712000,""
"Malaria","Confirmed cases - Data quality","Completeness Age - AER Only (not visible in Public Atlas)","%","2014","EU27_UK_21","EU (with UK until 2019)",99.649850000,""
"Malaria","Confirmed cases - Data quality","Completeness Age - AER Only (not visible in Public Atlas)","%","2014","EUEEA30_21","EU/EEA (without UK)",99.588672000,""
"Malaria","Confirmed cases - Data quality","Completeness Age - AER Only (not visible in Public Atlas)","%","2014","EUEEAUK_21","EU/EEA (with UK until 2019)",99.655216000,""
"Malaria","Confirmed cases - Data quality","Completeness Age - AER Only (not visible in Public Atlas)","%","2014","FI","Finland",100.000000000,""
"Malaria","Confirmed cases - Data quality","Completeness Age - AER Only (not visible in Public Atlas)","%","2014","FR","France",100.000000000,""
"Malaria","Confirmed cases - Data quality","Completeness Age - AER Only (not visible in Public Atlas)","%","2014","HR","Croatia",100.000000000,""
"Malaria","Confirmed cases - Data quality","Completeness Age - AER Only (not visible in Public Atlas)","%","2014","HU","Hungary",100.000000000,""
"Malaria","Confirmed cases - Data quality","Completeness Age - AER Only (not visible in Public Atlas)","%","2014","IE","Ireland",100.000000000,""
"Malaria","Confirmed cases - Data quality","Completeness Age - AER Only (not visible in Public Atlas)","%","2014","IT","Italy",98.723404250,""
"Malaria","Confirmed cases - Data quality","Completeness Age - AER Only (not visible in Public Atlas)","%","2014","LT","Lithuania",100.000000000,""
"Malaria","Confirmed cases - Data quality","Completeness Age - AER Only (not visible in Public Atlas)","%","2014","LU","Luxembourg",100.000000000,""
"Malaria","Confirmed cases - Data quality","Completeness Age - AER Only (not visible in Public Atlas)","%","2014","LV","Latvia",100.000000000,""
"Malaria","Confirmed cases - Data quality","Completeness Age - AER Only (not visible in Public Atlas)","%","2014","MT","Malta",100.000000000,""
"Malaria","Confirmed cases - Data quality","Completeness Age - AER Only (not visible in Public Atlas)","%","2014","NL","Netherlands",100.000000000,""
"Malaria","Confirmed cases - Data quality","Completeness Age - AER Only (not visible in Public Atlas)","%","2014","NO","Norway",100.000000000,""
"Malaria","Confirmed cases - Data quality","Completeness Age - AER Only (not visible in Public Atlas)","%","2014","PL","Poland",100.000000000,""
"Malaria","Confirmed cases - Data quality","Completeness Age - AER Only (not visible in Public Atlas)","%","2014","PT","Portugal",100.000000000,""
"Malaria","Confirmed cases - Data quality","Completeness Age - AER Only (not visible in Public Atlas)","%","2014","RO","Romania",100.000000000,""
"Malaria","Confirmed cases - Data quality","Completeness Age - AER Only (not visible in Public Atlas)","%","2014","SE","Sweden",100.000000000,""
"Malaria","Confirmed cases - Data quality","Completeness Age - AER Only (not visible in Public Atlas)","%","2014","SI","Slovenia",100.000000000,""
"Malaria","Confirmed cases - Data quality","Completeness Age - AER Only (not visible in Public Atlas)","%","2014","SK","Slovakia",100.000000000,""
"Malaria","Confirmed cases - Data quality","Completeness Age - AER Only (not visible in Public Atlas)","%","2014","UK","United Kingdom",99.933774830,""
"Malaria","Confirmed cases - Data quality","Completeness Age - AER Only (not visible in Public Atlas)","%","2015","AT","Austria",100.000000000,""
"Malaria","Confirmed cases - Data quality","Completeness Age - AER Only (not visible in Public Atlas)","%","2015","BE","Belgium",100.000000000,""
"Malaria","Confirmed cases - Data quality","Completeness Age - AER Only (not visible in Public Atlas)","%","2015","BG","Bulgaria",100.000000000,""
"Malaria","Confirmed cases - Data quality","Completeness Age - AER Only (not visible in Public Atlas)","%","2015","CY","Cyprus",100.000000000,""
"Malaria","Confirmed cases - Data quality","Completeness Age - AER Only (not visible in Public Atlas)","%","2015","CZ","Czechia",100.000000000,""
"Malaria","Confirmed cases - Data quality","Completeness Age - AER Only (not visible in Public Atlas)","%","2015","DE","Germany",99.905749290,""
"Malaria","Confirmed cases - Data quality","Completeness Age - AER Only (not visible in Public Atlas)","%","2015","DK","Denmark",100.000000000,""
"Malaria","Confirmed cases - Data quality","Completeness Age - AER Only (not visible in Public Atlas)","%","2015","EE","Estonia",100.000000000,""
"Malaria","Confirmed cases - Data quality","Completeness Age - AER Only (not visible in Public Atlas)","%","2015","EL","Greece",100.000000000,""
"Malaria","Confirmed cases - Data quality","Completeness Age - AER Only (not visible in Public Atlas)","%","2015","ES","Spain",99.575070820,""
"Malaria","Confirmed cases - Data quality","Completeness Age - AER Only (not visible in Public Atlas)","%","2015","EU27_21","EU (without UK)",99.739884000,""
"Malaria","Confirmed cases - Data quality","Completeness Age - AER Only (not visible in Public Atlas)","%","2015","EU27_UK_21","EU (with UK until 2019)",99.771552000,""
"Malaria","Confirmed cases - Data quality","Completeness Age - AER Only (not visible in Public Atlas)","%","2015","EUEEA30_21","EU/EEA (without UK)",99.743370000,""
"Malaria","Confirmed cases - Data quality","Completeness Age - AER Only (not visible in Public Atlas)","%","2015","EUEEAUK_21","EU/EEA (with UK until 2019)",99.774105000,""
"Malaria","Confirmed cases - Data quality","Completeness Age - AER Only (not visible in Public Atlas)","%","2015","FI","Finland",100.000000000,""
"Malaria","Confirmed cases - Data quality","Completeness Age - AER Only (not visible in Public Atlas)","%","2015","FR","France",100.000000000,""
"Malaria","Confirmed cases - Data quality","Completeness Age - AER Only (not visible in Public Atlas)","%","2015","HR","Croatia",100.000000000,""
"Malaria","Confirmed cases - Data quality","Completeness Age - AER Only (not visible in Public Atlas)","%","2015","HU","Hungary",100.000000000,""
"Malaria","Confirmed cases - Data quality","Completeness Age - AER Only (not visible in Public Atlas)","%","2015","IE","Ireland",100.000000000,""
"Malaria","Confirmed cases - Data quality","Completeness Age - AER Only (not visible in Public Atlas)","%","2015","IT","Italy",98.016997160,""
"Malaria","Confirmed cases - Data quality","Completeness Age - AER Only (not visible in Public Atlas)","%","2015","LT","Lithuania",100.000000000,""
"Malaria","Confirmed cases - Data quality","Completeness Age - AER Only (not visible in Public Atlas)","%","2015","LU","Luxembourg",100.000000000,""
"Malaria","Confirmed cases - Data quality","Completeness Age - AER Only (not visible in Public Atlas)","%","2015","LV","Latvia",100.000000000,""
"Malaria","Confirmed cases - Data quality","Completeness Age - AER Only (not visible in Public Atlas)","%","2015","MT","Malta",100.000000000,""
"Malaria","Confirmed cases - Data quality","Completeness Age - AER Only (not visible in Public Atlas)","%","2015","NL","Netherlands",100.000000000,""
"Malaria","Confirmed cases - Data quality","Completeness Age - AER Only (not visible in Public Atlas)","%","2015","NO","Norway",100.000000000,""
"Malaria","Confirmed cases - Data quality","Completeness Age - AER Only (not visible in Public Atlas)","%","2015","PL","Poland",100.000000000,""
"Malaria","Confirmed cases - Data quality","Completeness Age - AER Only (not visible in Public Atlas)","%","2015","PT","Portugal",100.000000000,""
"Malaria","Confirmed cases - Data quality","Completeness Age - AER Only (not visible in Public Atlas)","%","2015","RO","Romania",100.000000000,""
"Malaria","Confirmed cases - Data quality","Completeness Age - AER Only (not visible in Public Atlas)","%","2015","SE","Sweden",100.000000000,""
"Malaria","Confirmed cases - Data quality","Completeness Age - AER Only (not visible in Public Atlas)","%","2015","SI","Slovenia",100.000000000,""
"Malaria","Confirmed cases - Data quality","Completeness Age - AER Only (not visible in Public Atlas)","%","2015","SK","Slovakia",-,""
"Malaria","Confirmed cases - Data quality","Completeness Age - AER Only (not visible in Public Atlas)","%","2015","UK","United Kingdom",99.928418030,""
"Malaria","Confirmed cases - Data quality","Completeness Age - AER Only (not visible in Public Atlas)","%","2016","AT","Austria",100.000000000,""
"Malaria","Confirmed cases - Data quality","Completeness Age - AER Only (not visible in Public Atlas)","%","2016","BE","Belgium",99.356913180,""
"Malaria","Confirmed cases - Data quality","Completeness Age - AER Only (not visible in Public Atlas)","%","2016","BG","Bulgaria",100.000000000,""
"Malaria","Confirmed cases - Data quality","Completeness Age - AER Only (not visible in Public Atlas)","%","2016","CY","Cyprus",100.000000000,""
"Malaria","Confirmed cases - Data quality","Completeness Age - AER Only (not visible in Public Atlas)","%","2016","CZ","Czechia",100.000000000,""
"Malaria","Confirmed cases - Data quality","Completeness Age - AER Only (not visible in Public Atlas)","%","2016","DE","Germany",99.792099790,""
"Malaria","Confirmed cases - Data quality","Completeness Age - AER Only (not visible in Public Atlas)","%","2016","DK","Denmark",100.000000000,""
"Malaria","Confirmed cases - Data quality","Completeness Age - AER Only (not visible in Public Atlas)","%","2016","EE","Estonia",100.000000000,""
"Malaria","Confirmed cases - Data quality","Completeness Age - AER Only (not visible in Public Atlas)","%","2016","EL","Greece",100.000000000,""
"Malaria","Confirmed cases - Data quality","Completeness Age - AER Only (not visible in Public Atlas)","%","2016","ES","Spain",100.000000000,""
"Malaria","Confirmed cases - Data quality","Completeness Age - AER Only (not visible in Public Atlas)","%","2016","EU27_21","EU (without UK)",97.414448000,""
"Malaria","Confirmed cases - Data quality","Completeness Age - AER Only (not visible in Public Atlas)","%","2016","EU27_UK_21","EU (with UK until 2019)",97.889311000,""
"Malaria","Confirmed cases - Data quality","Completeness Age - AER Only (not visible in Public Atlas)","%","2016","EUEEA30_21","EU/EEA (without UK)",97.444377000,""
"Malaria","Confirmed cases - Data quality","Completeness Age - AER Only (not visible in Public Atlas)","%","2016","EUEEAUK_21","EU/EEA (with UK until 2019)",97.909068000,""
"Malaria","Confirmed cases - Data quality","Completeness Age - AER Only (not visible in Public Atlas)","%","2016","FI","Finland",100.000000000,""
"Malaria","Confirmed cases - Data quality","Completeness Age - AER Only (not visible in Public Atlas)","%","2016","FR","France",100.000000000,""
"Malaria","Confirmed cases - Data quality","Completeness Age - AER Only (not visible in Public Atlas)","%","2016","HR","Croatia",100.000000000,""
"Malaria","Confirmed cases - Data quality","Completeness Age - AER Only (not visible in Public Atlas)","%","2016","HU","Hungary",100.000000000,""
"Malaria","Confirmed cases - Data quality","Completeness Age - AER Only (not visible in Public Atlas)","%","2016","IE","Ireland",100.000000000,""
"Malaria","Confirmed cases - Data quality","Completeness Age - AER Only (not visible in Public Atlas)","%","2016","IS","Iceland",100.000000000,""
"Malaria","Confirmed cases - Data quality","Completeness Age - AER Only (not visible in Public Atlas)","%","2016","IT","Italy",81.306306300,""
"Malaria","Confirmed cases - Data quality","Completeness Age - AER Only (not visible in Public Atlas)","%","2016","LT","Lithuania",100.000000000,""
"Malaria","Confirmed cases - Data quality","Completeness Age - AER Only (not visible in Public Atlas)","%","2016","LU","Luxembourg",100.000000000,""
"Malaria","Confirmed cases - Data quality","Completeness Age - AER Only (not visible in Public Atlas)","%","2016","LV","Latvia",100.000000000,""
"Malaria","Confirmed cases - Data quality","Completeness Age - AER Only (not visible in Public Atlas)","%","2016","MT","Malta",100.000000000,""
"Malaria","Confirmed cases - Data quality","Completeness Age - AER Only (not visible in Public Atlas)","%","2016","NL","Netherlands",100.000000000,""
"Malaria","Confirmed cases - Data quality","Completeness Age - AER Only (not visible in Public Atlas)","%","2016","NO","Norway",100.000000000,""
"Malaria","Confirmed cases - Data quality","Completeness Age - AER Only (not visible in Public Atlas)","%","2016","PL","Poland",100.000000000,""
"Malaria","Confirmed cases - Data quality","Completeness Age - AER Only (not visible in Public Atlas)","%","2016","PT","Portugal",100.000000000,""
"Malaria","Confirmed cases - Data quality","Completeness Age - AER Only (not visible in Public Atlas)","%","2016","RO","Romania",100.000000000,""
"Malaria","Confirmed cases - Data quality","Completeness Age - AER Only (not visible in Public Atlas)","%","2016","SE","Sweden",100.000000000,""
"Malaria","Confirmed cases - Data quality","Completeness Age - AER Only (not visible in Public Atlas)","%","2016","SI","Slovenia",100.000000000,""
"Malaria","Confirmed cases - Data quality","Completeness Age - AER Only (not visible in Public Atlas)","%","2016","SK","Slovakia",100.000000000,""
"Malaria","Confirmed cases - Data quality","Completeness Age - AER Only (not visible in Public Atlas)","%","2016","UK","United Kingdom",99.872935190,""
"Malaria","Confirmed cases - Data quality","Completeness Age - AER Only (not visible in Public Atlas)","%","2017","AT","Austria",100.000000000,""
"Malaria","Confirmed cases - Data quality","Completeness Age - AER Only (not visible in Public Atlas)","%","2017","BE","Belgium",99.598393570,""
"Malaria","Confirmed cases - Data quality","Completeness Age - AER Only (not visible in Public Atlas)","%","2017","BG","Bulgaria",100.000000000,""
"Malaria","Confirmed cases - Data quality","Completeness Age - AER Only (not visible in Public Atlas)","%","2017","CY","Cyprus",100.000000000,""
"Malaria","Confirmed cases - Data quality","Completeness Age - AER Only (not visible in Public Atlas)","%","2017","CZ","Czechia",100.000000000,""
"Malaria","Confirmed cases - Data quality","Completeness Age - AER Only (not visible in Public Atlas)","%","2017","DE","Germany",99.895506790,""
"Malaria","Confirmed cases - Data quality","Completeness Age - AER Only (not visible in Public Atlas)","%","2017","DK","Denmark",100.000000000,""
"Malaria","Confirmed cases - Data quality","Completeness Age - AER Only (not visible in Public Atlas)","%","2017","EE","Estonia",100.000000000,""
"Malaria","Confirmed cases - Data quality","Completeness Age - AER Only (not visible in Public Atlas)","%","2017","EL","Greece",100.000000000,""
"Malaria","Confirmed cases - Data quality","Completeness Age - AER Only (not visible in Public Atlas)","%","2017","ES","Spain",100.000000000,""
"Malaria","Confirmed cases - Data quality","Completeness Age - AER Only (not visible in Public Atlas)","%","2017","EU27_21","EU (without UK)",99.786357000,""
"Malaria","Confirmed cases - Data quality","Completeness Age - AER Only (not visible in Public Atlas)","%","2017","EU27_UK_21","EU (with UK until 2019)",99.832595000,""
"Malaria","Confirmed cases - Data quality","Completeness Age - AER Only (not visible in Public Atlas)","%","2017","EUEEA30_21","EU/EEA (without UK)",99.788423000,""
"Malaria","Confirmed cases - Data quality","Completeness Age - AER Only (not visible in Public Atlas)","%","2017","EUEEAUK_21","EU/EEA (with UK until 2019)",99.833867000,""
"Malaria","Confirmed cases - Data quality","Completeness Age - AER Only (not visible in Public Atlas)","%","2017","FI","Finland",100.000000000,""
"Malaria","Confirmed cases - Data quality","Completeness Age - AER Only (not visible in Public Atlas)","%","2017","FR","France",100.000000000,""
"Malaria","Confirmed cases - Data quality","Completeness Age - AER Only (not visible in Public Atlas)","%","2017","HR","Croatia",100.000000000,""
"Malaria","Confirmed cases - Data quality","Completeness Age - AER Only (not visible in Public Atlas)","%","2017","HU","Hungary",100.000000000,""
"Malaria","Confirmed cases - Data quality","Completeness Age - AER Only (not visible in Public Atlas)","%","2017","IE","Ireland",100.000000000,""
"Malaria","Confirmed cases - Data quality","Completeness Age - AER Only (not visible in Public Atlas)","%","2017","IS","Iceland",100.000000000,""
"Malaria","Confirmed cases - Data quality","Completeness Age - AER Only (not visible in Public Atlas)","%","2017","IT","Italy",98.554216860,""
"Malaria","Confirmed cases - Data quality","Completeness Age - AER Only (not visible in Public Atlas)","%","2017","LT","Lithuania",100.000000000,""
"Malaria","Confirmed cases - Data quality","Completeness Age - AER Only (not visible in Public Atlas)","%","2017","LU","Luxembourg",100.000000000,""
"Malaria","Confirmed cases - Data quality","Completeness Age - AER Only (not visible in Public Atlas)","%","2017","LV","Latvia",100.000000000,""
"Malaria","Confirmed cases - Data quality","Completeness Age - AER Only (not visible in Public Atlas)","%","2017","MT","Malta",100.000000000,""
"Malaria","Confirmed cases - Data quality","Completeness Age - AER Only (not visible in Public Atlas)","%","2017","NL","Netherlands",100.000000000,""
"Malaria","Confirmed cases - Data quality","Completeness Age - AER Only (not visible in Public Atlas)","%","2017","NO","Norway",100.000000000,""
"Malaria","Confirmed cases - Data quality","Completeness Age - AER Only (not visible in Public Atlas)","%","2017","PL","Poland",100.000000000,""
"Malaria","Confirmed cases - Data quality","Completeness Age - AER Only (not visible in Public Atlas)","%","2017","PT","Portugal",100.000000000,""
"Malaria","Confirmed cases - Data quality","Completeness Age - AER Only (not visible in Public Atlas)","%","2017","RO","Romania",100.000000000,""
"Malaria","Confirmed cases - Data quality","Completeness Age - AER Only (not visible in Public Atlas)","%","2017","SE","Sweden",100.000000000,""
"Malaria","Confirmed cases - Data quality","Completeness Age - AER Only (not visible in Public Atlas)","%","2017","SI","Slovenia",100.000000000,""
"Malaria","Confirmed cases - Data quality","Completeness Age - AER Only (not visible in Public Atlas)","%","2017","SK","Slovakia",-,""
"Malaria","Confirmed cases - Data quality","Completeness Age - AER Only (not visible in Public Atlas)","%","2017","UK","United Kingdom",100.000000000,""
"Malaria","Confirmed cases - Data quality","Completeness Age - AER Only (not visible in Public Atlas)","%","2018","AT","Austria",100.000000000,""
"Malaria","Confirmed cases - Data quality","Completeness Age - AER Only (not visible in Public Atlas)","%","2018","BE","Belgium",99.439775910,""
"Malaria","Confirmed cases - Data quality","Completeness Age - AER Only (not visible in Public Atlas)","%","2018","BG","Bulgaria",100.000000000,""
"Malaria","Confirmed cases - Data quality","Completeness Age - AER Only (not visible in Public Atlas)","%","2018","CY","Cyprus",100.000000000,""
"Malaria","Confirmed cases - Data quality","Completeness Age - AER Only (not visible in Public Atlas)","%","2018","CZ","Czechia",100.000000000,""
"Malaria","Confirmed cases - Data quality","Completeness Age - AER Only (not visible in Public Atlas)","%","2018","DE","Germany",99.222222220,""
"Malaria","Confirmed cases - Data quality","Completeness Age - AER Only (not visible in Public Atlas)","%","2018","DK","Denmark",100.000000000,""
"Malaria","Confirmed cases - Data quality","Completeness Age - AER Only (not visible in Public Atlas)","%","2018","EE","Estonia",100.000000000,""
"Malaria","Confirmed cases - Data quality","Completeness Age - AER Only (not visible in Public Atlas)","%","2018","EL","Greece",100.000000000,""
"Malaria","Confirmed cases - Data quality","Completeness Age - AER Only (not visible in Public Atlas)","%","2018","ES","Spain",100.000000000,""
"Malaria","Confirmed cases - Data quality","Completeness Age - AER Only (not visible in Public Atlas)","%","2018","EU27_21","EU (without UK)",99.743898000,""
"Malaria","Confirmed cases - Data quality","Completeness Age - AER Only (not visible in Public Atlas)","%","2018","EU27_UK_21","EU (with UK until 2019)",99.795353000,""
"Malaria","Confirmed cases - Data quality","Completeness Age - AER Only (not visible in Public Atlas)","%","2018","EUEEA30_21","EU/EEA (without UK)",99.746079000,""
"Malaria","Confirmed cases - Data quality","Completeness Age - AER Only (not visible in Public Atlas)","%","2018","EUEEAUK_21","EU/EEA (with UK until 2019)",99.796747000,""
"Malaria","Confirmed cases - Data quality","Completeness Age - AER Only (not visible in Public Atlas)","%","2018","FI","Finland",100.000000000,""
"Malaria","Confirmed cases - Data quality","Completeness Age - AER Only (not visible in Public Atlas)","%","2018","FR","France",100.000000000,""
"Malaria","Confirmed cases - Data quality","Completeness Age - AER Only (not visible in Public Atlas)","%","2018","HR","Croatia",100.000000000,""
"Malaria","Confirmed cases - Data quality","Completeness Age - AER Only (not visible in Public Atlas)","%","2018","HU","Hungary",100.000000000,""
"Malaria","Confirmed cases - Data quality","Completeness Age - AER Only (not visible in Public Atlas)","%","2018","IE","Ireland",98.333333330,""
"Malaria","Confirmed cases - Data quality","Completeness Age - AER Only (not visible in Public Atlas)","%","2018","IS","Iceland",100.000000000,""
"Malaria","Confirmed cases - Data quality","Completeness Age - AER Only (not visible in Public Atlas)","%","2018","IT","Italy",99.030470910,""
"Malaria","Confirmed cases - Data quality","Completeness Age - AER Only (not visible in Public Atlas)","%","2018","LT","Lithuania",100.000000000,""
"Malaria","Confirmed cases - Data quality","Completeness Age - AER Only (not visible in Public Atlas)","%","2018","LU","Luxembourg",100.000000000,""
"Malaria","Confirmed cases - Data quality","Completeness Age - AER Only (not visible in Public Atlas)","%","2018","LV","Latvia",100.000000000,""
"Malaria","Confirmed cases - Data quality","Completeness Age - AER Only (not visible in Public Atlas)","%","2018","MT","Malta",100.000000000,""
"Malaria","Confirmed cases - Data quality","Completeness Age - AER Only (not visible in Public Atlas)","%","2018","NL","Netherlands",100.000000000,""
"Malaria","Confirmed cases - Data quality","Completeness Age - AER Only (not visible in Public Atlas)","%","2018","NO","Norway",100.000000000,""
"Malaria","Confirmed cases - Data quality","Completeness Age - AER Only (not visible in Public Atlas)","%","2018","PL","Poland",100.000000000,""
"Malaria","Confirmed cases - Data quality","Completeness Age - AER Only (not visible in Public Atlas)","%","2018","PT","Portugal",100.000000000,""
"Malaria","Confirmed cases - Data quality","Completeness Age - AER Only (not visible in Public Atlas)","%","2018","RO","Romania",100.000000000,""
"Malaria","Confirmed cases - Data quality","Completeness Age - AER Only (not visible in Public Atlas)","%","2018","SE","Sweden",100.000000000,""
"Malaria","Confirmed cases - Data quality","Completeness Age - AER Only (not visible in Public Atlas)","%","2018","SI","Slovenia",100.000000000,""
"Malaria","Confirmed cases - Data quality","Completeness Age - AER Only (not visible in Public Atlas)","%","2018","SK","Slovakia",100.000000000,""
"Malaria","Confirmed cases - Data quality","Completeness Age - AER Only (not visible in Public Atlas)","%","2018","UK","United Kingdom",100.000000000,""
"Malaria","Confirmed cases - Data quality","Completeness Age - AER Only (not visible in Public Atlas)","%","2019","AT","Austria",100.000000000,""
"Malaria","Confirmed cases - Data quality","Completeness Age - AER Only (not visible in Public Atlas)","%","2019","BE","Belgium",98.321342920,""
"Malaria","Confirmed cases - Data quality","Completeness Age - AER Only (not visible in Public Atlas)","%","2019","BG","Bulgaria",100.000000000,""
"Malaria","Confirmed cases - Data quality","Completeness Age - AER Only (not visible in Public Atlas)","%","2019","CY","Cyprus",100.000000000,""
"Malaria","Confirmed cases - Data quality","Completeness Age - AER Only (not visible in Public Atlas)","%","2019","CZ","Czechia",100.000000000,""
"Malaria","Confirmed cases - Data quality","Completeness Age - AER Only (not visible in Public Atlas)","%","2019","DE","Germany",99.399399390,""
"Malaria","Confirmed cases - Data quality","Completeness Age - AER Only (not visible in Public Atlas)","%","2019","DK","Denmark",100.000000000,""
"Malaria","Confirmed cases - Data quality","Completeness Age - AER Only (not visible in Public Atlas)","%","2019","EE","Estonia",100.000000000,""
"Malaria","Confirmed cases - Data quality","Completeness Age - AER Only (not visible in Public Atlas)","%","2019","EL","Greece",100.000000000,""
"Malaria","Confirmed cases - Data quality","Completeness Age - AER Only (not visible in Public Atlas)","%","2019","ES","Spain",99.872286070,""
"Malaria","Confirmed cases - Data quality","Completeness Age - AER Only (not visible in Public Atlas)","%","2019","EU27_21","EU (without UK)",99.106488000,""
"Malaria","Confirmed cases - Data quality","Completeness Age - AER Only (not visible in Public Atlas)","%","2019","EU27_UK_21","EU (with UK until 2019)",99.285128000,""
"Malaria","Confirmed cases - Data quality","Completeness Age - AER Only (not visible in Public Atlas)","%","2019","EUEEA30_21","EU/EEA (without UK)",99.131919000,""
"Malaria","Confirmed cases - Data quality","Completeness Age - AER Only (not visible in Public Atlas)","%","2019","EUEEAUK_21","EU/EEA (with UK until 2019)",99.301500000,""
"Malaria","Confirmed cases - Data quality","Completeness Age - AER Only (not visible in Public Atlas)","%","2019","FI","Finland",100.000000000,""
"Malaria","Confirmed cases - Data quality","Completeness Age - AER Only (not visible in Public Atlas)","%","2019","FR","France",99.964776320,""
"Malaria","Confirmed cases - Data quality","Completeness Age - AER Only (not visible in Public Atlas)","%","2019","HR","Croatia",100.000000000,""
"Malaria","Confirmed cases - Data quality","Completeness Age - AER Only (not visible in Public Atlas)","%","2019","HU","Hungary",100.000000000,""
"Malaria","Confirmed cases - Data quality","Completeness Age - AER Only (not visible in Public Atlas)","%","2019","IE","Ireland",100.000000000,""
"Malaria","Confirmed cases - Data quality","Completeness Age - AER Only (not visible in Public Atlas)","%","2019","IS","Iceland",100.000000000,""
"Malaria","Confirmed cases - Data quality","Completeness Age - AER Only (not visible in Public Atlas)","%","2019","IT","Italy",94.327990130,""
"Malaria","Confirmed cases - Data quality","Completeness Age - AER Only (not visible in Public Atlas)","%","2019","LT","Lithuania",100.000000000,""
"Malaria","Confirmed cases - Data quality","Completeness Age - AER Only (not visible in Public Atlas)","%","2019","LU","Luxembourg",100.000000000,""
"Malaria","Confirmed cases - Data quality","Completeness Age - AER Only (not visible in Public Atlas)","%","2019","LV","Latvia",100.000000000,""
"Malaria","Confirmed cases - Data quality","Completeness Age - AER Only (not visible in Public Atlas)","%","2019","MT","Malta",100.000000000,""
"Malaria","Confirmed cases - Data quality","Completeness Age - AER Only (not visible in Public Atlas)","%","2019","NL","Netherlands",100.000000000,""
"Malaria","Confirmed cases - Data quality","Completeness Age - AER Only (not visible in Public Atlas)","%","2019","NO","Norway",100.000000000,""
"Malaria","Confirmed cases - Data quality","Completeness Age - AER Only (not visible in Public Atlas)","%","2019","PL","Poland",100.000000000,""
"Malaria","Confirmed cases - Data quality","Completeness Age - AER Only (not visible in Public Atlas)","%","2019","PT","Portugal",100.000000000,""
"Malaria","Confirmed cases - Data quality","Completeness Age - AER Only (not visible in Public Atlas)","%","2019","RO","Romania",100.000000000,""
"Malaria","Confirmed cases - Data quality","Completeness Age - AER Only (not visible in Public Atlas)","%","2019","SE","Sweden",100.000000000,""
"Malaria","Confirmed cases - Data quality","Completeness Age - AER Only (not visible in Public Atlas)","%","2019","SI","Slovenia",100.000000000,""
"Malaria","Confirmed cases - Data quality","Completeness Age - AER Only (not visible in Public Atlas)","%","2019","SK","Slovakia",100.000000000,""
"Malaria","Confirmed cases - Data quality","Completeness Age - AER Only (not visible in Public Atlas)","%","2019","UK","United Kingdom",100.000000000,""
"Malaria","Confirmed cases - Data quality","Completeness Age - AER Only (not visible in Public Atlas)","%","2020","AT","Austria",100.000000000,""
"Malaria","Confirmed cases - Data quality","Completeness Age - AER Only (not visible in Public Atlas)","%","2020","BE","Belgium",100.000000000,""
"Malaria","Confirmed cases - Data quality","Completeness Age - AER Only (not visible in Public Atlas)","%","2020","BG","Bulgaria",100.000000000,""
"Malaria","Confirmed cases - Data quality","Completeness Age - AER Only (not visible in Public Atlas)","%","2020","CY","Cyprus",-,""
"Malaria","Confirmed cases - Data quality","Completeness Age - AER Only (not visible in Public Atlas)","%","2020","CZ","Czechia",100.000000000,""
"Malaria","Confirmed cases - Data quality","Completeness Age - AER Only (not visible in Public Atlas)","%","2020","DE","Germany",100.000000000,""
"Malaria","Confirmed cases - Data quality","Completeness Age - AER Only (not visible in Public Atlas)","%","2020","DK","Denmark",100.000000000,""
"Malaria","Confirmed cases - Data quality","Completeness Age - AER Only (not visible in Public Atlas)","%","2020","EE","Estonia",100.000000000,""
"Malaria","Confirmed cases - Data quality","Completeness Age - AER Only (not visible in Public Atlas)","%","2020","EL","Greece",100.000000000,""
"Malaria","Confirmed cases - Data quality","Completeness Age - AER Only (not visible in Public Atlas)","%","2020","ES","Spain",100.000000000,""
"Malaria","Confirmed cases - Data quality","Completeness Age - AER Only (not visible in Public Atlas)","%","2020","EU27_21","EU (without UK)",99.878246000,""
"Malaria","Confirmed cases - Data quality","Completeness Age - AER Only (not visible in Public Atlas)","%","2020","EU27_UK_21","EU (with UK until 2019)",99.878246000,""
"Malaria","Confirmed cases - Data quality","Completeness Age - AER Only (not visible in Public Atlas)","%","2020","EUEEA30_21","EU/EEA (without UK)",99.880573000,""
"Malaria","Confirmed cases - Data quality","Completeness Age - AER Only (not visible in Public Atlas)","%","2020","EUEEAUK_21","EU/EEA (with UK until 2019)",99.880573000,""
"Malaria","Confirmed cases - Data quality","Completeness Age - AER Only (not visible in Public Atlas)","%","2020","FI","Finland",100.000000000,""
"Malaria","Confirmed cases - Data quality","Completeness Age - AER Only (not visible in Public Atlas)","%","2020","FR","France",99.900695130,""
"Malaria","Confirmed cases - Data quality","Completeness Age - AER Only (not visible in Public Atlas)","%","2020","HR","Croatia",-,""
"Malaria","Confirmed cases - Data quality","Completeness Age - AER Only (not visible in Public Atlas)","%","2020","HU","Hungary",100.000000000,""
"Malaria","Confirmed cases - Data quality","Completeness Age - AER Only (not visible in Public Atlas)","%","2020","IE","Ireland",100.000000000,""
"Malaria","Confirmed cases - Data quality","Completeness Age - AER Only (not visible in Public Atlas)","%","2020","IS","Iceland",-,""
"Malaria","Confirmed cases - Data quality","Completeness Age - AER Only (not visible in Public Atlas)","%","2020","IT","Italy",100.000000000,""
"Malaria","Confirmed cases - Data quality","Completeness Age - AER Only (not visible in Public Atlas)","%","2020","LT","Lithuania",-,""
"Malaria","Confirmed cases - Data quality","Completeness Age - AER Only (not visible in Public Atlas)","%","2020","LU","Luxembourg",100.000000000,""
"Malaria","Confirmed cases - Data quality","Completeness Age - AER Only (not visible in Public Atlas)","%","2020","LV","Latvia",-,""
"Malaria","Confirmed cases - Data quality","Completeness Age - AER Only (not visible in Public Atlas)","%","2020","MT","Malta",100.000000000,""
"Malaria","Confirmed cases - Data quality","Completeness Age - AER Only (not visible in Public Atlas)","%","2020","NL","Netherlands",100.000000000,""
"Malaria","Confirmed cases - Data quality","Completeness Age - AER Only (not visible in Public Atlas)","%","2020","NO","Norway",100.000000000,""
"Malaria","Confirmed cases - Data quality","Completeness Age - AER Only (not visible in Public Atlas)","%","2020","PL","Poland",100.000000000,""
"Malaria","Confirmed cases - Data quality","Completeness Age - AER Only (not visible in Public Atlas)","%","2020","PT","Portugal",100.000000000,""
"Malaria","Confirmed cases - Data quality","Completeness Age - AER Only (not visible in Public Atlas)","%","2020","RO","Romania",100.000000000,""
"Malaria","Confirmed cases - Data quality","Completeness Age - AER Only (not visible in Public Atlas)","%","2020","SE","Sweden",98.550724630,""
"Malaria","Confirmed cases - Data quality","Completeness Age - AER Only (not visible in Public Atlas)","%","2020","SI","Slovenia",100.000000000,""
"Malaria","Confirmed cases - Data quality","Completeness Age - AER Only (not visible in Public Atlas)","%","2020","SK","Slovakia",100.000000000,""
"Malaria","Confirmed cases - Data quality","Completeness Age - AER Only (not visible in Public Atlas)","%","2021","AT","Austria",100.000000000,""
"Malaria","Confirmed cases - Data quality","Completeness Age - AER Only (not visible in Public Atlas)","%","2021","BE","Belgium",100.000000000,""
"Malaria","Confirmed cases - Data quality","Completeness Age - AER Only (not visible in Public Atlas)","%","2021","BG","Bulgaria",100.000000000,""
"Malaria","Confirmed cases - Data quality","Completeness Age - AER Only (not visible in Public Atlas)","%","2021","CY","Cyprus",-,""
"Malaria","Confirmed cases - Data quality","Completeness Age - AER Only (not visible in Public Atlas)","%","2021","CZ","Czechia",100.000000000,""
"Malaria","Confirmed cases - Data quality","Completeness Age - AER Only (not visible in Public Atlas)","%","2021","DE","Germany",99.674267100,""
"Malaria","Confirmed cases - Data quality","Completeness Age - AER Only (not visible in Public Atlas)","%","2021","DK","Denmark",100.000000000,""
"Malaria","Confirmed cases - Data quality","Completeness Age - AER Only (not visible in Public Atlas)","%","2021","EE","Estonia",100.000000000,""
"Malaria","Confirmed cases - Data quality","Completeness Age - AER Only (not visible in Public Atlas)","%","2021","EL","Greece",100.000000000,""
"Malaria","Confirmed cases - Data quality","Completeness Age - AER Only (not visible in Public Atlas)","%","2021","ES","Spain",99.767441860,""
"Malaria","Confirmed cases - Data quality","Completeness Age - AER Only (not visible in Public Atlas)","%","2021","EU27_21","EU (without UK)",99.792831000,""
"Malaria","Confirmed cases - Data quality","Completeness Age - AER Only (not visible in Public Atlas)","%","2021","EU27_UK_21","EU (with UK until 2019)",99.792831000,""
"Malaria","Confirmed cases - Data quality","Completeness Age - AER Only (not visible in Public Atlas)","%","2021","EUEEA30_21","EU/EEA (without UK)",99.796001000,""
"Malaria","Confirmed cases - Data quality","Completeness Age - AER Only (not visible in Public Atlas)","%","2021","EUEEAUK_21","EU/EEA (with UK until 2019)",99.796001000,""
"Malaria","Confirmed cases - Data quality","Completeness Age - AER Only (not visible in Public Atlas)","%","2021","FI","Finland",100.000000000,""
"Malaria","Confirmed cases - Data quality","Completeness Age - AER Only (not visible in Public Atlas)","%","2021","FR","France",99.956915120,""
"Malaria","Confirmed cases - Data quality","Completeness Age - AER Only (not visible in Public Atlas)","%","2021","HU","Hungary",100.000000000,""
"Malaria","Confirmed cases - Data quality","Completeness Age - AER Only (not visible in Public Atlas)","%","2021","IE","Ireland",100.000000000,""
"Malaria","Confirmed cases - Data quality","Completeness Age - AER Only (not visible in Public Atlas)","%","2021","IS","Iceland",100.000000000,""
"Malaria","Confirmed cases - Data quality","Completeness Age - AER Only (not visible in Public Atlas)","%","2021","IT","Italy",98.645598190,""
"Malaria","Confirmed cases - Data quality","Completeness Age - AER Only (not visible in Public Atlas)","%","2021","LI","Liechtenstein",-,""
"Malaria","Confirmed cases - Data quality","Completeness Age - AER Only (not visible in Public Atlas)","%","2021","LT","Lithuania",100.000000000,""
"Malaria","Confirmed cases - Data quality","Completeness Age - AER Only (not visible in Public Atlas)","%","2021","LU","Luxembourg",100.000000000,""
"Malaria","Confirmed cases - Data quality","Completeness Age - AER Only (not visible in Public Atlas)","%","2021","LV","Latvia",-,""
"Malaria","Confirmed cases - Data quality","Completeness Age - AER Only (not visible in Public Atlas)","%","2021","MT","Malta",100.000000000,""
"Malaria","Confirmed cases - Data quality","Completeness Age - AER Only (not visible in Public Atlas)","%","2021","NL","Netherlands",100.000000000,""
"Malaria","Confirmed cases - Data quality","Completeness Age - AER Only (not visible in Public Atlas)","%","2021","NO","Norway",100.000000000,""
"Malaria","Confirmed cases - Data quality","Completeness Age - AER Only (not visible in Public Atlas)","%","2021","PL","Poland",100.000000000,""
"Malaria","Confirmed cases - Data quality","Completeness Age - AER Only (not visible in Public Atlas)","%","2021","PT","Portugal",100.000000000,""
"Malaria","Confirmed cases - Data quality","Completeness Age - AER Only (not visible in Public Atlas)","%","2021","RO","Romania",100.000000000,""
"Malaria","Confirmed cases - Data quality","Completeness Age - AER Only (not visible in Public Atlas)","%","2021","SE","Sweden",100.000000000,""
"Malaria","Confirmed cases - Data quality","Completeness Age - AER Only (not visible in Public Atlas)","%","2021","SI","Slovenia",100.000000000,""
"Malaria","Confirmed cases - Data quality","Completeness Age - AER Only (not visible in Public Atlas)","%","2021","SK","Slovakia",100.000000000,""
"Malaria","Confirmed cases - Data quality","Completeness Age - AER Only (not visible in Public Atlas)","%","2022","AT","Austria",100.000000000,""
"Malaria","Confirmed cases - Data quality","Completeness Age - AER Only (not visible in Public Atlas)","%","2022","BE","Belgium",99.592668020,""
"Malaria","Confirmed cases - Data quality","Completeness Age - AER Only (not visible in Public Atlas)","%","2022","BG","Bulgaria",100.000000000,""
"Malaria","Confirmed cases - Data quality","Completeness Age - AER Only (not visible in Public Atlas)","%","2022","CY","Cyprus",100.000000000,""
"Malaria","Confirmed cases - Data quality","Completeness Age - AER Only (not visible in Public Atlas)","%","2022","CZ","Czechia",100.000000000,""
"Malaria","Confirmed cases - Data quality","Completeness Age - AER Only (not visible in Public Atlas)","%","2022","DE","Germany",99.740932640,""
"Malaria","Confirmed cases - Data quality","Completeness Age - AER Only (not visible in Public Atlas)","%","2022","DK","Denmark",100.000000000,""
"Malaria","Confirmed cases - Data quality","Completeness Age - AER Only (not visible in Public Atlas)","%","2022","EE","Estonia",100.000000000,""
"Malaria","Confirmed cases - Data quality","Completeness Age - AER Only (not visible in Public Atlas)","%","2022","EL","Greece",100.000000000,""
"Malaria","Confirmed cases - Data quality","Completeness Age - AER Only (not visible in Public Atlas)","%","2022","ES","Spain",91.629297450,""
"Malaria","Confirmed cases - Data quality","Completeness Age - AER Only (not visible in Public Atlas)","%","2022","EU27_21","EU (without UK)",98.896283000,""
"Malaria","Confirmed cases - Data quality","Completeness Age - AER Only (not visible in Public Atlas)","%","2022","EU27_UK_21","EU (with UK until 2019)",98.896283000,""
"Malaria","Confirmed cases - Data quality","Completeness Age - AER Only (not visible in Public Atlas)","%","2022","EUEEA30_21","EU/EEA (without UK)",98.907981000,""
"Malaria","Confirmed cases - Data quality","Completeness Age - AER Only (not visible in Public Atlas)","%","2022","EUEEAUK_21","EU/EEA (with UK until 2019)",98.907981000,""
"Malaria","Confirmed cases - Data quality","Completeness Age - AER Only (not visible in Public Atlas)","%","2022","FI","Finland",100.000000000,""
"Malaria","Confirmed cases - Data quality","Completeness Age - AER Only (not visible in Public Atlas)","%","2022","FR","France",99.856270210,""
"Malaria","Confirmed cases - Data quality","Completeness Age - AER Only (not visible in Public Atlas)","%","2022","HR","Croatia",100.000000000,""
"Malaria","Confirmed cases - Data quality","Completeness Age - AER Only (not visible in Public Atlas)","%","2022","HU","Hungary",100.000000000,""
"Malaria","Confirmed cases - Data quality","Completeness Age - AER Only (not visible in Public Atlas)","%","2022","IE","Ireland",98.113207540,""
"Malaria","Confirmed cases - Data quality","Completeness Age - AER Only (not visible in Public Atlas)","%","2022","IS","Iceland",100.000000000,""
"Malaria","Confirmed cases - Data quality","Completeness Age - AER Only (not visible in Public Atlas)","%","2022","IT","Italy",99.496644290,""
"Malaria","Confirmed cases - Data quality","Completeness Age - AER Only (not visible in Public Atlas)","%","2022","LI","Liechtenstein",100.000000000,""
"Malaria","Confirmed cases - Data quality","Completeness Age - AER Only (not visible in Public Atlas)","%","2022","LT","Lithuania",100.000000000,""
"Malaria","Confirmed cases - Data quality","Completeness Age - AER Only (not visible in Public Atlas)","%","2022","LV","Latvia",-,""
"Malaria","Confirmed cases - Data quality","Completeness Age - AER Only (not visible in Public Atlas)","%","2022","MT","Malta",100.000000000,""
"Malaria","Confirmed cases - Data quality","Completeness Age - AER Only (not visible in Public Atlas)","%","2022","NL","Netherlands",100.000000000,""
"Malaria","Confirmed cases - Data quality","Completeness Age - AER Only (not visible in Public Atlas)","%","2022","NO","Norway",100.000000000,""
"Malaria","Confirmed cases - Data quality","Completeness Age - AER Only (not visible in Public Atlas)","%","2022","PL","Poland",100.000000000,""
"Malaria","Confirmed cases - Data quality","Completeness Age - AER Only (not visible in Public Atlas)","%","2022","PT","Portugal",100.000000000,""
"Malaria","Confirmed cases - Data quality","Completeness Age - AER Only (not visible in Public Atlas)","%","2022","RO","Romania",100.000000000,""
"Malaria","Confirmed cases - Data quality","Completeness Age - AER Only (not visible in Public Atlas)","%","2022","SE","Sweden",100.000000000,""
"Malaria","Confirmed cases - Data quality","Completeness Age - AER Only (not visible in Public Atlas)","%","2022","SI","Slovenia",100.000000000,""
"Malaria","Confirmed cases - Data quality","Completeness Age - AER Only (not visible in Public Atlas)","%","2022","SK","Slovakia",100.000000000,""
"Malaria","Confirmed cases - Data quality","Completeness Age - AER Only (not visible in Public Atlas)","%","2023","AT","Austria",100.000000000,""
"Malaria","Confirmed cases - Data quality","Completeness Age - AER Only (not visible in Public Atlas)","%","2023","BE","Belgium",99.803149600,""
"Malaria","Confirmed cases - Data quality","Completeness Age - AER Only (not visible in Public Atlas)","%","2023","BG","Bulgaria",100.000000000,""
"Malaria","Confirmed cases - Data quality","Completeness Age - AER Only (not visible in Public Atlas)","%","2023","CY","Cyprus",100.000000000,""
"Malaria","Confirmed cases - Data quality","Completeness Age - AER Only (not visible in Public Atlas)","%","2023","CZ","Czechia",100.000000000,""
"Malaria","Confirmed cases - Data quality","Completeness Age - AER Only (not visible in Public Atlas)","%","2023","DE","Germany",99.697275470,""
"Malaria","Confirmed cases - Data quality","Completeness Age - AER Only (not visible in Public Atlas)","%","2023","DK","Denmark",100.000000000,""
"Malaria","Confirmed cases - Data quality","Completeness Age - AER Only (not visible in Public Atlas)","%","2023","EE","Estonia",100.000000000,""
"Malaria","Confirmed cases - Data quality","Completeness Age - AER Only (not visible in Public Atlas)","%","2023","EL","Greece",100.000000000,""
"Malaria","Confirmed cases - Data quality","Completeness Age - AER Only (not visible in Public Atlas)","%","2023","ES","Spain",99.378109450,""
"Malaria","Confirmed cases - Data quality","Completeness Age - AER Only (not visible in Public Atlas)","%","2023","EU27_21","EU (without UK)",99.806843000,""
"Malaria","Confirmed cases - Data quality","Completeness Age - AER Only (not visible in Public Atlas)","%","2023","EU27_UK_21","EU (with UK until 2019)",99.806843000,""
"Malaria","Confirmed cases - Data quality","Completeness Age - AER Only (not visible in Public Atlas)","%","2023","EUEEA30_21","EU/EEA (without UK)",99.808769000,""
"Malaria","Confirmed cases - Data quality","Completeness Age - AER Only (not visible in Public Atlas)","%","2023","EUEEAUK_21","EU/EEA (with UK until 2019)",99.808769000,""
"Malaria","Confirmed cases - Data quality","Completeness Age - AER Only (not visible in Public Atlas)","%","2023","FI","Finland",100.000000000,""
"Malaria","Confirmed cases - Data quality","Completeness Age - AER Only (not visible in Public Atlas)","%","2023","FR","France",100.000000000,""
"Malaria","Confirmed cases - Data quality","Completeness Age - AER Only (not visible in Public Atlas)","%","2023","HR","Croatia",100.000000000,""
"Malaria","Confirmed cases - Data quality","Completeness Age - AER Only (not visible in Public Atlas)","%","2023","HU","Hungary",100.000000000,""
"Malaria","Confirmed cases - Data quality","Completeness Age - AER Only (not visible in Public Atlas)","%","2023","IE","Ireland",100.000000000,""
"Malaria","Confirmed cases - Data quality","Completeness Age - AER Only (not visible in Public Atlas)","%","2023","IS","Iceland",100.000000000,""
"Malaria","Confirmed cases - Data quality","Completeness Age - AER Only (not visible in Public Atlas)","%","2023","IT","Italy",99.373433580,""
"Malaria","Confirmed cases - Data quality","Completeness Age - AER Only (not visible in Public Atlas)","%","2023","LI","Liechtenstein",-,""
"Malaria","Confirmed cases - Data quality","Completeness Age - AER Only (not visible in Public Atlas)","%","2023","LT","Lithuania",100.000000000,""
"Malaria","Confirmed cases - Data quality","Completeness Age - AER Only (not visible in Public Atlas)","%","2023","LU","Luxembourg",100.000000000,""
"Malaria","Confirmed cases - Data quality","Completeness Age - AER Only (not visible in Public Atlas)","%","2023","LV","Latvia",100.000000000,""
"Malaria","Confirmed cases - Data quality","Completeness Age - AER Only (not visible in Public Atlas)","%","2023","MT","Malta",100.000000000,""
"Malaria","Confirmed cases - Data quality","Completeness Age - AER Only (not visible in Public Atlas)","%","2023","NL","Netherlands",100.000000000,""
"Malaria","Confirmed cases - Data quality","Completeness Age - AER Only (not visible in Public Atlas)","%","2023","NO","Norway",100.000000000,""
"Malaria","Confirmed cases - Data quality","Completeness Age - AER Only (not visible in Public Atlas)","%","2023","PL","Poland",100.000000000,""
"Malaria","Confirmed cases - Data quality","Completeness Age - AER Only (not visible in Public Atlas)","%","2023","PT","Portugal",100.000000000,""
"Malaria","Confirmed cases - Data quality","Completeness Age - AER Only (not visible in Public Atlas)","%","2023","RO","Romania",100.000000000,""
"Malaria","Confirmed cases - Data quality","Completeness Age - AER Only (not visible in Public Atlas)","%","2023","SE","Sweden",100.000000000,""
"Malaria","Confirmed cases - Data quality","Completeness Age - AER Only (not visible in Public Atlas)","%","2023","SI","Slovenia",100.000000000,""
"Malaria","Confirmed cases - Data quality","Completeness Age - AER Only (not visible in Public Atlas)","%","2023","SK","Slovakia",100.000000000,""
"Malaria","Confirmed cases - Data quality","Completeness Age - AER Only (not visible in Public Atlas)","%","2024","AT","Austria",100.000000000,""
"Malaria","Confirmed cases - Data quality","Completeness Age - AER Only (not visible in Public Atlas)","%","2024","BE","Belgium",99.776785710,""
"Malaria","Confirmed cases - Data quality","Completeness Age - AER Only (not visible in Public Atlas)","%","2024","BG","Bulgaria",100.000000000,""
"Malaria","Confirmed cases - Data quality","Completeness Age - AER Only (not visible in Public Atlas)","%","2024","CY","Cyprus",100.000000000,""
"Malaria","Confirmed cases - Data quality","Completeness Age - AER Only (not visible in Public Atlas)","%","2024","CZ","Czechia",100.000000000,""
"Malaria","Confirmed cases - Data quality","Completeness Age - AER Only (not visible in Public Atlas)","%","2024","DE","Germany",100.000000000,""
"Malaria","Confirmed cases - Data quality","Completeness Age - AER Only (not visible in Public Atlas)","%","2024","DK","Denmark",100.000000000,""
"Malaria","Confirmed cases - Data quality","Completeness Age - AER Only (not visible in Public Atlas)","%","2024","EE","Estonia",100.000000000,""
"Malaria","Confirmed cases - Data quality","Completeness Age - AER Only (not visible in Public Atlas)","%","2024","EL","Greece",100.000000000,""
"Malaria","Confirmed cases - Data quality","Completeness Age - AER Only (not visible in Public Atlas)","%","2024","ES","Spain",97.883597880,""
"Malaria","Confirmed cases - Data quality","Completeness Age - AER Only (not visible in Public Atlas)","%","2024","EU27_21","EU (without UK)",99.603848000,""
"Malaria","Confirmed cases - Data quality","Completeness Age - AER Only (not visible in Public Atlas)","%","2024","EU27_UK_21","EU (with UK until 2019)",99.603848000,""
"Malaria","Confirmed cases - Data quality","Completeness Age - AER Only (not visible in Public Atlas)","%","2024","EUEEA30_21","EU/EEA (without UK)",99.608062000,""
"Malaria","Confirmed cases - Data quality","Completeness Age - AER Only (not visible in Public Atlas)","%","2024","EUEEAUK_21","EU/EEA (with UK until 2019)",99.608062000,""
"Malaria","Confirmed cases - Data quality","Completeness Age - AER Only (not visible in Public Atlas)","%","2024","FI","Finland",100.000000000,""
"Malaria","Confirmed cases - Data quality","Completeness Age - AER Only (not visible in Public Atlas)","%","2024","FR","France",100.000000000,""
"Malaria","Confirmed cases - Data quality","Completeness Age - AER Only (not visible in Public Atlas)","%","2024","HR","Croatia",0.000000000,""
"Malaria","Confirmed cases - Data quality","Completeness Age - AER Only (not visible in Public Atlas)","%","2024","HU","Hungary",100.000000000,""
"Malaria","Confirmed cases - Data quality","Completeness Age - AER Only (not visible in Public Atlas)","%","2024","IE","Ireland",100.000000000,""
"Malaria","Confirmed cases - Data quality","Completeness Age - AER Only (not visible in Public Atlas)","%","2024","IS","Iceland",100.000000000,""
"Malaria","Confirmed cases - Data quality","Completeness Age - AER Only (not visible in Public Atlas)","%","2024","IT","Italy",99.662921340,""
"Malaria","Confirmed cases - Data quality","Completeness Age - AER Only (not visible in Public Atlas)","%","2024","LI","Liechtenstein",100.000000000,""
"Malaria","Confirmed cases - Data quality","Completeness Age - AER Only (not visible in Public Atlas)","%","2024","LT","Lithuania",100.000000000,""
"Malaria","Confirmed cases - Data quality","Completeness Age - AER Only (not visible in Public Atlas)","%","2024","LU","Luxembourg",100.000000000,""
"Malaria","Confirmed cases - Data quality","Completeness Age - AER Only (not visible in Public Atlas)","%","2024","MT","Malta",100.000000000,""
"Malaria","Confirmed cases - Data quality","Completeness Age - AER Only (not visible in Public Atlas)","%","2024","NL","Netherlands",100.000000000,""
"Malaria","Confirmed cases - Data quality","Completeness Age - AER Only (not visible in Public Atlas)","%","2024","NO","Norway",100.000000000,""
"Malaria","Confirmed cases - Data quality","Completeness Age - AER Only (not visible in Public Atlas)","%","2024","PL","Poland",100.000000000,""
"Malaria","Confirmed cases - Data quality","Completeness Age - AER Only (not visible in Public Atlas)","%","2024","PT","Portugal",100.000000000,""
"Malaria","Confirmed cases - Data quality","Completeness Age - AER Only (not visible in Public Atlas)","%","2024","RO","Romania",100.000000000,""
"Malaria","Confirmed cases - Data quality","Completeness Age - AER Only (not visible in Public Atlas)","%","2024","SE","Sweden",100.000000000,""
"Malaria","Confirmed cases - Data quality","Completeness Age - AER Only (not visible in Public Atlas)","%","2024","SI","Slovenia",100.000000000,""
"Malaria","Confirmed cases - Data quality","Completeness Age - AER Only (not visible in Public Atlas)","%","2024","SK","Slovakia",100.000000000,""
"Malaria","Confirmed cases - Data quality","Completeness Gender - AER Only (not visible in Public Atlas)","%","2008","AT","Austria",100.000000000,""
"Malaria","Confirmed cases - Data quality","Completeness Gender - AER Only (not visible in Public Atlas)","%","2008","BE","Belgium",-,""
"Malaria","Confirmed cases - Data quality","Completeness Gender - AER Only (not visible in Public Atlas)","%","2008","BG","Bulgaria",-,""
"Malaria","Confirmed cases - Data quality","Completeness Gender - AER Only (not visible in Public Atlas)","%","2008","CY","Cyprus",-,""
"Malaria","Confirmed cases - Data quality","Completeness Gender - AER Only (not visible in Public Atlas)","%","2008","CZ","Czechia",100.000000000,""
"Malaria","Confirmed cases - Data quality","Completeness Gender - AER Only (not visible in Public Atlas)","%","2008","DE","Germany",-,""
"Malaria","Confirmed cases - Data quality","Completeness Gender - AER Only (not visible in Public Atlas)","%","2008","EE","Estonia",-,""
"Malaria","Confirmed cases - Data quality","Completeness Gender - AER Only (not visible in Public Atlas)","%","2008","EL","Greece",94.736842100,""
"Malaria","Confirmed cases - Data quality","Completeness Gender - AER Only (not visible in Public Atlas)","%","2008","ES","Spain",99.655172410,""
"Malaria","Confirmed cases - Data quality","Completeness Gender - AER Only (not visible in Public Atlas)","%","2008","EU27_21","EU (without UK)",98.252581000,""
"Malaria","Confirmed cases - Data quality","Completeness Gender - AER Only (not visible in Public Atlas)","%","2008","EU27_UK_21","EU (with UK until 2019)",97.940947000,""
"Malaria","Confirmed cases - Data quality","Completeness Gender - AER Only (not visible in Public Atlas)","%","2008","EUEEA30_21","EU/EEA (without UK)",98.241008000,""
"Malaria","Confirmed cases - Data quality","Completeness Gender - AER Only (not visible in Public Atlas)","%","2008","EUEEAUK_21","EU/EEA (with UK until 2019)",97.934362000,""
"Malaria","Confirmed cases - Data quality","Completeness Gender - AER Only (not visible in Public Atlas)","%","2008","FI","Finland",100.000000000,""
"Malaria","Confirmed cases - Data quality","Completeness Gender - AER Only (not visible in Public Atlas)","%","2008","FR","France",100.000000000,""
"Malaria","Confirmed cases - Data quality","Completeness Gender - AER Only (not visible in Public Atlas)","%","2008","HU","Hungary",100.000000000,""
"Malaria","Confirmed cases - Data quality","Completeness Gender - AER Only (not visible in Public Atlas)","%","2008","IE","Ireland",100.000000000,""
"Malaria","Confirmed cases - Data quality","Completeness Gender - AER Only (not visible in Public Atlas)","%","2008","IT","Italy",89.193825040,""
"Malaria","Confirmed cases - Data quality","Completeness Gender - AER Only (not visible in Public Atlas)","%","2008","LT","Lithuania",100.000000000,""
"Malaria","Confirmed cases - Data quality","Completeness Gender - AER Only (not visible in Public Atlas)","%","2008","LU","Luxembourg",100.000000000,""
"Malaria","Confirmed cases - Data quality","Completeness Gender - AER Only (not visible in Public Atlas)","%","2008","LV","Latvia",100.000000000,""
"Malaria","Confirmed cases - Data quality","Completeness Gender - AER Only (not visible in Public Atlas)","%","2008","MT","Malta",100.000000000,""
"Malaria","Confirmed cases - Data quality","Completeness Gender - AER Only (not visible in Public Atlas)","%","2008","NL","Netherlands",100.000000000,""
"Malaria","Confirmed cases - Data quality","Completeness Gender - AER Only (not visible in Public Atlas)","%","2008","NO","Norway",96.875000000,""
"Malaria","Confirmed cases - Data quality","Completeness Gender - AER Only (not visible in Public Atlas)","%","2008","PL","Poland",100.000000000,""
"Malaria","Confirmed cases - Data quality","Completeness Gender - AER Only (not visible in Public Atlas)","%","2008","PT","Portugal",100.000000000,""
"Malaria","Confirmed cases - Data quality","Completeness Gender - AER Only (not visible in Public Atlas)","%","2008","RO","Romania",100.000000000,""
"Malaria","Confirmed cases - Data quality","Completeness Gender - AER Only (not visible in Public Atlas)","%","2008","SE","Sweden",100.000000000,""
"Malaria","Confirmed cases - Data quality","Completeness Gender - AER Only (not visible in Public Atlas)","%","2008","SI","Slovenia",100.000000000,""
"Malaria","Confirmed cases - Data quality","Completeness Gender - AER Only (not visible in Public Atlas)","%","2008","SK","Slovakia",100.000000000,""
"Malaria","Confirmed cases - Data quality","Completeness Gender - AER Only (not visible in Public Atlas)","%","2008","UK","United Kingdom",97.082421590,""
"Malaria","Confirmed cases - Data quality","Completeness Gender - AER Only (not visible in Public Atlas)","%","2009","AT","Austria",100.000000000,""
"Malaria","Confirmed cases - Data quality","Completeness Gender - AER Only (not visible in Public Atlas)","%","2009","BE","Belgium",-,""
"Malaria","Confirmed cases - Data quality","Completeness Gender - AER Only (not visible in Public Atlas)","%","2009","BG","Bulgaria",0.000000000,""
"Malaria","Confirmed cases - Data quality","Completeness Gender - AER Only (not visible in Public Atlas)","%","2009","CY","Cyprus",100.000000000,""
"Malaria","Confirmed cases - Data quality","Completeness Gender - AER Only (not visible in Public Atlas)","%","2009","CZ","Czechia",100.000000000,""
"Malaria","Confirmed cases - Data quality","Completeness Gender - AER Only (not visible in Public Atlas)","%","2009","DE","Germany",-,""
"Malaria","Confirmed cases - Data quality","Completeness Gender - AER Only (not visible in Public Atlas)","%","2009","EE","Estonia",100.000000000,""
"Malaria","Confirmed cases - Data quality","Completeness Gender - AER Only (not visible in Public Atlas)","%","2009","EL","Greece",100.000000000,""
"Malaria","Confirmed cases - Data quality","Completeness Gender - AER Only (not visible in Public Atlas)","%","2009","ES","Spain",98.876404490,""
"Malaria","Confirmed cases - Data quality","Completeness Gender - AER Only (not visible in Public Atlas)","%","2009","EU27_21","EU (without UK)",42.027482000,""
"Malaria","Confirmed cases - Data quality","Completeness Gender - AER Only (not visible in Public Atlas)","%","2009","EU27_UK_21","EU (with UK until 2019)",57.174887000,""
"Malaria","Confirmed cases - Data quality","Completeness Gender - AER Only (not visible in Public Atlas)","%","2009","EUEEA30_21","EU/EEA (without UK)",42.482652000,""
"Malaria","Confirmed cases - Data quality","Completeness Gender - AER Only (not visible in Public Atlas)","%","2009","EUEEAUK_21","EU/EEA (with UK until 2019)",57.408095000,""
"Malaria","Confirmed cases - Data quality","Completeness Gender - AER Only (not visible in Public Atlas)","%","2009","FI","Finland",100.000000000,""
"Malaria","Confirmed cases - Data quality","Completeness Gender - AER Only (not visible in Public Atlas)","%","2009","FR","France",0.000000000,""
"Malaria","Confirmed cases - Data quality","Completeness Gender - AER Only (not visible in Public Atlas)","%","2009","HU","Hungary",100.000000000,""
"Malaria","Confirmed cases - Data quality","Completeness Gender - AER Only (not visible in Public Atlas)","%","2009","IE","Ireland",100.000000000,""
"Malaria","Confirmed cases - Data quality","Completeness Gender - AER Only (not visible in Public Atlas)","%","2009","IT","Italy",96.069182380,""
"Malaria","Confirmed cases - Data quality","Completeness Gender - AER Only (not visible in Public Atlas)","%","2009","LT","Lithuania",100.000000000,""
"Malaria","Confirmed cases - Data quality","Completeness Gender - AER Only (not visible in Public Atlas)","%","2009","LU","Luxembourg",100.000000000,""
"Malaria","Confirmed cases - Data quality","Completeness Gender - AER Only (not visible in Public Atlas)","%","2009","LV","Latvia",100.000000000,""
"Malaria","Confirmed cases - Data quality","Completeness Gender - AER Only (not visible in Public Atlas)","%","2009","MT","Malta",100.000000000,""
"Malaria","Confirmed cases - Data quality","Completeness Gender - AER Only (not visible in Public Atlas)","%","2009","NL","Netherlands",100.000000000,""
"Malaria","Confirmed cases - Data quality","Completeness Gender - AER Only (not visible in Public Atlas)","%","2009","NO","Norway",94.117647050,""
"Malaria","Confirmed cases - Data quality","Completeness Gender - AER Only (not visible in Public Atlas)","%","2009","PL","Poland",100.000000000,""
"Malaria","Confirmed cases - Data quality","Completeness Gender - AER Only (not visible in Public Atlas)","%","2009","PT","Portugal",100.000000000,""
"Malaria","Confirmed cases - Data quality","Completeness Gender - AER Only (not visible in Public Atlas)","%","2009","RO","Romania",100.000000000,""
"Malaria","Confirmed cases - Data quality","Completeness Gender - AER Only (not visible in Public Atlas)","%","2009","SE","Sweden",100.000000000,""
"Malaria","Confirmed cases - Data quality","Completeness Gender - AER Only (not visible in Public Atlas)","%","2009","SI","Slovenia",100.000000000,""
"Malaria","Confirmed cases - Data quality","Completeness Gender - AER Only (not visible in Public Atlas)","%","2009","SK","Slovakia",-,""
"Malaria","Confirmed cases - Data quality","Completeness Gender - AER Only (not visible in Public Atlas)","%","2009","UK","United Kingdom",96.254180600,""
"Malaria","Confirmed cases - Data quality","Completeness Gender - AER Only (not visible in Public Atlas)","%","2010","AT","Austria",100.000000000,""
"Malaria","Confirmed cases - Data quality","Completeness Gender - AER Only (not visible in Public Atlas)","%","2010","BE","Belgium",100.000000000,""
"Malaria","Confirmed cases - Data quality","Completeness Gender - AER Only (not visible in Public Atlas)","%","2010","BG","Bulgaria",0.000000000,""
"Malaria","Confirmed cases - Data quality","Completeness Gender - AER Only (not visible in Public Atlas)","%","2010","CY","Cyprus",100.000000000,""
"Malaria","Confirmed cases - Data quality","Completeness Gender - AER Only (not visible in Public Atlas)","%","2010","CZ","Czechia",100.000000000,""
"Malaria","Confirmed cases - Data quality","Completeness Gender - AER Only (not visible in Public Atlas)","%","2010","DE","Germany",-,""
"Malaria","Confirmed cases - Data quality","Completeness Gender - AER Only (not visible in Public Atlas)","%","2010","EE","Estonia",100.000000000,""
"Malaria","Confirmed cases - Data quality","Completeness Gender - AER Only (not visible in Public Atlas)","%","2010","EL","Greece",100.000000000,""
"Malaria","Confirmed cases - Data quality","Completeness Gender - AER Only (not visible in Public Atlas)","%","2010","ES","Spain",99.715099710,""
"Malaria","Confirmed cases - Data quality","Completeness Gender - AER Only (not visible in Public Atlas)","%","2010","EU27_21","EU (without UK)",99.786679000,""
"Malaria","Confirmed cases - Data quality","Completeness Gender - AER Only (not visible in Public Atlas)","%","2010","EU27_UK_21","EU (with UK until 2019)",98.946488000,""
"Malaria","Confirmed cases - Data quality","Completeness Gender - AER Only (not visible in Public Atlas)","%","2010","EUEEA30_21","EU/EEA (without UK)",99.788533000,""
"Malaria","Confirmed cases - Data quality","Completeness Gender - AER Only (not visible in Public Atlas)","%","2010","EUEEAUK_21","EU/EEA (with UK until 2019)",98.952966000,""
"Malaria","Confirmed cases - Data quality","Completeness Gender - AER Only (not visible in Public Atlas)","%","2010","FI","Finland",100.000000000,""
"Malaria","Confirmed cases - Data quality","Completeness Gender - AER Only (not visible in Public Atlas)","%","2010","FR","France",100.000000000,""
"Malaria","Confirmed cases - Data quality","Completeness Gender - AER Only (not visible in Public Atlas)","%","2010","HU","Hungary",100.000000000,""
"Malaria","Confirmed cases - Data quality","Completeness Gender - AER Only (not visible in Public Atlas)","%","2010","IE","Ireland",98.780487800,""
"Malaria","Confirmed cases - Data quality","Completeness Gender - AER Only (not visible in Public Atlas)","%","2010","IT","Italy",100.000000000,""
"Malaria","Confirmed cases - Data quality","Completeness Gender - AER Only (not visible in Public Atlas)","%","2010","LT","Lithuania",100.000000000,""
"Malaria","Confirmed cases - Data quality","Completeness Gender - AER Only (not visible in Public Atlas)","%","2010","LU","Luxembourg",83.333333330,""
"Malaria","Confirmed cases - Data quality","Completeness Gender - AER Only (not visible in Public Atlas)","%","2010","LV","Latvia",100.000000000,""
"Malaria","Confirmed cases - Data quality","Completeness Gender - AER Only (not visible in Public Atlas)","%","2010","MT","Malta",-,""
"Malaria","Confirmed cases - Data quality","Completeness Gender - AER Only (not visible in Public Atlas)","%","2010","NL","Netherlands",100.000000000,""
"Malaria","Confirmed cases - Data quality","Completeness Gender - AER Only (not visible in Public Atlas)","%","2010","NO","Norway",100.000000000,""
"Malaria","Confirmed cases - Data quality","Completeness Gender - AER Only (not visible in Public Atlas)","%","2010","PL","Poland",100.000000000,""
"Malaria","Confirmed cases - Data quality","Completeness Gender - AER Only (not visible in Public Atlas)","%","2010","PT","Portugal",100.000000000,""
"Malaria","Confirmed cases - Data quality","Completeness Gender - AER Only (not visible in Public Atlas)","%","2010","RO","Romania",100.000000000,""
"Malaria","Confirmed cases - Data quality","Completeness Gender - AER Only (not visible in Public Atlas)","%","2010","SE","Sweden",100.000000000,""
"Malaria","Confirmed cases - Data quality","Completeness Gender - AER Only (not visible in Public Atlas)","%","2010","SI","Slovenia",100.000000000,""
"Malaria","Confirmed cases - Data quality","Completeness Gender - AER Only (not visible in Public Atlas)","%","2010","SK","Slovakia",100.000000000,""
"Malaria","Confirmed cases - Data quality","Completeness Gender - AER Only (not visible in Public Atlas)","%","2010","UK","United Kingdom",96.933560470,""
"Malaria","Confirmed cases - Data quality","Completeness Gender - AER Only (not visible in Public Atlas)","%","2011","AT","Austria",100.000000000,""
"Malaria","Confirmed cases - Data quality","Completeness Gender - AER Only (not visible in Public Atlas)","%","2011","BE","Belgium",99.456521730,""
"Malaria","Confirmed cases - Data quality","Completeness Gender - AER Only (not visible in Public Atlas)","%","2011","BG","Bulgaria",0.000000000,""
"Malaria","Confirmed cases - Data quality","Completeness Gender - AER Only (not visible in Public Atlas)","%","2011","CY","Cyprus",100.000000000,""
"Malaria","Confirmed cases - Data quality","Completeness Gender - AER Only (not visible in Public Atlas)","%","2011","CZ","Czechia",100.000000000,""
"Malaria","Confirmed cases - Data quality","Completeness Gender - AER Only (not visible in Public Atlas)","%","2011","DE","Germany",99.822380100,""
"Malaria","Confirmed cases - Data quality","Completeness Gender - AER Only (not visible in Public Atlas)","%","2011","DK","Denmark",82.432432430,""
"Malaria","Confirmed cases - Data quality","Completeness Gender - AER Only (not visible in Public Atlas)","%","2011","EE","Estonia",100.000000000,""
"Malaria","Confirmed cases - Data quality","Completeness Gender - AER Only (not visible in Public Atlas)","%","2011","EL","Greece",100.000000000,""
"Malaria","Confirmed cases - Data quality","Completeness Gender - AER Only (not visible in Public Atlas)","%","2011","ES","Spain",99.259259250,""
"Malaria","Confirmed cases - Data quality","Completeness Gender - AER Only (not visible in Public Atlas)","%","2011","EU27_21","EU (without UK)",99.384750000,""
"Malaria","Confirmed cases - Data quality","Completeness Gender - AER Only (not visible in Public Atlas)","%","2011","EU27_UK_21","EU (with UK until 2019)",98.506743000,""
"Malaria","Confirmed cases - Data quality","Completeness Gender - AER Only (not visible in Public Atlas)","%","2011","EUEEA30_21","EU/EEA (without UK)",99.388779000,""
"Malaria","Confirmed cases - Data quality","Completeness Gender - AER Only (not visible in Public Atlas)","%","2011","EUEEAUK_21","EU/EEA (with UK until 2019)",98.513902000,""
"Malaria","Confirmed cases - Data quality","Completeness Gender - AER Only (not visible in Public Atlas)","%","2011","FI","Finland",100.000000000,""
"Malaria","Confirmed cases - Data quality","Completeness Gender - AER Only (not visible in Public Atlas)","%","2011","FR","France",99.894235850,""
"Malaria","Confirmed cases - Data quality","Completeness Gender - AER Only (not visible in Public Atlas)","%","2011","HU","Hungary",100.000000000,""
"Malaria","Confirmed cases - Data quality","Completeness Gender - AER Only (not visible in Public Atlas)","%","2011","IE","Ireland",100.000000000,""
"Malaria","Confirmed cases - Data quality","Completeness Gender - AER Only (not visible in Public Atlas)","%","2011","IT","Italy",100.000000000,""
"Malaria","Confirmed cases - Data quality","Completeness Gender - AER Only (not visible in Public Atlas)","%","2011","LT","Lithuania",100.000000000,""
"Malaria","Confirmed cases - Data quality","Completeness Gender - AER Only (not visible in Public Atlas)","%","2011","LU","Luxembourg",100.000000000,""
"Malaria","Confirmed cases - Data quality","Completeness Gender - AER Only (not visible in Public Atlas)","%","2011","LV","Latvia",100.000000000,""
"Malaria","Confirmed cases - Data quality","Completeness Gender - AER Only (not visible in Public Atlas)","%","2011","MT","Malta",100.000000000,""
"Malaria","Confirmed cases - Data quality","Completeness Gender - AER Only (not visible in Public Atlas)","%","2011","NL","Netherlands",100.000000000,""
"Malaria","Confirmed cases - Data quality","Completeness Gender - AER Only (not visible in Public Atlas)","%","2011","NO","Norway",100.000000000,""
"Malaria","Confirmed cases - Data quality","Completeness Gender - AER Only (not visible in Public Atlas)","%","2011","PL","Poland",100.000000000,""
"Malaria","Confirmed cases - Data quality","Completeness Gender - AER Only (not visible in Public Atlas)","%","2011","PT","Portugal",100.000000000,""
"Malaria","Confirmed cases - Data quality","Completeness Gender - AER Only (not visible in Public Atlas)","%","2011","RO","Romania",100.000000000,""
"Malaria","Confirmed cases - Data quality","Completeness Gender - AER Only (not visible in Public Atlas)","%","2011","SE","Sweden",100.000000000,""
"Malaria","Confirmed cases - Data quality","Completeness Gender - AER Only (not visible in Public Atlas)","%","2011","SI","Slovenia",100.000000000,""
"Malaria","Confirmed cases - Data quality","Completeness Gender - AER Only (not visible in Public Atlas)","%","2011","SK","Slovakia",100.000000000,""
"Malaria","Confirmed cases - Data quality","Completeness Gender - AER Only (not visible in Public Atlas)","%","2011","UK","United Kingdom",96.124031000,""
"Malaria","Confirmed cases - Data quality","Completeness Gender - AER Only (not visible in Public Atlas)","%","2012","AT","Austria",100.000000000,""
"Malaria","Confirmed cases - Data quality","Completeness Gender - AER Only (not visible in Public Atlas)","%","2012","BE","Belgium",99.514563100,""
"Malaria","Confirmed cases - Data quality","Completeness Gender - AER Only (not visible in Public Atlas)","%","2012","BG","Bulgaria",0.000000000,""
"Malaria","Confirmed cases - Data quality","Completeness Gender - AER Only (not visible in Public Atlas)","%","2012","CY","Cyprus",100.000000000,""
"Malaria","Confirmed cases - Data quality","Completeness Gender - AER Only (not visible in Public Atlas)","%","2012","CZ","Czechia",100.000000000,""
"Malaria","Confirmed cases - Data quality","Completeness Gender - AER Only (not visible in Public Atlas)","%","2012","DE","Germany",99.274047180,""
"Malaria","Confirmed cases - Data quality","Completeness Gender - AER Only (not visible in Public Atlas)","%","2012","DK","Denmark",91.044776110,""
"Malaria","Confirmed cases - Data quality","Completeness Gender - AER Only (not visible in Public Atlas)","%","2012","EE","Estonia",100.000000000,""
"Malaria","Confirmed cases - Data quality","Completeness Gender - AER Only (not visible in Public Atlas)","%","2012","EL","Greece",100.000000000,""
"Malaria","Confirmed cases - Data quality","Completeness Gender - AER Only (not visible in Public Atlas)","%","2012","ES","Spain",99.524940610,""
"Malaria","Confirmed cases - Data quality","Completeness Gender - AER Only (not visible in Public Atlas)","%","2012","EU27_21","EU (without UK)",99.286033000,""
"Malaria","Confirmed cases - Data quality","Completeness Gender - AER Only (not visible in Public Atlas)","%","2012","EU27_UK_21","EU (with UK until 2019)",99.027303000,""
"Malaria","Confirmed cases - Data quality","Completeness Gender - AER Only (not visible in Public Atlas)","%","2012","EUEEA30_21","EU/EEA (without UK)",99.291878000,""
"Malaria","Confirmed cases - Data quality","Completeness Gender - AER Only (not visible in Public Atlas)","%","2012","EUEEAUK_21","EU/EEA (with UK until 2019)",99.033406000,""
"Malaria","Confirmed cases - Data quality","Completeness Gender - AER Only (not visible in Public Atlas)","%","2012","FI","Finland",100.000000000,""
"Malaria","Confirmed cases - Data quality","Completeness Gender - AER Only (not visible in Public Atlas)","%","2012","FR","France",100.000000000,""
"Malaria","Confirmed cases - Data quality","Completeness Gender - AER Only (not visible in Public Atlas)","%","2012","HR","Croatia",100.000000000,""
"Malaria","Confirmed cases - Data quality","Completeness Gender - AER Only (not visible in Public Atlas)","%","2012","HU","Hungary",100.000000000,""
"Malaria","Confirmed cases - Data quality","Completeness Gender - AER Only (not visible in Public Atlas)","%","2012","IE","Ireland",100.000000000,""
"Malaria","Confirmed cases - Data quality","Completeness Gender - AER Only (not visible in Public Atlas)","%","2012","IT","Italy",100.000000000,""
"Malaria","Confirmed cases - Data quality","Completeness Gender - AER Only (not visible in Public Atlas)","%","2012","LT","Lithuania",100.000000000,""
"Malaria","Confirmed cases - Data quality","Completeness Gender - AER Only (not visible in Public Atlas)","%","2012","LU","Luxembourg",100.000000000,""
"Malaria","Confirmed cases - Data quality","Completeness Gender - AER Only (not visible in Public Atlas)","%","2012","LV","Latvia",100.000000000,""
"Malaria","Confirmed cases - Data quality","Completeness Gender - AER Only (not visible in Public Atlas)","%","2012","MT","Malta",100.000000000,""
"Malaria","Confirmed cases - Data quality","Completeness Gender - AER Only (not visible in Public Atlas)","%","2012","NL","Netherlands",98.453608240,""
"Malaria","Confirmed cases - Data quality","Completeness Gender - AER Only (not visible in Public Atlas)","%","2012","NO","Norway",100.000000000,""
"Malaria","Confirmed cases - Data quality","Completeness Gender - AER Only (not visible in Public Atlas)","%","2012","PL","Poland",100.000000000,""
"Malaria","Confirmed cases - Data quality","Completeness Gender - AER Only (not visible in Public Atlas)","%","2012","PT","Portugal",100.000000000,""
"Malaria","Confirmed cases - Data quality","Completeness Gender - AER Only (not visible in Public Atlas)","%","2012","RO","Romania",100.000000000,""
"Malaria","Confirmed cases - Data quality","Completeness Gender - AER Only (not visible in Public Atlas)","%","2012","SE","Sweden",100.000000000,""
"Malaria","Confirmed cases - Data quality","Completeness Gender - AER Only (not visible in Public Atlas)","%","2012","SI","Slovenia",100.000000000,""
"Malaria","Confirmed cases - Data quality","Completeness Gender - AER Only (not visible in Public Atlas)","%","2012","SK","Slovakia",100.000000000,""
"Malaria","Confirmed cases - Data quality","Completeness Gender - AER Only (not visible in Public Atlas)","%","2012","UK","United Kingdom",98.185776480,""
"Malaria","Confirmed cases - Data quality","Completeness Gender - AER Only (not visible in Public Atlas)","%","2013","AT","Austria",100.000000000,""
"Malaria","Confirmed cases - Data quality","Completeness Gender - AER Only (not visible in Public Atlas)","%","2013","BE","Belgium",99.604743080,""
"Malaria","Confirmed cases - Data quality","Completeness Gender - AER Only (not visible in Public Atlas)","%","2013","BG","Bulgaria",100.000000000,""
"Malaria","Confirmed cases - Data quality","Completeness Gender - AER Only (not visible in Public Atlas)","%","2013","CY","Cyprus",100.000000000,""
"Malaria","Confirmed cases - Data quality","Completeness Gender - AER Only (not visible in Public Atlas)","%","2013","CZ","Czechia",100.000000000,""
"Malaria","Confirmed cases - Data quality","Completeness Gender - AER Only (not visible in Public Atlas)","%","2013","DE","Germany",99.059561120,""
"Malaria","Confirmed cases - Data quality","Completeness Gender - AER Only (not visible in Public Atlas)","%","2013","DK","Denmark",100.000000000,""
"Malaria","Confirmed cases - Data quality","Completeness Gender - AER Only (not visible in Public Atlas)","%","2013","EE","Estonia",100.000000000,""
"Malaria","Confirmed cases - Data quality","Completeness Gender - AER Only (not visible in Public Atlas)","%","2013","EL","Greece",100.000000000,""
"Malaria","Confirmed cases - Data quality","Completeness Gender - AER Only (not visible in Public Atlas)","%","2013","ES","Spain",99.227799220,""
"Malaria","Confirmed cases - Data quality","Completeness Gender - AER Only (not visible in Public Atlas)","%","2013","EU27_21","EU (without UK)",99.702439000,""
"Malaria","Confirmed cases - Data quality","Completeness Gender - AER Only (not visible in Public Atlas)","%","2013","EU27_UK_21","EU (with UK until 2019)",99.694283000,""
"Malaria","Confirmed cases - Data quality","Completeness Gender - AER Only (not visible in Public Atlas)","%","2013","EUEEA30_21","EU/EEA (without UK)",99.706630000,""
"Malaria","Confirmed cases - Data quality","Completeness Gender - AER Only (not visible in Public Atlas)","%","2013","EUEEAUK_21","EU/EEA (with UK until 2019)",99.697611000,""
"Malaria","Confirmed cases - Data quality","Completeness Gender - AER Only (not visible in Public Atlas)","%","2013","FI","Finland",100.000000000,""
"Malaria","Confirmed cases - Data quality","Completeness Gender - AER Only (not visible in Public Atlas)","%","2013","FR","France",99.953810620,""
"Malaria","Confirmed cases - Data quality","Completeness Gender - AER Only (not visible in Public Atlas)","%","2013","HR","Croatia",-,""
"Malaria","Confirmed cases - Data quality","Completeness Gender - AER Only (not visible in Public Atlas)","%","2013","HU","Hungary",100.000000000,""
"Malaria","Confirmed cases - Data quality","Completeness Gender - AER Only (not visible in Public Atlas)","%","2013","IE","Ireland",98.591549290,""
"Malaria","Confirmed cases - Data quality","Completeness Gender - AER Only (not visible in Public Atlas)","%","2013","IT","Italy",100.000000000,""
"Malaria","Confirmed cases - Data quality","Completeness Gender - AER Only (not visible in Public Atlas)","%","2013","LT","Lithuania",100.000000000,""
"Malaria","Confirmed cases - Data quality","Completeness Gender - AER Only (not visible in Public Atlas)","%","2013","LU","Luxembourg",100.000000000,""
"Malaria","Confirmed cases - Data quality","Completeness Gender - AER Only (not visible in Public Atlas)","%","2013","LV","Latvia",100.000000000,""
"Malaria","Confirmed cases - Data quality","Completeness Gender - AER Only (not visible in Public Atlas)","%","2013","MT","Malta",100.000000000,""
"Malaria","Confirmed cases - Data quality","Completeness Gender - AER Only (not visible in Public Atlas)","%","2013","NL","Netherlands",98.765432090,""
"Malaria","Confirmed cases - Data quality","Completeness Gender - AER Only (not visible in Public Atlas)","%","2013","NO","Norway",100.000000000,""
"Malaria","Confirmed cases - Data quality","Completeness Gender - AER Only (not visible in Public Atlas)","%","2013","PL","Poland",100.000000000,""
"Malaria","Confirmed cases - Data quality","Completeness Gender - AER Only (not visible in Public Atlas)","%","2013","PT","Portugal",100.000000000,""
"Malaria","Confirmed cases - Data quality","Completeness Gender - AER Only (not visible in Public Atlas)","%","2013","RO","Romania",100.000000000,""
"Malaria","Confirmed cases - Data quality","Completeness Gender - AER Only (not visible in Public Atlas)","%","2013","SE","Sweden",100.000000000,""
"Malaria","Confirmed cases - Data quality","Completeness Gender - AER Only (not visible in Public Atlas)","%","2013","SI","Slovenia",100.000000000,""
"Malaria","Confirmed cases - Data quality","Completeness Gender - AER Only (not visible in Public Atlas)","%","2013","SK","Slovakia",100.000000000,""
"Malaria","Confirmed cases - Data quality","Completeness Gender - AER Only (not visible in Public Atlas)","%","2013","UK","United Kingdom",99.666888740,""
"Malaria","Confirmed cases - Data quality","Completeness Gender - AER Only (not visible in Public Atlas)","%","2014","AT","Austria",100.000000000,""
"Malaria","Confirmed cases - Data quality","Completeness Gender - AER Only (not visible in Public Atlas)","%","2014","BE","Belgium",100.000000000,""
"Malaria","Confirmed cases - Data quality","Completeness Gender - AER Only (not visible in Public Atlas)","%","2014","BG","Bulgaria",100.000000000,""
"Malaria","Confirmed cases - Data quality","Completeness Gender - AER Only (not visible in Public Atlas)","%","2014","CY","Cyprus",100.000000000,""
"Malaria","Confirmed cases - Data quality","Completeness Gender - AER Only (not visible in Public Atlas)","%","2014","CZ","Czechia",100.000000000,""
"Malaria","Confirmed cases - Data quality","Completeness Gender - AER Only (not visible in Public Atlas)","%","2014","DE","Germany",99.006951340,""
"Malaria","Confirmed cases - Data quality","Completeness Gender - AER Only (not visible in Public Atlas)","%","2014","DK","Denmark",87.254901960,""
"Malaria","Confirmed cases - Data quality","Completeness Gender - AER Only (not visible in Public Atlas)","%","2014","EE","Estonia",100.000000000,""
"Malaria","Confirmed cases - Data quality","Completeness Gender - AER Only (not visible in Public Atlas)","%","2014","EL","Greece",100.000000000,""
"Malaria","Confirmed cases - Data quality","Completeness Gender - AER Only (not visible in Public Atlas)","%","2014","ES","Spain",100.000000000,""
"Malaria","Confirmed cases - Data quality","Completeness Gender - AER Only (not visible in Public Atlas)","%","2014","EU27_21","EU (without UK)",99.500080000,""
"Malaria","Confirmed cases - Data quality","Completeness Gender - AER Only (not visible in Public Atlas)","%","2014","EU27_UK_21","EU (with UK until 2019)",99.559071000,""
"Malaria","Confirmed cases - Data quality","Completeness Gender - AER Only (not visible in Public Atlas)","%","2014","EUEEA30_21","EU/EEA (without UK)",99.477930000,""
"Malaria","Confirmed cases - Data quality","Completeness Gender - AER Only (not visible in Public Atlas)","%","2014","EUEEAUK_21","EU/EEA (with UK until 2019)",99.540288000,""
"Malaria","Confirmed cases - Data quality","Completeness Gender - AER Only (not visible in Public Atlas)","%","2014","FI","Finland",100.000000000,""
"Malaria","Confirmed cases - Data quality","Completeness Gender - AER Only (not visible in Public Atlas)","%","2014","FR","France",100.000000000,""
"Malaria","Confirmed cases - Data quality","Completeness Gender - AER Only (not visible in Public Atlas)","%","2014","HR","Croatia",100.000000000,""
"Malaria","Confirmed cases - Data quality","Completeness Gender - AER Only (not visible in Public Atlas)","%","2014","HU","Hungary",100.000000000,""
"Malaria","Confirmed cases - Data quality","Completeness Gender - AER Only (not visible in Public Atlas)","%","2014","IE","Ireland",98.734177210,""
"Malaria","Confirmed cases - Data quality","Completeness Gender - AER Only (not visible in Public Atlas)","%","2014","IT","Italy",100.000000000,""
"Malaria","Confirmed cases - Data quality","Completeness Gender - AER Only (not visible in Public Atlas)","%","2014","LT","Lithuania",100.000000000,""
"Malaria","Confirmed cases - Data quality","Completeness Gender - AER Only (not visible in Public Atlas)","%","2014","LU","Luxembourg",100.000000000,""
"Malaria","Confirmed cases - Data quality","Completeness Gender - AER Only (not visible in Public Atlas)","%","2014","LV","Latvia",100.000000000,""
"Malaria","Confirmed cases - Data quality","Completeness Gender - AER Only (not visible in Public Atlas)","%","2014","MT","Malta",100.000000000,""
"Malaria","Confirmed cases - Data quality","Completeness Gender - AER Only (not visible in Public Atlas)","%","2014","NL","Netherlands",99.637681150,""
"Malaria","Confirmed cases - Data quality","Completeness Gender - AER Only (not visible in Public Atlas)","%","2014","NO","Norway",98.333333330,""
"Malaria","Confirmed cases - Data quality","Completeness Gender - AER Only (not visible in Public Atlas)","%","2014","PL","Poland",100.000000000,""
"Malaria","Confirmed cases - Data quality","Completeness Gender - AER Only (not visible in Public Atlas)","%","2014","PT","Portugal",100.000000000,""
"Malaria","Confirmed cases - Data quality","Completeness Gender - AER Only (not visible in Public Atlas)","%","2014","RO","Romania",100.000000000,""
"Malaria","Confirmed cases - Data quality","Completeness Gender - AER Only (not visible in Public Atlas)","%","2014","SE","Sweden",98.305084740,""
"Malaria","Confirmed cases - Data quality","Completeness Gender - AER Only (not visible in Public Atlas)","%","2014","SI","Slovenia",100.000000000,""
"Malaria","Confirmed cases - Data quality","Completeness Gender - AER Only (not visible in Public Atlas)","%","2014","SK","Slovakia",100.000000000,""
"Malaria","Confirmed cases - Data quality","Completeness Gender - AER Only (not visible in Public Atlas)","%","2014","UK","United Kingdom",99.801324500,""
"Malaria","Confirmed cases - Data quality","Completeness Gender - AER Only (not visible in Public Atlas)","%","2015","AT","Austria",100.000000000,""
"Malaria","Confirmed cases - Data quality","Completeness Gender - AER Only (not visible in Public Atlas)","%","2015","BE","Belgium",99.637681150,""
"Malaria","Confirmed cases - Data quality","Completeness Gender - AER Only (not visible in Public Atlas)","%","2015","BG","Bulgaria",100.000000000,""
"Malaria","Confirmed cases - Data quality","Completeness Gender - AER Only (not visible in Public Atlas)","%","2015","CY","Cyprus",100.000000000,""
"Malaria","Confirmed cases - Data quality","Completeness Gender - AER Only (not visible in Public Atlas)","%","2015","CZ","Czechia",100.000000000,""
"Malaria","Confirmed cases - Data quality","Completeness Gender - AER Only (not visible in Public Atlas)","%","2015","DE","Germany",99.528746460,""
"Malaria","Confirmed cases - Data quality","Completeness Gender - AER Only (not visible in Public Atlas)","%","2015","DK","Denmark",100.000000000,""
"Malaria","Confirmed cases - Data quality","Completeness Gender - AER Only (not visible in Public Atlas)","%","2015","EE","Estonia",100.000000000,""
"Malaria","Confirmed cases - Data quality","Completeness Gender - AER Only (not visible in Public Atlas)","%","2015","EL","Greece",100.000000000,""
"Malaria","Confirmed cases - Data quality","Completeness Gender - AER Only (not visible in Public Atlas)","%","2015","ES","Spain",100.000000000,""
"Malaria","Confirmed cases - Data quality","Completeness Gender - AER Only (not visible in Public Atlas)","%","2015","EU27_21","EU (without UK)",99.898843000,""
"Malaria","Confirmed cases - Data quality","Completeness Gender - AER Only (not visible in Public Atlas)","%","2015","EU27_UK_21","EU (with UK until 2019)",99.723457000,""
"Malaria","Confirmed cases - Data quality","Completeness Gender - AER Only (not visible in Public Atlas)","%","2015","EUEEA30_21","EU/EEA (without UK)",99.900199000,""
"Malaria","Confirmed cases - Data quality","Completeness Gender - AER Only (not visible in Public Atlas)","%","2015","EUEEAUK_21","EU/EEA (with UK until 2019)",99.726548000,""
"Malaria","Confirmed cases - Data quality","Completeness Gender - AER Only (not visible in Public Atlas)","%","2015","FI","Finland",100.000000000,""
"Malaria","Confirmed cases - Data quality","Completeness Gender - AER Only (not visible in Public Atlas)","%","2015","FR","France",100.000000000,""
"Malaria","Confirmed cases - Data quality","Completeness Gender - AER Only (not visible in Public Atlas)","%","2015","HR","Croatia",100.000000000,""
"Malaria","Confirmed cases - Data quality","Completeness Gender - AER Only (not visible in Public Atlas)","%","2015","HU","Hungary",100.000000000,""
"Malaria","Confirmed cases - Data quality","Completeness Gender - AER Only (not visible in Public Atlas)","%","2015","IE","Ireland",100.000000000,""
"Malaria","Confirmed cases - Data quality","Completeness Gender - AER Only (not visible in Public Atlas)","%","2015","IT","Italy",100.000000000,""
"Malaria","Confirmed cases - Data quality","Completeness Gender - AER Only (not visible in Public Atlas)","%","2015","LT","Lithuania",100.000000000,""
"Malaria","Confirmed cases - Data quality","Completeness Gender - AER Only (not visible in Public Atlas)","%","2015","LU","Luxembourg",100.000000000,""
"Malaria","Confirmed cases - Data quality","Completeness Gender - AER Only (not visible in Public Atlas)","%","2015","LV","Latvia",100.000000000,""
"Malaria","Confirmed cases - Data quality","Completeness Gender - AER Only (not visible in Public Atlas)","%","2015","MT","Malta",100.000000000,""
"Malaria","Confirmed cases - Data quality","Completeness Gender - AER Only (not visible in Public Atlas)","%","2015","NL","Netherlands",100.000000000,""
"Malaria","Confirmed cases - Data quality","Completeness Gender - AER Only (not visible in Public Atlas)","%","2015","NO","Norway",100.000000000,""
"Malaria","Confirmed cases - Data quality","Completeness Gender - AER Only (not visible in Public Atlas)","%","2015","PL","Poland",100.000000000,""
"Malaria","Confirmed cases - Data quality","Completeness Gender - AER Only (not visible in Public Atlas)","%","2015","PT","Portugal",100.000000000,""
"Malaria","Confirmed cases - Data quality","Completeness Gender - AER Only (not visible in Public Atlas)","%","2015","RO","Romania",100.000000000,""
"Malaria","Confirmed cases - Data quality","Completeness Gender - AER Only (not visible in Public Atlas)","%","2015","SE","Sweden",99.600000000,""
"Malaria","Confirmed cases - Data quality","Completeness Gender - AER Only (not visible in Public Atlas)","%","2015","SI","Slovenia",100.000000000,""
"Malaria","Confirmed cases - Data quality","Completeness Gender - AER Only (not visible in Public Atlas)","%","2015","SK","Slovakia",-,""
"Malaria","Confirmed cases - Data quality","Completeness Gender - AER Only (not visible in Public Atlas)","%","2015","UK","United Kingdom",98.854688610,""
"Malaria","Confirmed cases - Data quality","Completeness Gender - AER Only (not visible in Public Atlas)","%","2016","AT","Austria",100.000000000,""
"Malaria","Confirmed cases - Data quality","Completeness Gender - AER Only (not visible in Public Atlas)","%","2016","BE","Belgium",99.678456590,""
"Malaria","Confirmed cases - Data quality","Completeness Gender - AER Only (not visible in Public Atlas)","%","2016","BG","Bulgaria",100.000000000,""
"Malaria","Confirmed cases - Data quality","Completeness Gender - AER Only (not visible in Public Atlas)","%","2016","CY","Cyprus",100.000000000,""
"Malaria","Confirmed cases - Data quality","Completeness Gender - AER Only (not visible in Public Atlas)","%","2016","CZ","Czechia",100.000000000,""
"Malaria","Confirmed cases - Data quality","Completeness Gender - AER Only (not visible in Public Atlas)","%","2016","DE","Germany",99.168399160,""
"Malaria","Confirmed cases - Data quality","Completeness Gender - AER Only (not visible in Public Atlas)","%","2016","DK","Denmark",100.000000000,""
"Malaria","Confirmed cases - Data quality","Completeness Gender - AER Only (not visible in Public Atlas)","%","2016","EE","Estonia",100.000000000,""
"Malaria","Confirmed cases - Data quality","Completeness Gender - AER Only (not visible in Public Atlas)","%","2016","EL","Greece",100.000000000,""
"Malaria","Confirmed cases - Data quality","Completeness Gender - AER Only (not visible in Public Atlas)","%","2016","ES","Spain",99.867549660,""
"Malaria","Confirmed cases - Data quality","Completeness Gender - AER Only (not visible in Public Atlas)","%","2016","EU27_21","EU (without UK)",99.817490000,""
"Malaria","Confirmed cases - Data quality","Completeness Gender - AER Only (not visible in Public Atlas)","%","2016","EU27_UK_21","EU (with UK until 2019)",99.791385000,""
"Malaria","Confirmed cases - Data quality","Completeness Gender - AER Only (not visible in Public Atlas)","%","2016","EUEEA30_21","EU/EEA (without UK)",99.819603000,""
"Malaria","Confirmed cases - Data quality","Completeness Gender - AER Only (not visible in Public Atlas)","%","2016","EUEEAUK_21","EU/EEA (with UK until 2019)",99.793338000,""
"Malaria","Confirmed cases - Data quality","Completeness Gender - AER Only (not visible in Public Atlas)","%","2016","FI","Finland",100.000000000,""
"Malaria","Confirmed cases - Data quality","Completeness Gender - AER Only (not visible in Public Atlas)","%","2016","FR","France",100.000000000,""
"Malaria","Confirmed cases - Data quality","Completeness Gender - AER Only (not visible in Public Atlas)","%","2016","HR","Croatia",100.000000000,""
"Malaria","Confirmed cases - Data quality","Completeness Gender - AER Only (not visible in Public Atlas)","%","2016","HU","Hungary",100.000000000,""
"Malaria","Confirmed cases - Data quality","Completeness Gender - AER Only (not visible in Public Atlas)","%","2016","IE","Ireland",98.863636360,""
"Malaria","Confirmed cases - Data quality","Completeness Gender - AER Only (not visible in Public Atlas)","%","2016","IS","Iceland",100.000000000,""
"Malaria","Confirmed cases - Data quality","Completeness Gender - AER Only (not visible in Public Atlas)","%","2016","IT","Italy",99.887387380,""
"Malaria","Confirmed cases - Data quality","Completeness Gender - AER Only (not visible in Public Atlas)","%","2016","LT","Lithuania",100.000000000,""
"Malaria","Confirmed cases - Data quality","Completeness Gender - AER Only (not visible in Public Atlas)","%","2016","LU","Luxembourg",100.000000000,""
"Malaria","Confirmed cases - Data quality","Completeness Gender - AER Only (not visible in Public Atlas)","%","2016","LV","Latvia",100.000000000,""
"Malaria","Confirmed cases - Data quality","Completeness Gender - AER Only (not visible in Public Atlas)","%","2016","MT","Malta",100.000000000,""
"Malaria","Confirmed cases - Data quality","Completeness Gender - AER Only (not visible in Public Atlas)","%","2016","NL","Netherlands",100.000000000,""
"Malaria","Confirmed cases - Data quality","Completeness Gender - AER Only (not visible in Public Atlas)","%","2016","NO","Norway",100.000000000,""
"Malaria","Confirmed cases - Data quality","Completeness Gender - AER Only (not visible in Public Atlas)","%","2016","PL","Poland",100.000000000,""
"Malaria","Confirmed cases - Data quality","Completeness Gender - AER Only (not visible in Public Atlas)","%","2016","PT","Portugal",100.000000000,""
"Malaria","Confirmed cases - Data quality","Completeness Gender - AER Only (not visible in Public Atlas)","%","2016","RO","Romania",100.000000000,""
"Malaria","Confirmed cases - Data quality","Completeness Gender - AER Only (not visible in Public Atlas)","%","2016","SE","Sweden",100.000000000,""
"Malaria","Confirmed cases - Data quality","Completeness Gender - AER Only (not visible in Public Atlas)","%","2016","SI","Slovenia",100.000000000,""
"Malaria","Confirmed cases - Data quality","Completeness Gender - AER Only (not visible in Public Atlas)","%","2016","SK","Slovakia",100.000000000,""
"Malaria","Confirmed cases - Data quality","Completeness Gender - AER Only (not visible in Public Atlas)","%","2016","UK","United Kingdom",99.682337990,""
"Malaria","Confirmed cases - Data quality","Completeness Gender - AER Only (not visible in Public Atlas)","%","2017","AT","Austria",100.000000000,""
"Malaria","Confirmed cases - Data quality","Completeness Gender - AER Only (not visible in Public Atlas)","%","2017","BE","Belgium",99.598393570,""
"Malaria","Confirmed cases - Data quality","Completeness Gender - AER Only (not visible in Public Atlas)","%","2017","BG","Bulgaria",100.000000000,""
"Malaria","Confirmed cases - Data quality","Completeness Gender - AER Only (not visible in Public Atlas)","%","2017","CY","Cyprus",100.000000000,""
"Malaria","Confirmed cases - Data quality","Completeness Gender - AER Only (not visible in Public Atlas)","%","2017","CZ","Czechia",100.000000000,""
"Malaria","Confirmed cases - Data quality","Completeness Gender - AER Only (not visible in Public Atlas)","%","2017","DE","Germany",99.059561120,""
"Malaria","Confirmed cases - Data quality","Completeness Gender - AER Only (not visible in Public Atlas)","%","2017","DK","Denmark",100.000000000,""
"Malaria","Confirmed cases - Data quality","Completeness Gender - AER Only (not visible in Public Atlas)","%","2017","EE","Estonia",100.000000000,""
"Malaria","Confirmed cases - Data quality","Completeness Gender - AER Only (not visible in Public Atlas)","%","2017","EL","Greece",100.000000000,""
"Malaria","Confirmed cases - Data quality","Completeness Gender - AER Only (not visible in Public Atlas)","%","2017","ES","Spain",99.877750610,""
"Malaria","Confirmed cases - Data quality","Completeness Gender - AER Only (not visible in Public Atlas)","%","2017","EU27_21","EU (without UK)",99.801617000,""
"Malaria","Confirmed cases - Data quality","Completeness Gender - AER Only (not visible in Public Atlas)","%","2017","EU27_UK_21","EU (with UK until 2019)",99.677149000,""
"Malaria","Confirmed cases - Data quality","Completeness Gender - AER Only (not visible in Public Atlas)","%","2017","EUEEA30_21","EU/EEA (without UK)",99.803536000,""
"Malaria","Confirmed cases - Data quality","Completeness Gender - AER Only (not visible in Public Atlas)","%","2017","EUEEAUK_21","EU/EEA (with UK until 2019)",99.679601000,""
"Malaria","Confirmed cases - Data quality","Completeness Gender - AER Only (not visible in Public Atlas)","%","2017","FI","Finland",100.000000000,""
"Malaria","Confirmed cases - Data quality","Completeness Gender - AER Only (not visible in Public Atlas)","%","2017","FR","France",99.926253680,""
"Malaria","Confirmed cases - Data quality","Completeness Gender - AER Only (not visible in Public Atlas)","%","2017","HR","Croatia",100.000000000,""
"Malaria","Confirmed cases - Data quality","Completeness Gender - AER Only (not visible in Public Atlas)","%","2017","HU","Hungary",100.000000000,""
"Malaria","Confirmed cases - Data quality","Completeness Gender - AER Only (not visible in Public Atlas)","%","2017","IE","Ireland",100.000000000,""
"Malaria","Confirmed cases - Data quality","Completeness Gender - AER Only (not visible in Public Atlas)","%","2017","IS","Iceland",100.000000000,""
"Malaria","Confirmed cases - Data quality","Completeness Gender - AER Only (not visible in Public Atlas)","%","2017","IT","Italy",100.000000000,""
"Malaria","Confirmed cases - Data quality","Completeness Gender - AER Only (not visible in Public Atlas)","%","2017","LT","Lithuania",100.000000000,""
"Malaria","Confirmed cases - Data quality","Completeness Gender - AER Only (not visible in Public Atlas)","%","2017","LU","Luxembourg",100.000000000,""
"Malaria","Confirmed cases - Data quality","Completeness Gender - AER Only (not visible in Public Atlas)","%","2017","LV","Latvia",100.000000000,""
"Malaria","Confirmed cases - Data quality","Completeness Gender - AER Only (not visible in Public Atlas)","%","2017","MT","Malta",100.000000000,""
"Malaria","Confirmed cases - Data quality","Completeness Gender - AER Only (not visible in Public Atlas)","%","2017","NL","Netherlands",100.000000000,""
"Malaria","Confirmed cases - Data quality","Completeness Gender - AER Only (not visible in Public Atlas)","%","2017","NO","Norway",100.000000000,""
"Malaria","Confirmed cases - Data quality","Completeness Gender - AER Only (not visible in Public Atlas)","%","2017","PL","Poland",100.000000000,""
"Malaria","Confirmed cases - Data quality","Completeness Gender - AER Only (not visible in Public Atlas)","%","2017","PT","Portugal",100.000000000,""
"Malaria","Confirmed cases - Data quality","Completeness Gender - AER Only (not visible in Public Atlas)","%","2017","RO","Romania",100.000000000,""
"Malaria","Confirmed cases - Data quality","Completeness Gender - AER Only (not visible in Public Atlas)","%","2017","SE","Sweden",100.000000000,""
"Malaria","Confirmed cases - Data quality","Completeness Gender - AER Only (not visible in Public Atlas)","%","2017","SI","Slovenia",100.000000000,""
"Malaria","Confirmed cases - Data quality","Completeness Gender - AER Only (not visible in Public Atlas)","%","2017","SK","Slovakia",-,""
"Malaria","Confirmed cases - Data quality","Completeness Gender - AER Only (not visible in Public Atlas)","%","2017","UK","United Kingdom",99.226519330,""
"Malaria","Confirmed cases - Data quality","Completeness Gender - AER Only (not visible in Public Atlas)","%","2018","AT","Austria",100.000000000,""
"Malaria","Confirmed cases - Data quality","Completeness Gender - AER Only (not visible in Public Atlas)","%","2018","BE","Belgium",99.719887950,""
"Malaria","Confirmed cases - Data quality","Completeness Gender - AER Only (not visible in Public Atlas)","%","2018","BG","Bulgaria",100.000000000,""
"Malaria","Confirmed cases - Data quality","Completeness Gender - AER Only (not visible in Public Atlas)","%","2018","CY","Cyprus",100.000000000,""
"Malaria","Confirmed cases - Data quality","Completeness Gender - AER Only (not visible in Public Atlas)","%","2018","CZ","Czechia",100.000000000,""
"Malaria","Confirmed cases - Data quality","Completeness Gender - AER Only (not visible in Public Atlas)","%","2018","DE","Germany",98.111111110,""
"Malaria","Confirmed cases - Data quality","Completeness Gender - AER Only (not visible in Public Atlas)","%","2018","DK","Denmark",100.000000000,""
"Malaria","Confirmed cases - Data quality","Completeness Gender - AER Only (not visible in Public Atlas)","%","2018","EE","Estonia",100.000000000,""
"Malaria","Confirmed cases - Data quality","Completeness Gender - AER Only (not visible in Public Atlas)","%","2018","EL","Greece",100.000000000,""
"Malaria","Confirmed cases - Data quality","Completeness Gender - AER Only (not visible in Public Atlas)","%","2018","ES","Spain",100.000000000,""
"Malaria","Confirmed cases - Data quality","Completeness Gender - AER Only (not visible in Public Atlas)","%","2018","EU27_21","EU (without UK)",99.698704000,""
"Malaria","Confirmed cases - Data quality","Completeness Gender - AER Only (not visible in Public Atlas)","%","2018","EU27_UK_21","EU (with UK until 2019)",99.699048000,""
"Malaria","Confirmed cases - Data quality","Completeness Gender - AER Only (not visible in Public Atlas)","%","2018","EUEEA30_21","EU/EEA (without UK)",99.701269000,""
"Malaria","Confirmed cases - Data quality","Completeness Gender - AER Only (not visible in Public Atlas)","%","2018","EUEEAUK_21","EU/EEA (with UK until 2019)",99.701099000,""
"Malaria","Confirmed cases - Data quality","Completeness Gender - AER Only (not visible in Public Atlas)","%","2018","FI","Finland",100.000000000,""
"Malaria","Confirmed cases - Data quality","Completeness Gender - AER Only (not visible in Public Atlas)","%","2018","FR","France",99.964788730,""
"Malaria","Confirmed cases - Data quality","Completeness Gender - AER Only (not visible in Public Atlas)","%","2018","HR","Croatia",100.000000000,""
"Malaria","Confirmed cases - Data quality","Completeness Gender - AER Only (not visible in Public Atlas)","%","2018","HU","Hungary",100.000000000,""
"Malaria","Confirmed cases - Data quality","Completeness Gender - AER Only (not visible in Public Atlas)","%","2018","IE","Ireland",100.000000000,""
"Malaria","Confirmed cases - Data quality","Completeness Gender - AER Only (not visible in Public Atlas)","%","2018","IS","Iceland",100.000000000,""
"Malaria","Confirmed cases - Data quality","Completeness Gender - AER Only (not visible in Public Atlas)","%","2018","IT","Italy",100.000000000,""
"Malaria","Confirmed cases - Data quality","Completeness Gender - AER Only (not visible in Public Atlas)","%","2018","LT","Lithuania",100.000000000,""
"Malaria","Confirmed cases - Data quality","Completeness Gender - AER Only (not visible in Public Atlas)","%","2018","LU","Luxembourg",100.000000000,""
"Malaria","Confirmed cases - Data quality","Completeness Gender - AER Only (not visible in Public Atlas)","%","2018","LV","Latvia",100.000000000,""
"Malaria","Confirmed cases - Data quality","Completeness Gender - AER Only (not visible in Public Atlas)","%","2018","MT","Malta",100.000000000,""
"Malaria","Confirmed cases - Data quality","Completeness Gender - AER Only (not visible in Public Atlas)","%","2018","NL","Netherlands",99.603174600,""
"Malaria","Confirmed cases - Data quality","Completeness Gender - AER Only (not visible in Public Atlas)","%","2018","NO","Norway",100.000000000,""
"Malaria","Confirmed cases - Data quality","Completeness Gender - AER Only (not visible in Public Atlas)","%","2018","PL","Poland",100.000000000,""
"Malaria","Confirmed cases - Data quality","Completeness Gender - AER Only (not visible in Public Atlas)","%","2018","PT","Portugal",100.000000000,""
"Malaria","Confirmed cases - Data quality","Completeness Gender - AER Only (not visible in Public Atlas)","%","2018","RO","Romania",100.000000000,""
"Malaria","Confirmed cases - Data quality","Completeness Gender - AER Only (not visible in Public Atlas)","%","2018","SE","Sweden",100.000000000,""
"Malaria","Confirmed cases - Data quality","Completeness Gender - AER Only (not visible in Public Atlas)","%","2018","SI","Slovenia",100.000000000,""
"Malaria","Confirmed cases - Data quality","Completeness Gender - AER Only (not visible in Public Atlas)","%","2018","SK","Slovakia",100.000000000,""
"Malaria","Confirmed cases - Data quality","Completeness Gender - AER Only (not visible in Public Atlas)","%","2018","UK","United Kingdom",99.700419410,""
"Malaria","Confirmed cases - Data quality","Completeness Gender - AER Only (not visible in Public Atlas)","%","2019","AT","Austria",100.000000000,""
"Malaria","Confirmed cases - Data quality","Completeness Gender - AER Only (not visible in Public Atlas)","%","2019","BE","Belgium",99.040767380,""
"Malaria","Confirmed cases - Data quality","Completeness Gender - AER Only (not visible in Public Atlas)","%","2019","BG","Bulgaria",100.000000000,""
"Malaria","Confirmed cases - Data quality","Completeness Gender - AER Only (not visible in Public Atlas)","%","2019","CY","Cyprus",100.000000000,""
"Malaria","Confirmed cases - Data quality","Completeness Gender - AER Only (not visible in Public Atlas)","%","2019","CZ","Czechia",100.000000000,""
"Malaria","Confirmed cases - Data quality","Completeness Gender - AER Only (not visible in Public Atlas)","%","2019","DE","Germany",98.298298290,""
"Malaria","Confirmed cases - Data quality","Completeness Gender - AER Only (not visible in Public Atlas)","%","2019","DK","Denmark",100.000000000,""
"Malaria","Confirmed cases - Data quality","Completeness Gender - AER Only (not visible in Public Atlas)","%","2019","EE","Estonia",100.000000000,""
"Malaria","Confirmed cases - Data quality","Completeness Gender - AER Only (not visible in Public Atlas)","%","2019","EL","Greece",100.000000000,""
"Malaria","Confirmed cases - Data quality","Completeness Gender - AER Only (not visible in Public Atlas)","%","2019","ES","Spain",99.872286070,""
"Malaria","Confirmed cases - Data quality","Completeness Gender - AER Only (not visible in Public Atlas)","%","2019","EU27_21","EU (without UK)",99.560568000,""
"Malaria","Confirmed cases - Data quality","Completeness Gender - AER Only (not visible in Public Atlas)","%","2019","EU27_UK_21","EU (with UK until 2019)",99.648423000,""
"Malaria","Confirmed cases - Data quality","Completeness Gender - AER Only (not visible in Public Atlas)","%","2019","EUEEA30_21","EU/EEA (without UK)",99.573075000,""
"Malaria","Confirmed cases - Data quality","Completeness Gender - AER Only (not visible in Public Atlas)","%","2019","EUEEAUK_21","EU/EEA (with UK until 2019)",99.656475000,""
"Malaria","Confirmed cases - Data quality","Completeness Gender - AER Only (not visible in Public Atlas)","%","2019","FI","Finland",100.000000000,""
"Malaria","Confirmed cases - Data quality","Completeness Gender - AER Only (not visible in Public Atlas)","%","2019","FR","France",100.000000000,""
"Malaria","Confirmed cases - Data quality","Completeness Gender - AER Only (not visible in Public Atlas)","%","2019","HR","Croatia",100.000000000,""
"Malaria","Confirmed cases - Data quality","Completeness Gender - AER Only (not visible in Public Atlas)","%","2019","HU","Hungary",100.000000000,""
"Malaria","Confirmed cases - Data quality","Completeness Gender - AER Only (not visible in Public Atlas)","%","2019","IE","Ireland",96.250000000,""
"Malaria","Confirmed cases - Data quality","Completeness Gender - AER Only (not visible in Public Atlas)","%","2019","IS","Iceland",100.000000000,""
"Malaria","Confirmed cases - Data quality","Completeness Gender - AER Only (not visible in Public Atlas)","%","2019","IT","Italy",100.000000000,""
"Malaria","Confirmed cases - Data quality","Completeness Gender - AER Only (not visible in Public Atlas)","%","2019","LT","Lithuania",100.000000000,""
"Malaria","Confirmed cases - Data quality","Completeness Gender - AER Only (not visible in Public Atlas)","%","2019","LU","Luxembourg",61.538461530,""
"Malaria","Confirmed cases - Data quality","Completeness Gender - AER Only (not visible in Public Atlas)","%","2019","LV","Latvia",100.000000000,""
"Malaria","Confirmed cases - Data quality","Completeness Gender - AER Only (not visible in Public Atlas)","%","2019","MT","Malta",100.000000000,""
"Malaria","Confirmed cases - Data quality","Completeness Gender - AER Only (not visible in Public Atlas)","%","2019","NL","Netherlands",100.000000000,""
"Malaria","Confirmed cases - Data quality","Completeness Gender - AER Only (not visible in Public Atlas)","%","2019","NO","Norway",100.000000000,""
"Malaria","Confirmed cases - Data quality","Completeness Gender - AER Only (not visible in Public Atlas)","%","2019","PL","Poland",100.000000000,""
"Malaria","Confirmed cases - Data quality","Completeness Gender - AER Only (not visible in Public Atlas)","%","2019","PT","Portugal",100.000000000,""
"Malaria","Confirmed cases - Data quality","Completeness Gender - AER Only (not visible in Public Atlas)","%","2019","RO","Romania",100.000000000,""
"Malaria","Confirmed cases - Data quality","Completeness Gender - AER Only (not visible in Public Atlas)","%","2019","SE","Sweden",100.000000000,""
"Malaria","Confirmed cases - Data quality","Completeness Gender - AER Only (not visible in Public Atlas)","%","2019","SI","Slovenia",100.000000000,""
"Malaria","Confirmed cases - Data quality","Completeness Gender - AER Only (not visible in Public Atlas)","%","2019","SK","Slovakia",100.000000000,""
"Malaria","Confirmed cases - Data quality","Completeness Gender - AER Only (not visible in Public Atlas)","%","2019","UK","United Kingdom",100.000000000,""
"Malaria","Confirmed cases - Data quality","Completeness Gender - AER Only (not visible in Public Atlas)","%","2020","AT","Austria",100.000000000,""
"Malaria","Confirmed cases - Data quality","Completeness Gender - AER Only (not visible in Public Atlas)","%","2020","BE","Belgium",100.000000000,""
"Malaria","Confirmed cases - Data quality","Completeness Gender - AER Only (not visible in Public Atlas)","%","2020","BG","Bulgaria",100.000000000,""
"Malaria","Confirmed cases - Data quality","Completeness Gender - AER Only (not visible in Public Atlas)","%","2020","CY","Cyprus",-,""
"Malaria","Confirmed cases - Data quality","Completeness Gender - AER Only (not visible in Public Atlas)","%","2020","CZ","Czechia",100.000000000,""
"Malaria","Confirmed cases - Data quality","Completeness Gender - AER Only (not visible in Public Atlas)","%","2020","DE","Germany",99.180327860,""
"Malaria","Confirmed cases - Data quality","Completeness Gender - AER Only (not visible in Public Atlas)","%","2020","DK","Denmark",100.000000000,""
"Malaria","Confirmed cases - Data quality","Completeness Gender - AER Only (not visible in Public Atlas)","%","2020","EE","Estonia",100.000000000,""
"Malaria","Confirmed cases - Data quality","Completeness Gender - AER Only (not visible in Public Atlas)","%","2020","EL","Greece",100.000000000,""
"Malaria","Confirmed cases - Data quality","Completeness Gender - AER Only (not visible in Public Atlas)","%","2020","ES","Spain",100.000000000,""
"Malaria","Confirmed cases - Data quality","Completeness Gender - AER Only (not visible in Public Atlas)","%","2020","EU27_21","EU (without UK)",99.837662000,""
"Malaria","Confirmed cases - Data quality","Completeness Gender - AER Only (not visible in Public Atlas)","%","2020","EU27_UK_21","EU (with UK until 2019)",99.837662000,""
"Malaria","Confirmed cases - Data quality","Completeness Gender - AER Only (not visible in Public Atlas)","%","2020","EUEEA30_21","EU/EEA (without UK)",99.840764000,""
"Malaria","Confirmed cases - Data quality","Completeness Gender - AER Only (not visible in Public Atlas)","%","2020","EUEEAUK_21","EU/EEA (with UK until 2019)",99.840764000,""
"Malaria","Confirmed cases - Data quality","Completeness Gender - AER Only (not visible in Public Atlas)","%","2020","FI","Finland",100.000000000,""
"Malaria","Confirmed cases - Data quality","Completeness Gender - AER Only (not visible in Public Atlas)","%","2020","FR","France",100.000000000,""
"Malaria","Confirmed cases - Data quality","Completeness Gender - AER Only (not visible in Public Atlas)","%","2020","HR","Croatia",-,""
"Malaria","Confirmed cases - Data quality","Completeness Gender - AER Only (not visible in Public Atlas)","%","2020","HU","Hungary",100.000000000,""
"Malaria","Confirmed cases - Data quality","Completeness Gender - AER Only (not visible in Public Atlas)","%","2020","IE","Ireland",100.000000000,""
"Malaria","Confirmed cases - Data quality","Completeness Gender - AER Only (not visible in Public Atlas)","%","2020","IS","Iceland",-,""
"Malaria","Confirmed cases - Data quality","Completeness Gender - AER Only (not visible in Public Atlas)","%","2020","IT","Italy",100.000000000,""
"Malaria","Confirmed cases - Data quality","Completeness Gender - AER Only (not visible in Public Atlas)","%","2020","LT","Lithuania",-,""
"Malaria","Confirmed cases - Data quality","Completeness Gender - AER Only (not visible in Public Atlas)","%","2020","LU","Luxembourg",80.000000000,""
"Malaria","Confirmed cases - Data quality","Completeness Gender - AER Only (not visible in Public Atlas)","%","2020","LV","Latvia",-,""
"Malaria","Confirmed cases - Data quality","Completeness Gender - AER Only (not visible in Public Atlas)","%","2020","MT","Malta",100.000000000,""
"Malaria","Confirmed cases - Data quality","Completeness Gender - AER Only (not visible in Public Atlas)","%","2020","NL","Netherlands",100.000000000,""
"Malaria","Confirmed cases - Data quality","Completeness Gender - AER Only (not visible in Public Atlas)","%","2020","NO","Norway",100.000000000,""
"Malaria","Confirmed cases - Data quality","Completeness Gender - AER Only (not visible in Public Atlas)","%","2020","PL","Poland",100.000000000,""
"Malaria","Confirmed cases - Data quality","Completeness Gender - AER Only (not visible in Public Atlas)","%","2020","PT","Portugal",100.000000000,""
"Malaria","Confirmed cases - Data quality","Completeness Gender - AER Only (not visible in Public Atlas)","%","2020","RO","Romania",100.000000000,""
"Malaria","Confirmed cases - Data quality","Completeness Gender - AER Only (not visible in Public Atlas)","%","2020","SE","Sweden",100.000000000,""
"Malaria","Confirmed cases - Data quality","Completeness Gender - AER Only (not visible in Public Atlas)","%","2020","SI","Slovenia",100.000000000,""
"Malaria","Confirmed cases - Data quality","Completeness Gender - AER Only (not visible in Public Atlas)","%","2020","SK","Slovakia",100.000000000,""
"Malaria","Confirmed cases - Data quality","Completeness Gender - AER Only (not visible in Public Atlas)","%","2021","AT","Austria",100.000000000,""
"Malaria","Confirmed cases - Data quality","Completeness Gender - AER Only (not visible in Public Atlas)","%","2021","BE","Belgium",100.000000000,""
"Malaria","Confirmed cases - Data quality","Completeness Gender - AER Only (not visible in Public Atlas)","%","2021","BG","Bulgaria",100.000000000,""
"Malaria","Confirmed cases - Data quality","Completeness Gender - AER Only (not visible in Public Atlas)","%","2021","CY","Cyprus",-,""
"Malaria","Confirmed cases - Data quality","Completeness Gender - AER Only (not visible in Public Atlas)","%","2021","CZ","Czechia",100.000000000,""
"Malaria","Confirmed cases - Data quality","Completeness Gender - AER Only (not visible in Public Atlas)","%","2021","DE","Germany",98.697068400,""
"Malaria","Confirmed cases - Data quality","Completeness Gender - AER Only (not visible in Public Atlas)","%","2021","DK","Denmark",100.000000000,""
"Malaria","Confirmed cases - Data quality","Completeness Gender - AER Only (not visible in Public Atlas)","%","2021","EE","Estonia",100.000000000,""
"Malaria","Confirmed cases - Data quality","Completeness Gender - AER Only (not visible in Public Atlas)","%","2021","EL","Greece",100.000000000,""
"Malaria","Confirmed cases - Data quality","Completeness Gender - AER Only (not visible in Public Atlas)","%","2021","ES","Spain",100.000000000,""
"Malaria","Confirmed cases - Data quality","Completeness Gender - AER Only (not visible in Public Atlas)","%","2021","EU27_21","EU (without UK)",99.834265000,""
"Malaria","Confirmed cases - Data quality","Completeness Gender - AER Only (not visible in Public Atlas)","%","2021","EU27_UK_21","EU (with UK until 2019)",99.834265000,""
"Malaria","Confirmed cases - Data quality","Completeness Gender - AER Only (not visible in Public Atlas)","%","2021","EUEEA30_21","EU/EEA (without UK)",99.836801000,""
"Malaria","Confirmed cases - Data quality","Completeness Gender - AER Only (not visible in Public Atlas)","%","2021","EUEEAUK_21","EU/EEA (with UK until 2019)",99.836801000,""
"Malaria","Confirmed cases - Data quality","Completeness Gender - AER Only (not visible in Public Atlas)","%","2021","FI","Finland",100.000000000,""
"Malaria","Confirmed cases - Data quality","Completeness Gender - AER Only (not visible in Public Atlas)","%","2021","FR","France",100.000000000,""
"Malaria","Confirmed cases - Data quality","Completeness Gender - AER Only (not visible in Public Atlas)","%","2021","HU","Hungary",100.000000000,""
"Malaria","Confirmed cases - Data quality","Completeness Gender - AER Only (not visible in Public Atlas)","%","2021","IE","Ireland",100.000000000,""
"Malaria","Confirmed cases - Data quality","Completeness Gender - AER Only (not visible in Public Atlas)","%","2021","IS","Iceland",100.000000000,""
"Malaria","Confirmed cases - Data quality","Completeness Gender - AER Only (not visible in Public Atlas)","%","2021","IT","Italy",100.000000000,""
"Malaria","Confirmed cases - Data quality","Completeness Gender - AER Only (not visible in Public Atlas)","%","2021","LI","Liechtenstein",-,""
"Malaria","Confirmed cases - Data quality","Completeness Gender - AER Only (not visible in Public Atlas)","%","2021","LT","Lithuania",100.000000000,""
"Malaria","Confirmed cases - Data quality","Completeness Gender - AER Only (not visible in Public Atlas)","%","2021","LU","Luxembourg",100.000000000,""
"Malaria","Confirmed cases - Data quality","Completeness Gender - AER Only (not visible in Public Atlas)","%","2021","LV","Latvia",-,""
"Malaria","Confirmed cases - Data quality","Completeness Gender - AER Only (not visible in Public Atlas)","%","2021","MT","Malta",100.000000000,""
"Malaria","Confirmed cases - Data quality","Completeness Gender - AER Only (not visible in Public Atlas)","%","2021","NL","Netherlands",100.000000000,""
"Malaria","Confirmed cases - Data quality","Completeness Gender - AER Only (not visible in Public Atlas)","%","2021","NO","Norway",100.000000000,""
"Malaria","Confirmed cases - Data quality","Completeness Gender - AER Only (not visible in Public Atlas)","%","2021","PL","Poland",100.000000000,""
"Malaria","Confirmed cases - Data quality","Completeness Gender - AER Only (not visible in Public Atlas)","%","2021","PT","Portugal",100.000000000,""
"Malaria","Confirmed cases - Data quality","Completeness Gender - AER Only (not visible in Public Atlas)","%","2021","RO","Romania",100.000000000,""
"Malaria","Confirmed cases - Data quality","Completeness Gender - AER Only (not visible in Public Atlas)","%","2021","SE","Sweden",100.000000000,""
"Malaria","Confirmed cases - Data quality","Completeness Gender - AER Only (not visible in Public Atlas)","%","2021","SI","Slovenia",100.000000000,""
"Malaria","Confirmed cases - Data quality","Completeness Gender - AER Only (not visible in Public Atlas)","%","2021","SK","Slovakia",100.000000000,""
"Malaria","Confirmed cases - Data quality","Completeness Gender - AER Only (not visible in Public Atlas)","%","2022","AT","Austria",100.000000000,""
"Malaria","Confirmed cases - Data quality","Completeness Gender - AER Only (not visible in Public Atlas)","%","2022","BE","Belgium",100.000000000,""
"Malaria","Confirmed cases - Data quality","Completeness Gender - AER Only (not visible in Public Atlas)","%","2022","BG","Bulgaria",100.000000000,""
"Malaria","Confirmed cases - Data quality","Completeness Gender - AER Only (not visible in Public Atlas)","%","2022","CY","Cyprus",100.000000000,""
"Malaria","Confirmed cases - Data quality","Completeness Gender - AER Only (not visible in Public Atlas)","%","2022","CZ","Czechia",100.000000000,""
"Malaria","Confirmed cases - Data quality","Completeness Gender - AER Only (not visible in Public Atlas)","%","2022","DE","Germany",98.056994810,""
"Malaria","Confirmed cases - Data quality","Completeness Gender - AER Only (not visible in Public Atlas)","%","2022","DK","Denmark",100.000000000,""
"Malaria","Confirmed cases - Data quality","Completeness Gender - AER Only (not visible in Public Atlas)","%","2022","EE","Estonia",100.000000000,""
"Malaria","Confirmed cases - Data quality","Completeness Gender - AER Only (not visible in Public Atlas)","%","2022","EL","Greece",100.000000000,""
"Malaria","Confirmed cases - Data quality","Completeness Gender - AER Only (not visible in Public Atlas)","%","2022","ES","Spain",99.850523160,""
"Malaria","Confirmed cases - Data quality","Completeness Gender - AER Only (not visible in Public Atlas)","%","2022","EU27_21","EU (without UK)",99.740301000,""
"Malaria","Confirmed cases - Data quality","Completeness Gender - AER Only (not visible in Public Atlas)","%","2022","EU27_UK_21","EU (with UK until 2019)",99.740301000,""
"Malaria","Confirmed cases - Data quality","Completeness Gender - AER Only (not visible in Public Atlas)","%","2022","EUEEA30_21","EU/EEA (without UK)",99.743054000,""
"Malaria","Confirmed cases - Data quality","Completeness Gender - AER Only (not visible in Public Atlas)","%","2022","EUEEAUK_21","EU/EEA (with UK until 2019)",99.743054000,""
"Malaria","Confirmed cases - Data quality","Completeness Gender - AER Only (not visible in Public Atlas)","%","2022","FI","Finland",100.000000000,""
"Malaria","Confirmed cases - Data quality","Completeness Gender - AER Only (not visible in Public Atlas)","%","2022","FR","France",100.000000000,""
"Malaria","Confirmed cases - Data quality","Completeness Gender - AER Only (not visible in Public Atlas)","%","2022","HR","Croatia",100.000000000,""
"Malaria","Confirmed cases - Data quality","Completeness Gender - AER Only (not visible in Public Atlas)","%","2022","HU","Hungary",100.000000000,""
"Malaria","Confirmed cases - Data quality","Completeness Gender - AER Only (not visible in Public Atlas)","%","2022","IE","Ireland",100.000000000,""
"Malaria","Confirmed cases - Data quality","Completeness Gender - AER Only (not visible in Public Atlas)","%","2022","IS","Iceland",100.000000000,""
"Malaria","Confirmed cases - Data quality","Completeness Gender - AER Only (not visible in Public Atlas)","%","2022","IT","Italy",100.000000000,""
"Malaria","Confirmed cases - Data quality","Completeness Gender - AER Only (not visible in Public Atlas)","%","2022","LI","Liechtenstein",100.000000000,""
"Malaria","Confirmed cases - Data quality","Completeness Gender - AER Only (not visible in Public Atlas)","%","2022","LT","Lithuania",100.000000000,""
"Malaria","Confirmed cases - Data quality","Completeness Gender - AER Only (not visible in Public Atlas)","%","2022","LV","Latvia",-,""
"Malaria","Confirmed cases - Data quality","Completeness Gender - AER Only (not visible in Public Atlas)","%","2022","MT","Malta",100.000000000,""
"Malaria","Confirmed cases - Data quality","Completeness Gender - AER Only (not visible in Public Atlas)","%","2022","NL","Netherlands",100.000000000,""
"Malaria","Confirmed cases - Data quality","Completeness Gender - AER Only (not visible in Public Atlas)","%","2022","NO","Norway",100.000000000,""
"Malaria","Confirmed cases - Data quality","Completeness Gender - AER Only (not visible in Public Atlas)","%","2022","PL","Poland",100.000000000,""
"Malaria","Confirmed cases - Data quality","Completeness Gender - AER Only (not visible in Public Atlas)","%","2022","PT","Portugal",100.000000000,""
"Malaria","Confirmed cases - Data quality","Completeness Gender - AER Only (not visible in Public Atlas)","%","2022","RO","Romania",100.000000000,""
"Malaria","Confirmed cases - Data quality","Completeness Gender - AER Only (not visible in Public Atlas)","%","2022","SE","Sweden",100.000000000,""
"Malaria","Confirmed cases - Data quality","Completeness Gender - AER Only (not visible in Public Atlas)","%","2022","SI","Slovenia",100.000000000,""
"Malaria","Confirmed cases - Data quality","Completeness Gender - AER Only (not visible in Public Atlas)","%","2022","SK","Slovakia",100.000000000,""
"Malaria","Confirmed cases - Data quality","Completeness Gender - AER Only (not visible in Public Atlas)","%","2023","AT","Austria",100.000000000,""
"Malaria","Confirmed cases - Data quality","Completeness Gender - AER Only (not visible in Public Atlas)","%","2023","BE","Belgium",100.000000000,""
"Malaria","Confirmed cases - Data quality","Completeness Gender - AER Only (not visible in Public Atlas)","%","2023","BG","Bulgaria",100.000000000,""
"Malaria","Confirmed cases - Data quality","Completeness Gender - AER Only (not visible in Public Atlas)","%","2023","CY","Cyprus",100.000000000,""
"Malaria","Confirmed cases - Data quality","Completeness Gender - AER Only (not visible in Public Atlas)","%","2023","CZ","Czechia",100.000000000,""
"Malaria","Confirmed cases - Data quality","Completeness Gender - AER Only (not visible in Public Atlas)","%","2023","DE","Germany",98.789101910,""
"Malaria","Confirmed cases - Data quality","Completeness Gender - AER Only (not visible in Public Atlas)","%","2023","DK","Denmark",100.000000000,""
"Malaria","Confirmed cases - Data quality","Completeness Gender - AER Only (not visible in Public Atlas)","%","2023","EE","Estonia",100.000000000,""
"Malaria","Confirmed cases - Data quality","Completeness Gender - AER Only (not visible in Public Atlas)","%","2023","EL","Greece",100.000000000,""
"Malaria","Confirmed cases - Data quality","Completeness Gender - AER Only (not visible in Public Atlas)","%","2023","ES","Spain",99.626865670,""
"Malaria","Confirmed cases - Data quality","Completeness Gender - AER Only (not visible in Public Atlas)","%","2023","EU27_21","EU (without UK)",99.751655000,""
"Malaria","Confirmed cases - Data quality","Completeness Gender - AER Only (not visible in Public Atlas)","%","2023","EU27_UK_21","EU (with UK until 2019)",99.751655000,""
"Malaria","Confirmed cases - Data quality","Completeness Gender - AER Only (not visible in Public Atlas)","%","2023","EUEEA30_21","EU/EEA (without UK)",99.754131000,""
"Malaria","Confirmed cases - Data quality","Completeness Gender - AER Only (not visible in Public Atlas)","%","2023","EUEEAUK_21","EU/EEA (with UK until 2019)",99.754131000,""
"Malaria","Confirmed cases - Data quality","Completeness Gender - AER Only (not visible in Public Atlas)","%","2023","FI","Finland",100.000000000,""
"Malaria","Confirmed cases - Data quality","Completeness Gender - AER Only (not visible in Public Atlas)","%","2023","FR","France",100.000000000,""
"Malaria","Confirmed cases - Data quality","Completeness Gender - AER Only (not visible in Public Atlas)","%","2023","HR","Croatia",100.000000000,""
"Malaria","Confirmed cases - Data quality","Completeness Gender - AER Only (not visible in Public Atlas)","%","2023","HU","Hungary",100.000000000,""
"Malaria","Confirmed cases - Data quality","Completeness Gender - AER Only (not visible in Public Atlas)","%","2023","IE","Ireland",100.000000000,""
"Malaria","Confirmed cases - Data quality","Completeness Gender - AER Only (not visible in Public Atlas)","%","2023","IS","Iceland",100.000000000,""
"Malaria","Confirmed cases - Data quality","Completeness Gender - AER Only (not visible in Public Atlas)","%","2023","IT","Italy",99.624060150,""
"Malaria","Confirmed cases - Data quality","Completeness Gender - AER Only (not visible in Public Atlas)","%","2023","LI","Liechtenstein",-,""
"Malaria","Confirmed cases - Data quality","Completeness Gender - AER Only (not visible in Public Atlas)","%","2023","LT","Lithuania",100.000000000,""
"Malaria","Confirmed cases - Data quality","Completeness Gender - AER Only (not visible in Public Atlas)","%","2023","LU","Luxembourg",100.000000000,""
"Malaria","Confirmed cases - Data quality","Completeness Gender - AER Only (not visible in Public Atlas)","%","2023","LV","Latvia",100.000000000,""
"Malaria","Confirmed cases - Data quality","Completeness Gender - AER Only (not visible in Public Atlas)","%","2023","MT","Malta",100.000000000,""
"Malaria","Confirmed cases - Data quality","Completeness Gender - AER Only (not visible in Public Atlas)","%","2023","NL","Netherlands",100.000000000,""
"Malaria","Confirmed cases - Data quality","Completeness Gender - AER Only (not visible in Public Atlas)","%","2023","NO","Norway",100.000000000,""
"Malaria","Confirmed cases - Data quality","Completeness Gender - AER Only (not visible in Public Atlas)","%","2023","PL","Poland",100.000000000,""
"Malaria","Confirmed cases - Data quality","Completeness Gender - AER Only (not visible in Public Atlas)","%","2023","PT","Portugal",100.000000000,""
"Malaria","Confirmed cases - Data quality","Completeness Gender - AER Only (not visible in Public Atlas)","%","2023","RO","Romania",100.000000000,""
"Malaria","Confirmed cases - Data quality","Completeness Gender - AER Only (not visible in Public Atlas)","%","2023","SE","Sweden",100.000000000,""
"Malaria","Confirmed cases - Data quality","Completeness Gender - AER Only (not visible in Public Atlas)","%","2023","SI","Slovenia",100.000000000,""
"Malaria","Confirmed cases - Data quality","Completeness Gender - AER Only (not visible in Public Atlas)","%","2023","SK","Slovakia",100.000000000,""
"Malaria","Confirmed cases - Data quality","Completeness Gender - AER Only (not visible in Public Atlas)","%","2024","AT","Austria",100.000000000,""
"Malaria","Confirmed cases - Data quality","Completeness Gender - AER Only (not visible in Public Atlas)","%","2024","BE","Belgium",99.776785710,""
"Malaria","Confirmed cases - Data quality","Completeness Gender - AER Only (not visible in Public Atlas)","%","2024","BG","Bulgaria",100.000000000,""
"Malaria","Confirmed cases - Data quality","Completeness Gender - AER Only (not visible in Public Atlas)","%","2024","CY","Cyprus",100.000000000,""
"Malaria","Confirmed cases - Data quality","Completeness Gender - AER Only (not visible in Public Atlas)","%","2024","CZ","Czechia",100.000000000,""
"Malaria","Confirmed cases - Data quality","Completeness Gender - AER Only (not visible in Public Atlas)","%","2024","DE","Germany",99.892933610,""
"Malaria","Confirmed cases - Data quality","Completeness Gender - AER Only (not visible in Public Atlas)","%","2024","DK","Denmark",100.000000000,""
"Malaria","Confirmed cases - Data quality","Completeness Gender - AER Only (not visible in Public Atlas)","%","2024","EE","Estonia",100.000000000,""
"Malaria","Confirmed cases - Data quality","Completeness Gender - AER Only (not visible in Public Atlas)","%","2024","EL","Greece",100.000000000,""
"Malaria","Confirmed cases - Data quality","Completeness Gender - AER Only (not visible in Public Atlas)","%","2024","ES","Spain",99.867724860,""
"Malaria","Confirmed cases - Data quality","Completeness Gender - AER Only (not visible in Public Atlas)","%","2024","EU27_21","EU (without UK)",99.943406000,""
"Malaria","Confirmed cases - Data quality","Completeness Gender - AER Only (not visible in Public Atlas)","%","2024","EU27_UK_21","EU (with UK until 2019)",99.943406000,""
"Malaria","Confirmed cases - Data quality","Completeness Gender - AER Only (not visible in Public Atlas)","%","2024","EUEEA30_21","EU/EEA (without UK)",99.944008000,""
"Malaria","Confirmed cases - Data quality","Completeness Gender - AER Only (not visible in Public Atlas)","%","2024","EUEEAUK_21","EU/EEA (with UK until 2019)",99.944008000,""
"Malaria","Confirmed cases - Data quality","Completeness Gender - AER Only (not visible in Public Atlas)","%","2024","FI","Finland",100.000000000,""
"Malaria","Confirmed cases - Data quality","Completeness Gender - AER Only (not visible in Public Atlas)","%","2024","FR","France",100.000000000,""
"Malaria","Confirmed cases - Data quality","Completeness Gender - AER Only (not visible in Public Atlas)","%","2024","HR","Croatia",100.000000000,""
"Malaria","Confirmed cases - Data quality","Completeness Gender - AER Only (not visible in Public Atlas)","%","2024","HU","Hungary",100.000000000,""
"Malaria","Confirmed cases - Data quality","Completeness Gender - AER Only (not visible in Public Atlas)","%","2024","IE","Ireland",100.000000000,""
"Malaria","Confirmed cases - Data quality","Completeness Gender - AER Only (not visible in Public Atlas)","%","2024","IS","Iceland",100.000000000,""
"Malaria","Confirmed cases - Data quality","Completeness Gender - AER Only (not visible in Public Atlas)","%","2024","IT","Italy",99.887640440,""
"Malaria","Confirmed cases - Data quality","Completeness Gender - AER Only (not visible in Public Atlas)","%","2024","LI","Liechtenstein",100.000000000,""
"Malaria","Confirmed cases - Data quality","Completeness Gender - AER Only (not visible in Public Atlas)","%","2024","LT","Lithuania",100.000000000,""
"Malaria","Confirmed cases - Data quality","Completeness Gender - AER Only (not visible in Public Atlas)","%","2024","LU","Luxembourg",100.000000000,""
"Malaria","Confirmed cases - Data quality","Completeness Gender - AER Only (not visible in Public Atlas)","%","2024","MT","Malta",100.000000000,""
"Malaria","Confirmed cases - Data quality","Completeness Gender - AER Only (not visible in Public Atlas)","%","2024","NL","Netherlands",100.000000000,""
"Malaria","Confirmed cases - Data quality","Completeness Gender - AER Only (not visible in Public Atlas)","%","2024","NO","Norway",100.000000000,""
"Malaria","Confirmed cases - Data quality","Completeness Gender - AER Only (not visible in Public Atlas)","%","2024","PL","Poland",100.000000000,""
"Malaria","Confirmed cases - Data quality","Completeness Gender - AER Only (not visible in Public Atlas)","%","2024","PT","Portugal",100.000000000,""
"Malaria","Confirmed cases - Data quality","Completeness Gender - AER Only (not visible in Public Atlas)","%","2024","RO","Romania",100.000000000,""
"Malaria","Confirmed cases - Data quality","Completeness Gender - AER Only (not visible in Public Atlas)","%","2024","SE","Sweden",100.000000000,""
"Malaria","Confirmed cases - Data quality","Completeness Gender - AER Only (not visible in Public Atlas)","%","2024","SI","Slovenia",100.000000000,""
"Malaria","Confirmed cases - Data quality","Completeness Gender - AER Only (not visible in Public Atlas)","%","2024","SK","Slovakia",100.000000000,""
